-- phpMyAdmin SQL Dump
-- version 4.6.6deb4
-- https://www.phpmyadmin.net/
--
-- Client :  localhost:3306
-- Généré le :  Jeu 23 Avril 2020 à 10:18
-- Version du serveur :  10.1.38-MariaDB-0+deb9u1
-- Version de PHP :  7.3.3-1+0~20190307202245.32+stretch~1.gbp32ebb2

SET SQL_MODE = "NO_AUTO_VALUE_ON_ZERO";
SET time_zone = "+00:00";


/*!40101 SET @OLD_CHARACTER_SET_CLIENT=@@CHARACTER_SET_CLIENT */;
/*!40101 SET @OLD_CHARACTER_SET_RESULTS=@@CHARACTER_SET_RESULTS */;
/*!40101 SET @OLD_COLLATION_CONNECTION=@@COLLATION_CONNECTION */;
/*!40101 SET NAMES utf8mb4 */;

--
-- Base de données :  `sdis`
--
CREATE DATABASE IF NOT EXISTS `sdis` DEFAULT CHARACTER SET utf8mb4 COLLATE utf8mb4_general_ci;
USE `sdis`;

DELIMITER $$
--
-- Procédures
--
CREATE DEFINER=`sdis`@`%` PROCEDURE `PROC_CHANGE_PASS` (IN `email` VARCHAR(50), IN `pass` VARCHAR(24))  MODIFIES SQL DATA
    COMMENT 'Change le mot de passe d''un utilisateur'
BEGIN
	UPDATE users SET mdp_user = SHA2(pass, 256) WHERE users.id_pompier = (SELECT pompier.id_pompier FROM pompier WHERE pompier.mail_pompier LIKE email);

END$$

CREATE DEFINER=`sdis`@`%` PROCEDURE `PROC_DELETE_CASERNE` (IN `caserne_id` INT, IN `caserne_nom` VARCHAR(20))  MODIFIES SQL DATA
    COMMENT 'Supprime une caserne de la table caserne'
BEGIN

	DELETE FROM caserne WHERE nom_caserne LIKE caserne_nom OR id_caserne = caserne_id;

END$$

CREATE DEFINER=`sdis`@`%` PROCEDURE `PROC_INSERT_CASERNE` (IN `caserne_nom` VARCHAR(20), IN `caserne_tel` VARCHAR(10), IN `caserne_adr` VARCHAR(200), IN `caserne_ville` VARCHAR(50), IN `caserne_type` VARCHAR(5))  MODIFIES SQL DATA
    COMMENT 'Ajoute une caserne dans la table caserne'
BEGIN

	INSERT INTO caserne(nom_caserne, tel_caserne, ad_caserne, ville_caserne, type_caserne) VALUES(caserne_nom, caserne_tel, caserne_adr, caserne_ville, (SELECT code_type_caserne FROM typecaserne WHERE code_type_caserne LIKE caserne_type));

END$$

CREATE DEFINER=`sdis`@`%` PROCEDURE `PROC_LOGIN` (IN `mail` VARCHAR(255), IN `pass` VARCHAR(255))  NO SQL
SELECT COUNT(*)
FROM pompier, users
WHERE pompier.id_pompier = users.id_pompier
AND pompier.mail_pompier = mail
AND SHA2(pass, 256) = users.mdp_user$$

CREATE DEFINER=`sdis`@`%` PROCEDURE `PROC_SELECT_COORD_CASERNE` (IN `id` INT, IN `nom` VARCHAR(20))  NO SQL
    COMMENT 'Récupère les coordonnées d''une caserne et de ses pompiers'
BEGIN

	SELECT * FROM caserne WHERE id_caserne=id OR nom_caserne LIKE CONCAT('%',nom,'%') LIMIT 1;
    
    SELECT * FROM pompier JOIN volontaire ON id_volontaire = id_pompier WHERE caserne_id = id OR caserne_id = (SELECT id_caserne FROM caserne WHERE nom_caserne LIKE CONCAT('%',nom,'%') LIMIT 1);
    
    SELECT * FROM pompier JOIN jsp ON id_jsp = id_pompier WHERE caserne_id = id OR caserne_id = (SELECT id_caserne FROM caserne WHERE nom_caserne LIKE CONCAT('%',nom,'%') LIMIT 1);
    
    SELECT * FROM pompier JOIN professionnel ON id_prof = id_pompier WHERE caserne_id = id OR caserne_id = (SELECT id_caserne FROM caserne WHERE nom_caserne LIKE CONCAT('%',nom,'%') LIMIT 1);
    
END$$

CREATE DEFINER=`sdis`@`%` PROCEDURE `PROC_UPDATE_CASERNE` (IN `caserne_id` INT, IN `caserne_nom` VARCHAR(20), IN `caserne_tel` VARCHAR(10), IN `caserne_adr` VARCHAR(200), IN `caserne_ville` VARCHAR(50), IN `caserne_type` VARCHAR(5))  MODIFIES SQL DATA
    COMMENT 'Modifie les informations d''une caserne'
BEGIN
    
    IF (caserne_nom != '') THEN
    	UPDATE caserne SET nom_caserne = caserne_nom WHERE id_caserne = caserne_id;
    END IF;
    
    IF (caserne_tel != '') THEN
    	UPDATE caserne SET tel_caserne = caserne_tel WHERE id_caserne = caserne_id;
    END IF;
    
    IF (caserne_adr != '') THEN
    	UPDATE caserne SET ad_caserne = caserne_adr WHERE id_caserne = caserne_id;
    END IF;
    
    IF (caserne_ville != '') THEN
    	UPDATE caserne SET ville_caserne = caserne_ville WHERE id_caserne = caserne_id;
    END IF;
    
    IF (caserne_type != '') THEN
    	UPDATE caserne SET type_caserne = (SELECT code_type_caserne FROM typecaserne WHERE code_type_caserne LIKE caserne_type) WHERE id_caserne = caserne_id;
    END IF;
END$$

DELIMITER ;

-- --------------------------------------------------------

--
-- Structure de la table `avoir_grade_prof`
--

CREATE TABLE `avoir_grade_prof` (
  `prof_id` int(11) NOT NULL,
  `grade_code` varchar(6) NOT NULL,
  `date_obtention` date NOT NULL
) ENGINE=InnoDB DEFAULT CHARSET=utf8;

--
-- Contenu de la table `avoir_grade_prof`
--

INSERT INTO `avoir_grade_prof` (`prof_id`, `grade_code`, `date_obtention`) VALUES
(1, 'PCAPIT', '1988-04-20'),
(2, 'PCAPCH', '2014-06-02'),
(3, 'PCAPCH', '2002-11-03'),
(5, 'PCAPIT', '2002-11-20'),
(7, 'PLIHCL', '2011-03-24'),
(8, 'PSRGEN', '1993-05-21'),
(10, 'PSAPPR', '2013-07-31'),
(11, 'PSRGEN', '2013-12-09'),
(13, 'PCAPCH', '1998-08-14'),
(21, 'PSRGCH', '2008-07-10'),
(23, 'PCAPCH', '2009-02-23'),
(24, 'PSRGEN', '2002-02-12'),
(38, 'PLIHCL', '2011-02-27'),
(42, 'PSRGEN', '2008-03-17'),
(43, 'PCAPCH', '2004-12-07'),
(44, 'PCAPIT', '1998-04-13'),
(50, 'PCAPIT', '1998-10-21'),
(51, 'PSRGEN', '2009-03-29'),
(53, 'PCOLON', '2008-04-15'),
(55, 'PCOLON', '2014-07-24');

-- --------------------------------------------------------

--
-- Structure de la table `avoir_grade_volontaire`
--

CREATE TABLE `avoir_grade_volontaire` (
  `volontaire_id` int(11) NOT NULL,
  `grade_code` varchar(6) NOT NULL,
  `date_obtention` date NOT NULL
) ENGINE=InnoDB DEFAULT CHARSET=utf8;

--
-- Contenu de la table `avoir_grade_volontaire`
--

INSERT INTO `avoir_grade_volontaire` (`volontaire_id`, `grade_code`, `date_obtention`) VALUES
(4, 'VADJCH', '1991-05-30'),
(6, 'VADJCH', '2006-07-03'),
(9, 'VCOLON', '2014-07-15'),
(12, 'VCAPIT', '2005-11-29'),
(16, 'VSRGEN', '2000-06-02'),
(20, 'VLITIT', '2000-12-04'),
(22, 'VCAPIT', '2003-05-05'),
(27, 'VCOLON', '2005-08-29'),
(33, 'VSAPPR', '1997-06-08'),
(41, 'VSAPPR', '1998-08-02'),
(57, 'VADJCH', '1987-11-04'),
(71, 'VLICOL', '2006-10-23'),
(150, 'VSRGEN', '2002-11-05'),
(151, 'VADJCH', '1996-07-25'),
(152, 'VCAPIT', '1997-10-09'),
(153, 'VCAPIT', '2009-05-07'),
(154, 'VCOMMD', '2013-01-08'),
(155, 'VCOMMD', '2014-02-01'),
(156, 'VADJCH', '2015-03-10'),
(157, 'VADJCH', '2003-10-24'),
(158, 'VCAPOR', '2015-02-28'),
(159, 'VLITIT', '2011-12-14'),
(160, 'VSRGEN', '2010-04-05'),
(161, 'VADJCH', '2014-03-03'),
(162, 'VSRGEN', '2008-12-23'),
(163, 'VADJCH', '2013-06-08'),
(164, 'VCAPIT', '2005-09-24'),
(165, 'VSRGEN', '2001-03-23'),
(166, 'VLIEUT', '2021-01-16'),
(167, 'VLITIT', '2010-12-11'),
(168, 'VADJCH', '2010-06-15'),
(169, 'VMAJOR', '1997-09-02'),
(170, 'VLICOL', '1999-05-25'),
(171, 'VMAJOR', '2011-01-04'),
(172, 'VLICOL', '2005-06-24'),
(173, 'VCAPIT', '1992-10-10'),
(174, 'VADJCH', '2005-07-23'),
(175, 'VLIEUT', '2020-08-25'),
(176, 'VLIEUT', '2008-11-07'),
(177, 'VCOMMD', '2012-09-30'),
(178, 'VLICOL', '2009-04-04'),
(179, 'VSRGEN', '2007-06-04'),
(180, 'VLITIT', '2016-09-02'),
(181, 'VMAJOR', '2003-03-09'),
(182, 'VCAPOR', '2020-06-10'),
(183, 'VLIEUT', '2014-05-16'),
(184, 'VSAPPR', '2009-06-15'),
(185, 'VSRGEN', '2007-08-30'),
(186, 'VMAJOR', '2012-04-26'),
(187, 'VADJCH', '1995-07-21'),
(188, 'VMAJOR', '2000-05-31'),
(189, 'VADJCH', '2000-06-07'),
(190, 'VCAPOR', '2009-04-30'),
(191, 'VSAPPR', '2015-12-17'),
(192, 'VLIEUT', '2010-04-12'),
(193, 'VMAJOR', '2002-04-23'),
(194, 'VADJCH', '2004-08-28'),
(195, 'VCOLON', '1995-12-08'),
(196, 'VADJCH', '1998-08-22'),
(197, 'VCAPOR', '2015-02-24'),
(198, 'VMAJOR', '2014-03-11'),
(199, 'VLITIT', '1987-10-25'),
(200, 'VLICOL', '2014-06-22'),
(201, 'VLICOL', '1992-09-29'),
(202, 'VCAPIT', '2013-07-18'),
(203, 'VADJCH', '2011-11-18'),
(204, 'VSRGEN', '2010-08-29'),
(205, 'VLICOL', '2008-01-02');

-- --------------------------------------------------------

--
-- Structure de la table `caserne`
--

CREATE TABLE `caserne` (
  `id_caserne` int(11) NOT NULL,
  `nom_caserne` varchar(20) NOT NULL,
  `tel_caserne` varchar(10) NOT NULL,
  `ad_caserne` varchar(200) NOT NULL,
  `ville_caserne` varchar(50) NOT NULL,
  `type_caserne` varchar(5) NOT NULL
) ENGINE=InnoDB DEFAULT CHARSET=utf8;

--
-- Contenu de la table `caserne`
--

INSERT INTO `caserne` (`id_caserne`, `nom_caserne`, `tel_caserne`, `ad_caserne`, `ville_caserne`, `type_caserne`) VALUES
(139, 'CS LE GRAND PRESSIGN', '0247949529', '1 rue de la Butte', '37350 LE GRAND PRESSIGNY', 'CS'),
(140, 'CSP TOURS CENTRE', '0234374301', '28 bd Richard Wagner', '37000 TOURS', 'CSP'),
(141, 'CSP LOCHES', '0247590630', '41 rue de l\'Amiral de Pointis', '37600 LOCHES', 'CSP'),
(142, 'CS DESCARTES', '0247597229', ' Rond-Point de la Négoce', '37160 DESCARTES', 'CS'),
(143, 'CS LIGUEIL', '0247596349', '2 avenue Léon Bion', ' 37240 LIGUEIL', 'CS'),
(144, 'CS MANTHELAN', '0247928930', 'Route de Bléré', '37240 MANTHELAN', 'CS'),
(145, 'CS MONTRESOR VILLELO', '0247927727', '14 rue du 8 mai', '37460 MONTRESOR', 'CS'),
(146, 'CS ORBIGNY', '0247943287', 'Rue Baptiste Marcel', '37460 ORBIGNY', 'CS'),
(147, 'CS PREUILLY SUR CLAI', '0247945078', 'Rue des Oiseaux', '37290 PREUILLY-sur-CLAISE', 'CS'),
(148, 'CS SAINT FLOVIER', '0247948523', '15 rue Sainte-Barbe', '37600 St FLOVIER', 'CS'),
(149, 'CS LA VALLEE VERTE', '0247285987', '13 allée de la Tour Carrée', '37320 TRUYES', 'CS'),
(150, 'CS YZEURES sur CREUS', '0247946947', 'Rue des Amandiers', '37290 YZEURES sur CREUSE', 'CS'),
(151, 'CPI ABILLY', '0247929298', 'avenue Termelles', '37160 ABILLY', 'CPI'),
(152, 'CPI BETZ LE CHATEAU', '0247599241', 'Route Départementale 100', '37600 BETZ le CHATEAU', 'CPI'),
(153, 'CPI LA CELLE SAINT A', '0247650042', 'Route de Bayonne', '37160 LA CELLE-SAINT-AVANT', 'CPI'),
(154, 'CPI CHAMBOURG SUR IN', '0247947926', '7 rue Jacques-Marie Rougé', '37310 CHAMBOURG-sur-INDRE', 'CPI'),
(155, 'CPI GENILLE', '0247595395', '3 rue Imbert', '37460 GENILLE', 'CPI'),
(156, 'CPI LOCHE SUR INDROI', '0247926337', '4 rue des Platanes', '37460 LOCHE-sur-INDROIS', 'CPI'),
(157, 'CPI LOUANS', '0247928556', '7 rue des Prés', '37320 LOUANS', 'CPI'),
(158, 'CPI NOUANS LES FONTA', '0247926621', 'Rue Talleyrand', '37460 NOUANS-les-FONTAINES', 'CPI'),
(159, 'CPI REIGNAC SUR INDR', '0247941423', 'Zone Industrielle La Gare', '37310 REIGNAC-sur-INDRE', 'CPI'),
(160, 'CPI SAINT BRANCHS', '0247263307', 'avenue des Marronniers', '37320 Saint-Branchs', 'CPI'),
(161, 'CPI SEPMES', '0247655775', 'Place de l\'Eglise', '37800 SEPMES', 'CPI'),
(162, 'CPI TAUXIGNY', '0247921751', 'Rue Pont Long', '37310 TAUXIGNY', 'CPI'),
(163, 'CSP NORD AGGLO', '0247851041', '90 avenue de l\'Europe 37100 TOURS', '37100 TOURS', 'CSP'),
(164, 'CSP AMBOISE', '0247496841', '289 rue André Huard ZI La Boitardière', '37400 AMBOISE', 'CSP'),
(165, 'CS CASTELRENAUDAIS', '0247295149', '1 rue de Bretagne', '37110 CHATEAU-RENAULT', 'CS'),
(166, 'CS VAL DU CHER', '0247308130', 'Route de Loches', '37150 BLERE', 'CS'),
(167, 'CS CHATEAU la VALLIE', '0247241487', 'Rue Jean d\'Alluyes', '37330 CHATEAU la VALLIERE', 'CS'),
(168, 'CS NEUILLE-PONT-PIER', '0247496444', 'Les Nongrenières Route Départementale 766', '37360 NEUILLE-PONT-PIERRE', 'CS'),
(169, 'CS SAINT PATERNE RAC', '0247292244', 'Rue Honoré de Balzac', '37370 SAINT- PATERNE-RACAN', 'CS'),
(170, 'CS LE LATHAN', '0247249551', '10 avenue de la Bouderie', '37340 SAVIGNE sur LATHAN', 'CS'),
(171, 'CS MONNAIE', '0247564000', 'place Charles de Gaulle', '37380 MONNAIE', 'CS'),
(172, 'CS MONTLOUIS-SUR-LOI', '0247509498', 'Rue République', '37270 MONTLOUIS-SUR-LOIRE', 'CS'),
(173, 'CS OUEST AGGLO', '0247555784', 'rue des Doguins \"la Borde\"', '37230 LUYNES', 'CS'),
(174, 'CS SAINT PIERRE DES ', '0247448052', '186 rue Honoré de Balzac', '37700 SAINT PIERRE DES CORPS', 'CS'),
(175, 'CS VOUVRAY', '0247527850', '35 rue des Ecoles', '37210 VOUVRAY', 'CS'),
(176, 'CS NEUVY-LE-ROI', '0247248556', '5 rue des Prés D5', '37370 NEUVY-LE-ROI', 'CS'),
(177, 'CPI AZAY SUR CHER', '0247504626', '6 rue du Bourg Neuf', '37270 AZAY-SUR-CHER', 'CPI'),
(178, 'CPI MONTHODON', '0247296284', 'Rue Saint-Michel', '37110 MONTHODON', 'CPI'),
(179, 'CPI NOIZAY- CHANCAY', '0247521878', 'Rue de la Gare Lieu-dit la Prairie', '37210 NOIZAY- CHANCAY', 'CPI'),
(180, 'CPI SAINT-LAURENT-EN', '0247295764', 'Pièce du Vivier', '37380 SAINT-LAURENT-EN-GATINES', 'CPI'),
(181, 'CPI SAINT-NICOLAS-DE', '0247560280', '16 rue de Touraine', '37110 SAINT-NICOLAS-DES-MOTETS', 'CPI'),
(182, 'CPI CERE-LA-RONDE', '0247943250', 'Rue Vieille Chaussée', '37460 CERE-LA-RONDE', 'CPI'),
(183, 'CPI VAL DE BRENNE', '0247522496', '8 rue Courteline', '37380 REUGNY', 'CPI'),
(184, 'CPI BEAUMONT-LA-RONC', '0247248578', 'La Tuilerie', '37360 BEAUMONT-LA-RONCE', 'CPI'),
(185, 'CPI VAL DE DEME', '0247450749', 'Place de l\'Eglise', '37370 CHEMILLE-SUR-DEME', 'CPI'),
(186, 'CPI PERNAY', '0247524209', 'Les Prés Chevaliers', '37230 PERNAY', 'CPI'),
(187, 'CPI SONZAY', '0247247239', '37 avenue du 14 juillet', '37360 SONZAY', 'CPI'),
(188, 'CSP CHINON', '0247814581', 'Repos Saint-Martin', '37500 CHINON', 'CSP'),
(189, 'CSP SUD AGGLO', '0247496831', 'Le Petit Mareuil', '37300 JOUE-LES-TOURS', 'CSP'),
(190, 'CS LE RICHELAIS', '0247581763', 'avenue Elie Montier', '37120 CHAMPIGNY-SUR-VEUDE', 'CS'),
(191, 'CS LE VERON', '0247588710', 'Route de Bourgueil', '37420 AVOINE', 'CS'),
(192, 'CS LE RIDELLOIS', '0247454018', 'avenue Adélaïde Riche', '37190 AZAY-LE-RIDEAU', 'CS'),
(193, 'CS BOURGUEIL', '0247978218', '8 rue Picard', '37140 BOURGUEIL', 'CS'),
(194, 'CS LE BOUCHARDAIS', '0247585041', 'Route d\'Issoudun RD 760', '37220 TAVANT', 'CS'),
(195, 'CS SAINTE MAURE DE T', '0247654166', '1 rue Anatole France', '37800 SAINTE-MAURE-DE-TOURAINE', 'CS'),
(196, 'CS CHOUZE SUR LOIRE', '0247951213', '23 rue de la Perruche', '37140 CHOUZE-SUR-LOIRE', 'CS'),
(197, 'CS VAL DE L\'INDRE', '0247260477', 'La Grange Barbier', '37250 MONTBAZON', 'CS'),
(198, 'CS LES PINS', '0247249480', 'Rue Principale', '37340 CLERE-LES-PINS', 'CS'),
(199, 'CS VAL DU LYS', '0247730808', '11 rue Artannes', '37260 MONTS', 'CS'),
(200, 'CS LANGEAIS', '0247966176', 'RD 2152 Les Nouzillières', '37130 LANGEAIS', 'CS'),
(201, 'CPI LE BEC DU CHER', '0247501976', 'Place de la Mairie', '37510 SAVONNIERES', 'CPI'),
(202, 'CPI LES LANDES', '0247960496', '1 rue Pelouses', '37340 CONTINVOIR', 'CPI'),
(203, 'CPI HUISMES', '0247954291', 'Route des Pérées', '37420 HUISMES', 'CPI'),
(204, 'CPI LE LANE', '0247974631', '12 rue des Chevaliers', '37140 RESTIGNE', 'CPI'),
(205, 'CPI SAINTE CATHERINE', '0247656257', '5 rue Godefroy', '37800 SAINTE-CATHERINE-DE-FIERBOIS', 'CPI'),
(206, 'CPI SAINT EPAIN', '0247658060', 'Rue Deneux', '37800 SAINT-EPAIN', 'CPI'),
(207, 'CPI LE BALZAC', '0247657395', 'Les Prés de l\'Etang', '37260 THILOUZE', 'CPI');

-- --------------------------------------------------------

--
-- Structure de la table `employeur`
--

CREATE TABLE `employeur` (
  `id_employeur` int(11) NOT NULL,
  `nom_employeur` varchar(50) NOT NULL,
  `adr_employeur` varchar(100) NOT NULL,
  `tel_employeur` varchar(10) NOT NULL,
  `siret_employeur` varchar(14) NOT NULL
) ENGINE=InnoDB DEFAULT CHARSET=utf8;

--
-- Contenu de la table `employeur`
--

INSERT INTO `employeur` (`id_employeur`, `nom_employeur`, `adr_employeur`, `tel_employeur`, `siret_employeur`) VALUES
(75, 'La Poste Joué les Tours', '52 rue de la Joconde 37300 Joué les Tours', '0247730598', '21363521547895'),
(76, 'La poste Tours Centre', '10 bv Jean Jaurès 37000 Tours', '0247589645', '36598542587984'),
(77, 'FranceTélécom Grammond', '26 av de  Grammond 37000 Tours', '0247986547', '23625487541523'),
(78, 'Centre des Impôts Tours', '45 rue Roger Salengro 37000 Tours', '0247478547', '36521458967458'),
(79, 'EDF_Grammont', '12 av Grammont 37000 Tours', '0247020202', '20365214523698'),
(80, 'EDF_Tours', '2 av Eugène Gouin 37200 TOURS', '0247606060', '30265965412587'),
(81, 'Mairie Bourgueil', '8 r Picard 37140 Bourgueil', '0247458457', '98569521302154'),
(82, 'Mairie Amboise', '60 r Concorde 37400 Amboise', '0247887799', '85695478952136'),
(83, 'Chambre des métiers', '11 r Rolland Pilain 37500 Chinon', '0247556644', '20351263214787'),
(84, 'Adoma', '10 r Chemin Vert 37300 JOUE LES TOURS', '0247554488', '10245210254789'),
(85, 'Jeunesse et Habitat', '16 r Bernard Palissy 37000 Tours', '0247151515', '20102102541478'),
(86, 'Atelier de Voirie_Cinais', 'La Bourdillère 37500 CINAIS', '0247998877', '96523025487458'),
(87, 'Cantine Scolaire_Vallière', 'Le Bourg 37330 CHATEAU LA VALLIERE', '0247556688', '21502365478954'),
(88, 'CCAS_Joué', '18 r Joseph Cugnot 37300 JOUE LES TOURS', '0247626262', '12542023256325'),
(89, 'Prefecture Indre et loire', '15 r Bernard Palissy 37000 Tours', '0247606060', '96584758562314'),
(90, 'Sous prefecture_Chinon', '1 r Philippe de Commines 37500 Chinon', '0247989898', '20325120203569'),
(91, 'Menuiserie 2000', 'zone artisanale Prieuré 37530 Pocé sur Cisse', '0247733025', '50236214521236'),
(92, 'La maison des travaux', '2 r du Plat d\'Etain 37000 Tours', '0247568749', '90521423908457'),
(93, 'Garage Isodore', '13 r Commerce 37000 Tours', '0247569847', '80452190478512'),
(94, 'Boulangerie aux petits pains', '36 bd Heurteloup 37000 Tours', '0247201564', '80621457891235'),
(95, 'Menuiserie du coin', '1 r Horizon Vert 37176 Chambray lès Tours', '0247121312', '60523501478596'),
(96, 'Lycée Pierre Perret', '4 all Spirées 37700 SAINT PIERRE DES CORPS', '0247505051', '48052147596321'),
(97, 'RMA', '1 rte Deux Lions 37200 Tours', '0247505050', '90650474582315'),
(98, 'SoucisEnMoins', '8 r des Granges Galand 37550 Saint-Avertin', '0247104545', '70705236214587'),
(99, 'Galerie Atelier 25', '25 r Jean Jacques Rousseau 37500 Chinon', '0247959562', '55620302145874'),
(100, 'Galerie Béranger', '30 bd Béranger 37000 TOURS', '0247665898', '65662032015425'),
(101, 'Le tunnel', '11 r Vieille 37270 VERETZ', '0247887799', '80025469874536'),
(102, 'Ductile', '24 chemin  de la Vallée de Nouy 37000 Tours', '0247805628', '27877226264857'),
(103, 'Auto Ecole du Lycée', '24 bvd du Port Guyet 37260 Monts', '0247251144', '50303147242497'),
(104, 'Les écuries de la Vitry', '61 route des Caves 37400 Amboise', '0247068030', '69233914582861'),
(105, 'Sauvage david', '56 impasse Du Docteur Lebled 37510 BallanMiré', '0247792744', '63168575619973'),
(106, 'les parc de la martinière', '76 impasse de la Petite Mairie 37150 Bléré', '0247939180', '56641761486961'),
(107, 'Speedy', '35 bvd Villeret 37170 Chambray lès Tours', '0247330666', '97536337548521'),
(108, 'Merand Plomberie', '34 allée Léopold Sedard Senghor 37500 Chinon', '0247535339', '46185581175219'),
(109, 'Bonsens ', '64 impasse deLoches 37300 Joué lès Tours', '0247659019', '33643136387785'),
(110, 'Chauvin coiffure', '57 impasse Louis Pasteur 37420 Huismes', '0247298834', '23128414764886'),
(111, 'Belle de mai', '70 route de l\'Hotel de ville 37700 La Ville aux Dames', '0247286232', '13199168695391'),
(112, 'Pénélope esprit d\'atelier', '38 route Blaise Pascal 37520 La Riche', '0247395235', '64819142999949'),
(113, 'Touraine toiture', '25 bvd Cangé 37600 Loches', '0247465873', '31793344995725'),
(114, 'Cornet bruno couverture', '26 impasse de Cormery 37270 Montlouis sur Loire', '0247123335', '52292146156299'),
(115, 'Fleurenplumes', '27 bvd du Petit Bois 37250 MontBazon', '0247090116', '24288843574475'),
(116, 'Vert et Blanc', '50 chemin de Clocheville 37000 Tours', '0247435466', '93546832379916'),
(117, 'Bonnetat Joachim dentiste', '41 rue du Cygne 37400 Amboise', '0247974964', '98354697838338'),
(118, 'Max & Charlotte', '6 route Bernard Palissy 37150 Bléré', '0247285786', '27565738786972'),
(119, 'Ditri chauffe', '48 rue Saint Denis 37170 Chambray lès Tours', '0247963073', '50778453335768'),
(120, 'Lacourt', '96 allée De la Tonnelle 37300 Joué lès Tours', '0247310334', '42328863416651'),
(121, 'Syntonis', '43 impasse Montsoreau 37000 Tours', '0247887980', '50408313645238'),
(122, 'Sdpi dépannage', '34 chemin JacquesPoirrier 37150 Bléré', '0247840705', '40877891274385'),
(123, 'Cochin Frères', '85 rue Roger Salengro 37170 Chambray lès Tours', '0247271478', '78629257834758'),
(124, 'Delvignelec', '45 chemin Gambetta 37000 Tours', '0247807868', '76185939524625'),
(125, 'Fréval fromagerie', '35 chemin Joulins 37000 Tours', '0247386924', '80232482285544'),
(126, 'SOA débouchage', '5 rue de Richelieu 37700 La Ville aux Dames', '0247930315', '67545837211629'),
(127, 'Forme & beauté', '38 route René Laennec 37520 La Riche', '0247418359', '92829966676272'),
(128, 'NNG Solutions informatiques', '35 chemin Bourg du Fau 37600 Loches', '0247272008', '90294144731766'),
(129, 'Itelec', '23 bvd Maurice Buchor 37270 Montlouis sur Loire', '0247134864', '62497893746783'),
(130, 'SL diffusion', '80 allée Pont Volant 37000 Tours', '0247020982', '96275134847354'),
(131, 'abs informatique', '3 impasse de laScellerie 37000 Tours', '0247882656', '56814274269544'),
(132, 'Ordimarket', '81 impasse Marcel Tribut 37000 Tours', '0247683242', '27127295421347'),
(133, 'Centre lavage_Tours', '54 impasse Yves Farge 37000 Tours', '0247927596', '34734969912678'),
(134, 'Maginot Lavage', '10 impasse Grands Champs 37260 Monts', '0247844532', '74816548579157'),
(135, 'Cap vert paysage', '61 chemin Cange 37400 Amboise', '0247348875', '79859251215218'),
(136, 'Mestivier', '88 route La Tour 37510 BallanMiré', '0247932081', '50382788843983'),
(137, 'Cecrop François', '69 chemin Belles Maisons 37150 Bléré', '0247702022', '92937981388844'),
(138, 'Barrotin Olivier', '23 allée Villandry 37170 Chambray lès Tours', '0247739042', '39705883152286'),
(139, 'AM Decor', '77 route la Tréchandière 37500 Chinon', '0247334892', '36676669541763'),
(140, 'Les compagnons', '60 chemin du Château d\'eau 37300 Joué lès Tours', '0247184194', '64926924675356'),
(141, 'Menuiserie Beauvais', '71 route de Chinon 37420 Huismes', '0247465469', '60224248647779'),
(142, 'Adgard Opticien', '98 rue du Ruisseau 37700 La Ville aux Dames', '0247813121', '30114854522628'),
(143, 'Vision store_La riche', '79 rue Villeneuve 37520 La Riche', '0247497320', '47324152687193'),
(144, 'Panoptess', '77 bvd du Haut Belay 37600 Loches', '0247270725', '95185195661969'),
(145, 'Val de Loir paysage', '76 allée Aristide Briand 37270 Montlouis sur Loire', '0247301724', '66606786683639'),
(146, 'Giraud paysagiste', '8 bvd du Plat d\'Etain 37250 MontBazon', '0247989396', '28971747375184'),
(147, 'Azur Décor', '88 rue Sabine de la Panouse 37000 Tours', '0247469660', '96106219138956'),
(148, 'Allo peinture', '75 impasse Fresne 37400 Amboise', '0247020926', '87806861666345'),
(149, 'Roc Eclerc_Bléré', '98 impasse Fontenay 37150 Bléré', '0247230605', '13863941518344'),
(150, 'Melits Métallerie', '84 impasse des Mesanges 37170 Chambray lès Tours', '0247930814', '29564591428873'),
(151, 'Portails Larrivière', '81 allée Gérard Phillipe 37300 Joué lès Tours', '0247703323', '68167963255911'),
(152, 'Genty ', '26 bvd André Anguille 37000 Tours', '0247038963', '61983114635573'),
(153, 'Tulipalo', '71 route Joseph Bara 37150 Bléré', '0247815913', '25662926989293'),
(154, 'Best Ramonage', '81 impasse Aubrière 37170 Chambray lès Tours', '0247216147', '95781355329166'),
(155, 'Chroneau', '80 bvd Jean Jaurès 37000 Tours', '0247647053', '99924758271237'),
(156, 'Touraine Agrégats', '15 route des Ateliers 37000 Tours', '0247204636', '31255762727164'),
(157, 'Chabaut entreprises', '14 impasse des Deux Lions 37700 La Ville aux Dames', '0247653489', '92208946851755'),
(158, 'Bonsens ', '66 route Chanteloup 37520 La Riche', '0247310035', '13929526223331'),
(159, 'Chottin Jcs', '28 allée de laMilletière 37600 Loches', '0247343308', '38665767463375'),
(160, 'Allo Véranda', '16 route des Astronautes 37270 Montlouis sur Loire', '0247792042', '76546572559562'),
(161, 'Brossay motoculture', '68 allée Nièvre 37000 Tours', '0247155722', '51986155262234'),
(162, 'Chave distribution', '92 impasse Maurice Ravel 37000 Tours', '0247350353', '91934562129933'),
(163, 'Cppo', '62 chemin Gustave Eiffel 37000 Tours', '0247672792', '58673631767158'),
(164, 'Domaine de la Noue', '70 rue Ferdinand de Lesseps 37000 Tours', '0247442798', '73309285992667'),
(165, 'Sans Emploi', 'non renseigné', 'néant', 'néant');

-- --------------------------------------------------------

--
-- Structure de la table `engin`
--

CREATE TABLE `engin` (
  `code_engin` varchar(9) NOT NULL,
  `caserne_id` int(11) NOT NULL,
  `engin_type` varchar(5) NOT NULL
) ENGINE=InnoDB DEFAULT CHARSET=utf8;

--
-- Contenu de la table `engin`
--

INSERT INTO `engin` (`code_engin`, `caserne_id`, `engin_type`) VALUES
('AA-100-AA', 151, 'CECO'),
('AB-123-GV', 139, 'AR'),
('AB-156-DE', 139, 'CCI'),
('AC-426-SD', 144, 'VAR'),
('AC-456-SD', 144, 'PS'),
('AC-956-BG', 139, 'CCFL'),
('AD-456-FE', 139, 'CCI'),
('AD-744-QS', 141, 'VLOD'),
('AE-875-AZ', 139, 'FA'),
('AR-756-AS', 139, 'VAR'),
('AR-796-AS', 141, 'CCFL'),
('AT-744-QS', 139, 'VLOD'),
('AZ-456-FE', 139, 'FP'),
('BD-012-MO', 141, 'FP'),
('BD-387-QP', 140, 'DEP'),
('BD-587-QP', 139, 'EPA'),
('BT-012-MO', 140, 'VLI'),
('DC-126-QZ', 143, 'FP'),
('DC-156-QZ', 143, 'FP'),
('DC-166-QZ', 144, 'FP'),
('DD-106-QZ', 140, 'FP'),
('DD-136-QZ', 140, 'FP'),
('DD-156-QZ', 141, 'FP'),
('DE-156-QZ', 139, 'FP'),
('DE-166-QZ', 142, 'FP'),
('DM-956-QF', 143, 'VPS'),
('DS-106-QF', 140, 'PS'),
('DS-126-QF', 143, 'PS'),
('DS-136-QF', 140, 'VPS'),
('DS-156-QF', 144, 'CCFL'),
('DS-196-QF', 141, 'CCFL'),
('DT-176-QF', 144, 'PS'),
('DT-186-QF', 141, 'PS'),
('EC-156-QR', 144, 'GPD'),
('ED-196-QR', 141, 'GPD'),
('ES-156-QF', 139, 'VICR'),
('ES-166-QF', 142, 'VICR'),
('HB-136-DD', 140, 'CCI'),
('HC-836-BG', 140, 'CCFS'),
('HD-436-FD', 140, 'CCI'),
('HD-873-HZ', 140, 'FE'),
('HR-736-HS', 140, 'VPS'),
('HT-744-QS', 140, 'VLOD'),
('HZ-436-FD', 140, 'FP'),
('IB-206-IS', 140, 'EPAN'),
('IB-226-IS', 143, 'EPAN'),
('IC-122-IZ', 143, 'DEP'),
('IC-244-QS', 144, 'FA'),
('IC-522-IZ', 144, 'DEP'),
('ID-120-IZ', 140, 'DEP'),
('ID-244-QS', 141, 'FA'),
('ID-920-IZ', 141, 'DEP'),
('IT-244-QS', 140, 'FA'),
('IT-275-QS', 143, 'FA'),
('IT-586-FD', 141, 'FP'),
('IT-676-FD', 144, 'FP'),
('IZ-406-FD', 140, 'FP'),
('IZ-426-FD', 143, 'FP'),
('JC-406-SD', 141, 'VAR'),
('JC-496-SD', 141, 'PS'),
('LB-156-GD', 143, 'CCI'),
('LC-456-FD', 143, 'CCI'),
('LC-725-HZ', 143, 'FE'),
('LC-756-BG', 143, 'CCFS'),
('LR-256-HS', 143, 'VPS'),
('LT-244-QS', 143, 'VLOD'),
('LZ-456-FD', 143, 'FP'),
('MB-125-GV', 142, 'AR'),
('MB-166-GE', 142, 'CCI'),
('MC-244-QS', 144, 'VLOD'),
('MC-466-FE', 142, 'CCI'),
('MC-566-BG', 142, 'CCFL'),
('ME-726-FZ', 142, 'FA'),
('MR-256-FS', 144, 'CCFL'),
('MR-266-FS', 142, 'VAR'),
('MT-244-QS', 142, 'VLOD'),
('MZ-466-FE', 142, 'FP'),
('RB-206-IS', 141, 'EPAN'),
('RB-226-IS', 144, 'EPAN'),
('RC-512-VO', 144, 'VL'),
('RD-917-MO', 141, 'VL'),
('RT-387-MO', 140, 'VL'),
('RT-572-VO', 143, 'VL'),
('RT-587-MO', 139, 'VLI'),
('RT-672-VO', 142, 'VLI'),
('SC-215-SP', 143, 'VLIS'),
('SC-216-SP', 144, 'VLHR'),
('SC-57-SP', 143, 'PS'),
('SD-015-SP', 141, 'VLHR'),
('SD-019-SP', 140, 'VLIS'),
('SD-38-SP', 140, 'PS'),
('SE-587-YP', 139, 'PS'),
('SE-672-YP', 142, 'PS'),
('SF-212-VF', 143, 'VSI'),
('SF-512-VF', 144, 'PS'),
('SF-572-VF', 143, 'PS'),
('SU-012-VF', 140, 'VSI'),
('SU-387-VF', 140, 'PS'),
('SU-917-VF', 141, 'PS'),
('SZ-406-DD', 140, 'VLI'),
('SZ-415-DD', 141, 'FP'),
('SZ-416-GD', 144, 'FP'),
('SZ-426-GD', 143, 'VLI'),
('SZ-436-DD', 140, 'VLI'),
('SZ-456-DE', 139, 'VLI'),
('SZ-456-GA', 144, 'FP'),
('SZ-456-GD', 143, 'VLI'),
('SZ-466-GE', 142, 'VLI'),
('SZ-496-DD', 141, 'FP'),
('TF-112-VF', 144, 'VSI'),
('TU-112-VF', 141, 'VSI'),
('UC-212-VO', 144, 'FP'),
('UC-572-QP', 143, 'DEP'),
('UC-672-QP', 142, 'EPA'),
('UT-212-VO', 143, 'VLI'),
('XC-406-SD', 140, 'VAR'),
('XC-426-SD', 143, 'VAR'),
('XC-436-SD', 140, 'PS'),
('XC-456-SD', 143, 'PS'),
('XC-456-SE', 139, 'VPS'),
('XC-466-SE', 142, 'VPS'),
('YF-672-VF', 142, 'VSI'),
('YU-587-VF', 139, 'VSI'),
('ZC-126-QC', 143, 'VICR'),
('ZC-156-QC', 144, 'VPC'),
('ZC-236-QC', 143, 'VPC'),
('ZD-106-QC', 140, 'VICR'),
('ZD-136-QC', 140, 'VPC'),
('ZD-196-QC', 141, 'VPC'),
('ZE-156-QC', 139, 'VPS'),
('ZE-166-QC', 142, 'VPS');

-- --------------------------------------------------------

--
-- Structure de la table `etablissement`
--

CREATE TABLE `etablissement` (
  `id_etablissement` int(11) NOT NULL,
  `nom_etablissement` varchar(100) NOT NULL,
  `rue_etablissement` varchar(200) NOT NULL,
  `cp_etablissement` varchar(5) NOT NULL,
  `ville_etablissement` varchar(100) NOT NULL
) ENGINE=InnoDB DEFAULT CHARSET=utf8;

--
-- Contenu de la table `etablissement`
--

INSERT INTO `etablissement` (`id_etablissement`, `nom_etablissement`, `rue_etablissement`, `cp_etablissement`, `ville_etablissement`) VALUES
(1, 'Collège André Malraux', 'rue Clos des Gardes ', '37400', 'Amboise'),
(2, 'Collège Balzac', '3 bis rue Georges Jehan', '37190', 'Azay Le Rideau'),
(3, 'Collège Jean Zay', '6 rue Auguste Correch', '37500', 'Chinon'),
(4, 'Collège Jean Roux', '2 rue François Rabelais', '37320', 'Esvres'),
(5, 'Collège Arche de Lude ', '6 rue Mariotte', '37300', 'Joué lès Tours'),
(6, 'Collège Vallée Violette', 'rue Montrichard', '37300', 'Joué lès Tours'),
(7, 'Collège Anatole France', '1 rue des Amandiers', '37000', 'Tours'),
(8, 'Collège Lamartine', 'bvd Tonnelé', '37000', 'Tours'),
(9, 'Collège Montaigne ', 'rue Pierre et Marie Curie', '37000', 'Tours'),
(10, 'Collège du Val de L\'indre', '15 rue Honoré de balzac', '37260', 'Monts'),
(11, 'Collège La Providence', '104 rue Marcel Tribut', '37000', 'Tours'),
(12, 'Collège Saint Joseph', '1 rue Buffon', '37500', 'Chinon'),
(13, 'Collège du Sacré Cœur', '20 rue Henri Provost', '37120', 'Richelieu'),
(14, 'Lycée Saint Gatien', '107 rue de la Douzillière', '37300', 'Joué lès Tours'),
(15, 'Lycée SaintUrsule', '26 rue emile Zola', '37000', 'Tours'),
(16, 'Lycée Jean Chaptal', '8 rue du Clos des Gardes', '37400', 'Amboise'),
(17, 'Lycée Martin Nadaud', '67 rue Jeanne Labourde', '37700', 'Saint Pierre des Corps'),
(18, 'Lycée Gustave Eiffel', '2 place Grégoire de Tours', '37000', 'Tours'),
(19, 'Lycée Descrates', '16 rue Albert Thomas', '37000', 'Tours'),
(20, 'Lycée Martin Nadaud', '3 quai Paul Bert', '37700', 'Saint Pierre des Corps'),
(21, 'Lycée Rabelais', '28 quai Danton', '37500', 'Chinon'),
(22, 'Lycée Emile de la Taille', 'rue des Prébendes', '37230', 'Fondettes'),
(23, 'Lycée La Providence', '47 rue Néricault Destouches', '37000', 'Tours'),
(24, 'Lycée Sainte Marguerite', '6 rue Briaudière', '37190', 'Azay Le Rideau');

-- --------------------------------------------------------

--
-- Structure de la table `etat`
--

CREATE TABLE `etat` (
  `code_etat` varchar(5) NOT NULL,
  `libelle_etat` varchar(50) NOT NULL
) ENGINE=InnoDB DEFAULT CHARSET=utf8;

--
-- Contenu de la table `etat`
--

INSERT INTO `etat` (`code_etat`, `libelle_etat`) VALUES
('AM', 'Arrêt Maladie'),
('AT', 'Arrêt travail'),
('C', 'Congé'),
('DG', 'De Garde'),
('DI', 'Disponible'),
('IN', 'Indisponible'),
('J', 'De garde Jour'),
('N', 'De garde Nuit'),
('S', 'Stage'),
('TR', 'Travail');

-- --------------------------------------------------------

--
-- Structure de la table `formation`
--

CREATE TABLE `formation` (
  `id_formation` varchar(5) NOT NULL,
  `libelle_formation` varchar(500) NOT NULL
) ENGINE=InnoDB DEFAULT CHARSET=utf8;

--
-- Contenu de la table `formation`
--

INSERT INTO `formation` (`id_formation`, `libelle_formation`) VALUES
('FEI1', 'Formation Equipier Incendie de niveau 1. 5 Jours'),
('FEI2', 'Formation Equipier Incendie de niveau 2. 5 Jours'),
('INIT', 'Formation initiale pompier volontaire. 250 h'),
('JSP1', '40h00 : Prévention et Secours Civique niveau 1. acquisition de notions élémentaires sur le feu, la découverte du matériel incendie et l\'apprentissage des gestes de premiers secours.'),
('JSP2', '30h00 : Prévention et Secours Civique niveau 2.connaissance relatives aux manœuvres incendie, l\'emploi du matériel incendie et l\'acquisition de l\'attestation de formation au premiers secours'),
('JSP3', '80h00.capacité à réaliser les manœuvres incendie et de sauvetage, la mise en œuvre des matériels et l\'acquisition de formation aux premiers secours'),
('JSP4', '90h. réalisation de manœuvres sous appareil respiratoire isolant, l\'exploitation des transmission et la préparation au certificat de formation au activités de premiers secours en équipe'),
('PSE1', 'Premiers secours en équipe de niveau 1. 5 Jours'),
('PSE2', 'Premiers secours en équipe de niveau 2 5 Jours'),
('SAP', 'Secours à la personne. 3 Jours'),
('SR', 'Secours routiers. 20 Jours');

-- --------------------------------------------------------

--
-- Structure de la table `grade`
--

CREATE TABLE `grade` (
  `code_grade` varchar(6) NOT NULL,
  `libelle_grade` varchar(30) NOT NULL,
  `rang_grade` varchar(50) NOT NULL,
  `benefice_grade` varchar(50) NOT NULL,
  `categorie_grade` varchar(1) NOT NULL,
  `nb_annee_grade` int(11) NOT NULL,
  `age_mini_grade` int(11) NOT NULL
) ENGINE=InnoDB DEFAULT CHARSET=utf8;

--
-- Contenu de la table `grade`
--

INSERT INTO `grade` (`code_grade`, `libelle_grade`, `rang_grade`, `benefice_grade`, `categorie_grade`, `nb_annee_grade`, `age_mini_grade`) VALUES
('PADJCH', 'Adjudant_chef', 'Sous-officiers', '', 'C', 0, 0),
('PCAPCH', 'Caporal-chef', 'Hommes du rang', '', 'C', 0, 0),
('PCAPIT', 'Capitaine', 'Officiers', '', 'A', 0, 0),
('PCOLON', 'Colonel', 'Officiers sup', '', 'A', 0, 0),
('PCOMMD', 'Commandant', 'Officiers sup', '', 'A', 0, 0),
('PLIHCL', 'Lieutenant hors classe', 'Officiers', '', 'B', 0, 0),
('PLIPRC', 'Lieutenant 1ere classe', 'Officiers', '', 'B', 0, 0),
('PLISDL', 'Lieutenant 2nde classe', 'Officiers', '', 'B', 0, 0),
('POFFEX', 'Officier expert', 'Officiers', '', 'B', 0, 0),
('PSAPPR', 'Sapeur 1ere classe', 'Hommes du rang', '', 'C', 0, 0),
('PSAPSC', 'Sapeur 2nd classe', 'Hommes du rang', '', 'C', 0, 0),
('PSRGCH', 'Sergent_chef', 'Sous-officiers', '', 'C', 0, 0),
('PSRGEN', 'Sergent', 'Sous-officiers', '', 'C', 0, 0),
('VADJCH', 'Adjudant', 'Sous_Officier', 'Sergent', '', 6, 0),
('VCAPIT', 'Capitaine', 'Officiers', 'Lieutenant', '', 4, 0),
('VCAPOR', 'Caporal', 'Hommes du rang', 'Sapeur 1ere classe', '', 3, 0),
('VCOLON', 'Colonel', 'Officiers sup', 'Lieutenant-colonnel', '', 5, 0),
('VCOMMD', 'Commandant', 'Officiers sup', 'Capitaine', '', 5, 0),
('VLICOL', 'Lieutenant_Colonnel', 'Officiers sup', 'Commandant', '', 5, 40),
('VLIEUT', 'Lieutenant ', 'Officiers', 'Sergent Adjudant ', '', 2, 0),
('VLITIT', 'Lieutenant engagé sur Titre', 'Officiers', '', '', 0, 0),
('VMAJOR', 'Majors', 'Officiers', 'Adjudant', '', 5, 50),
('VSAPPR', 'Sapeur 1ere classe', 'Hommes du rang', 'Sapeur 2nd classe', '', 0, 0),
('VSRGEN', 'Sergent', 'Sous-Officier', 'Caporal', '', 3, 0);

-- --------------------------------------------------------

--
-- Structure de la table `jsp`
--

CREATE TABLE `jsp` (
  `id_jsp` int(11) NOT NULL,
  `niveau_jsp` varchar(50) NOT NULL,
  `certificat_jsp` tinyint(1) NOT NULL,
  `vaccination_jsp` tinyint(1) NOT NULL,
  `autorisation_jsp` tinyint(1) NOT NULL,
  `etab_id` int(11) NOT NULL
) ENGINE=InnoDB DEFAULT CHARSET=utf8;

--
-- Contenu de la table `jsp`
--

INSERT INTO `jsp` (`id_jsp`, `niveau_jsp`, `certificat_jsp`, `vaccination_jsp`, `autorisation_jsp`, `etab_id`) VALUES
(73, 'seconde', 0, 1, 1, 19),
(74, 'seconde', 1, 0, 1, 15),
(75, 'troisième', 0, 1, 1, 11),
(76, 'seconde', 1, 0, 1, 19),
(77, 'première', 0, 1, 1, 18),
(78, 'seconde', 0, 1, 1, 19),
(79, 'seconde', 1, 0, 1, 14),
(80, 'première', 1, 0, 1, 14),
(81, 'quatrième', 1, 0, 1, 6),
(82, 'quatrième', 0, 0, 1, 9),
(83, 'quatrième', 1, 0, 1, 8),
(84, 'troisième', 1, 1, 1, 14),
(85, 'troisième', 0, 0, 1, 9),
(86, 'quatrième', 1, 1, 1, 7),
(87, 'quatrième', 0, 0, 1, 23),
(88, 'cinquième', 1, 0, 1, 7),
(89, 'seconde', 0, 0, 1, 18),
(90, 'troisième', 1, 0, 1, 11),
(91, 'terminale', 0, 1, 1, 18),
(92, 'première', 0, 0, 1, 22),
(93, 'troisième', 1, 0, 1, 7),
(94, 'première', 0, 0, 1, 14),
(95, 'seconde', 1, 0, 1, 19),
(96, 'troisième', 1, 1, 1, 6),
(97, 'troisième', 0, 0, 1, 11),
(98, 'seconde', 1, 1, 1, 14),
(99, 'troisième', 0, 0, 1, 9),
(100, 'troisième', 1, 0, 1, 7),
(101, 'seconde', 0, 1, 1, 18),
(102, 'seconde', 0, 0, 1, 14),
(103, 'cinquième', 1, 0, 1, 8),
(104, 'seconde', 0, 1, 1, 23),
(105, 'seconde', 0, 1, 1, 24);

-- --------------------------------------------------------

--
-- Structure de la table `niveau`
--

CREATE TABLE `niveau` (
  `code_niveau` varchar(10) NOT NULL,
  `specialite_code` varchar(4) NOT NULL,
  `description_niveau` varchar(500) NOT NULL
) ENGINE=InnoDB DEFAULT CHARSET=utf8;

--
-- Contenu de la table `niveau`
--

INSERT INTO `niveau` (`code_niveau`, `specialite_code`, `description_niveau`) VALUES
('1', 'CAN', 'aptitude à assurer l\'emploi de conducteur de chiens de décombres et de recherche de personnes égarées ou disparues'),
('1', 'CYN', 'conducteur cynotechnique. Il recherche avec son chien des personnes ensevelies ou égarées. Il est également en charge de l’entretient et de l’éducation de son chien.'),
('1', 'IMP', ' Personnel autonome sur corde, mais non opérationnel.Formation de 24h (3 jours)'),
('1', 'PSE', 'Premiers secours en équipe de niveau 1.Savoir se servir du matériel de secourisme : ventilation artificielle avec un masque et un ballon auto-remplisseur, aspiration des mucosités, utilisation de l\'oxygène, pose d\'un collier cervical, mise en œuvre du défibrillateur automatique externe (DAE), d\'un CHU.'),
('1', 'RAD', 'Equipe de reconnaissance Risques Radiologiques.Elle est composé d’équipiers et d’un chef d’équipe.Renseigner le COS.Délimiter une première zone de sécurité.Assurer la protection des 1ers intervenants.Effectuer les reconnaissances et recueillir les informations sur le risque.Effectuer les 1eres mesures d’irradiation.Suspecter la présence de la contamination de surface.Participer aux relevés de mesures sur le terrain.Assurer le soutien des équipes d’intervention.Formation de 37h'),
('1', 'RCH', 'Equipe de reconnaissance Risques Chimiques.Réaliser le zonage de la zone d’intervention.Protection des intervenants.Reconnaissance et récolte des informations sur le danger.Détecter le produit et son origine.Agir sur le risque selon leur possibilité.Assurer le soutien des équipes d’intervention.Formation de 50h'),
('1', 'SAV', ' Nageur Sauveteur Aquatique en eaux intérieures. 24 h'),
('1', 'SDE', 'Sauveteurs déblayeurs.Maitriser l’environnement, les différents types de catastrophes.Recherche et localisation de victimes, utilisations des appareils.Dégagement des victimes :Etaiement.Percement, découpe.Levage, traction.Brelage et noeuds.Evacuation des victimes : sauvetage en décombres.Formation de 45h'),
('2', 'CYN', 'un chef d’unité. Il coordonne les conducteurs lors d’opérations. Il est en charge de la formation des conducteurs.'),
('2', 'IMP', 'Sauveteur G.R.I.M.P.Les sauveteurs G.R.I.M.P réalisent les reconnaissances ou les sauvetages.Formation de 80 h '),
('2', 'PSE', 'Premiers secours en équipe de niveau 2.Diplôme d\'équipier secouriste, celui qui permet d\'intégrer une équipe , de participer au secours à victime dans un plan d\'urgence ou de diriger un binôme sur un poste de secours'),
('2', 'RAD', 'Equipe d’intervention Risques Radiologiques.Proposer les mesures de sauvegarde pour la population.Mettre en œuvre les sas d’entrée et de sortie.Contrôle de la contamination externe des intervenants et celle des matériels.Réaliser la décontamination succincte.Déterminer la nature du risque radioactif.Détecter la contamination atmosphérique.Repérer l’origine des émissions radioactives.Réaliser le confinement de la source.Prendre les dispositions pour éviter le transfert de contamination.Formation '),
('2', 'RCH', ' Equipes d’intervention Risques Chimiques.Elle est composée d’équipiers et d’un chef d’équipe.Pré requis : U.V RCH 1 et être inscrit sur la liste d’aptitude opérationnelle départementale annuelle.Formation de 70h'),
('2', 'SAV', 'Nageur Sauveteur Aquatique côtier. 28 h'),
('2', 'SDE', 'Chef d’unité sauveteur déblayeur. diriger une unité sauvetage déblaiement.Formation de 58h'),
('3', 'IMP', 'Chef d’Unité G.R.I.M.P.Il conduit et coordonne les opérations G.R.I.M.P.Formation de 80 h'),
('3', 'RAD', 'Conseiller technique CMIR – Chef de CMIR. Mission: diriger l’intervention RAD.Formation de 80h'),
('3', 'RCH', 'Chef de CMIC.Etre inscrit sur la liste d’aptitude opérationnelle annuelle.Avoir participé à l’encadrement d’un stage RCH 1 ou RCH 2.Formation de 90h'),
('3', 'SAV', ' Chef de bord sauveteur côtier . 47 h'),
('3', 'SDE', 'Chef de section sauveteur déblayeur.Formation de 64h'),
('4', 'RAD', 'Conseiller technique Départemental CMIR.Diriger, animer et assurer le suivi de l’équipe départementale Risque Radiologique.Prendre en compte et animer le dispositif départemental RAD.Elaborer la liste d’aptitude opérationnelle annuelle.Assurer et déterminer le suivi des équipements et du matériel.Participer à l’élaboration des plans d’urgence nucléaire.Conseiller le chef de corps départemental.Formation de 71h'),
('4', 'RCH', 'Conseiller technique départemental RCH.Conseiller le DDSIS.Assurer le conseil technique du COS.Gestion des équipes et du matériel.Formation : 120h');

-- --------------------------------------------------------

--
-- Structure de la table `periodegarde`
--

CREATE TABLE `periodegarde` (
  `date_periode` date NOT NULL,
  `tranche_id` int(11) NOT NULL
) ENGINE=InnoDB DEFAULT CHARSET=utf8;

--
-- Contenu de la table `periodegarde`
--

INSERT INTO `periodegarde` (`date_periode`, `tranche_id`) VALUES
('2015-03-01', 1),
('2015-03-01', 2),
('2015-03-01', 3),
('2015-03-01', 4),
('2015-03-01', 5),
('2015-03-01', 6),
('2015-03-02', 1),
('2015-03-02', 2),
('2015-03-02', 3),
('2015-03-02', 4),
('2015-03-02', 5),
('2015-03-02', 6),
('2015-03-03', 1),
('2015-03-03', 2),
('2015-03-03', 3),
('2015-03-03', 4),
('2015-03-03', 5),
('2015-03-03', 6),
('2015-03-04', 1),
('2015-03-04', 2),
('2015-03-04', 3),
('2015-03-04', 4),
('2015-03-04', 5),
('2015-03-04', 6),
('2015-03-05', 1),
('2015-03-05', 2),
('2015-03-05', 3),
('2015-03-05', 4),
('2015-03-05', 5),
('2015-03-05', 6),
('2015-03-06', 1),
('2015-03-06', 2),
('2015-03-06', 3),
('2015-03-06', 4),
('2015-03-06', 5),
('2015-03-06', 6),
('2015-03-07', 1),
('2015-03-07', 2),
('2015-03-07', 3),
('2015-03-07', 4),
('2015-03-07', 5),
('2015-03-07', 6),
('2015-03-08', 1),
('2015-03-08', 2),
('2015-03-08', 3),
('2015-03-08', 4),
('2015-03-08', 5),
('2015-03-08', 6),
('2015-03-09', 1),
('2015-03-09', 2),
('2015-03-09', 3),
('2015-03-09', 4),
('2015-03-09', 5),
('2015-03-09', 6),
('2015-03-10', 1),
('2015-03-10', 2),
('2015-03-10', 3),
('2015-03-10', 4),
('2015-03-10', 5),
('2015-03-10', 6),
('2015-03-11', 1),
('2015-03-11', 2),
('2015-03-11', 3),
('2015-03-11', 4),
('2015-03-11', 5),
('2015-03-11', 6),
('2015-03-12', 1),
('2015-03-12', 2),
('2015-03-12', 3),
('2015-03-12', 4),
('2015-03-12', 5),
('2015-03-12', 6),
('2015-03-13', 1),
('2015-03-13', 2),
('2015-03-13', 3),
('2015-03-13', 4),
('2015-03-13', 5),
('2015-03-13', 6),
('2015-03-14', 1),
('2015-03-14', 2),
('2015-03-14', 3),
('2015-03-14', 4),
('2015-03-14', 5),
('2015-03-14', 6),
('2015-03-15', 1),
('2015-03-15', 2),
('2015-03-15', 3),
('2015-03-15', 4),
('2015-03-15', 5),
('2015-03-15', 6),
('2015-03-16', 1),
('2015-03-16', 2),
('2015-03-16', 3),
('2015-03-16', 4),
('2015-03-16', 5),
('2015-03-16', 6),
('2015-03-17', 1),
('2015-03-17', 2),
('2015-03-17', 3),
('2015-03-17', 4),
('2015-03-17', 5),
('2015-03-17', 6),
('2015-03-18', 1),
('2015-03-18', 2),
('2015-03-18', 3),
('2015-03-18', 4),
('2015-03-18', 5),
('2015-03-18', 6),
('2015-03-19', 1),
('2015-03-19', 2),
('2015-03-19', 3),
('2015-03-19', 4),
('2015-03-19', 5),
('2015-03-19', 6),
('2015-03-20', 1),
('2015-03-20', 2),
('2015-03-20', 3),
('2015-03-20', 4),
('2015-03-20', 5),
('2015-03-20', 6),
('2015-03-21', 1),
('2015-03-21', 2),
('2015-03-21', 3),
('2015-03-21', 4),
('2015-03-21', 5),
('2015-03-21', 6),
('2015-03-22', 1),
('2015-03-22', 2),
('2015-03-22', 3),
('2015-03-22', 4),
('2015-03-22', 5),
('2015-03-22', 6),
('2015-03-23', 1),
('2015-03-23', 2),
('2015-03-23', 3),
('2015-03-23', 4),
('2015-03-23', 5),
('2015-03-23', 6),
('2015-03-24', 1),
('2015-03-24', 2),
('2015-03-24', 3),
('2015-03-24', 4),
('2015-03-24', 5),
('2015-03-24', 6),
('2015-03-25', 1),
('2015-03-25', 2),
('2015-03-25', 3),
('2015-03-25', 4),
('2015-03-25', 5),
('2015-03-25', 6),
('2015-03-26', 1),
('2015-03-26', 2),
('2015-03-26', 3),
('2015-03-26', 4),
('2015-03-26', 5),
('2015-03-26', 6),
('2015-03-27', 1),
('2015-03-27', 2),
('2015-03-27', 3),
('2015-03-27', 4),
('2015-03-27', 5),
('2015-03-27', 6),
('2015-03-28', 1),
('2015-03-28', 2),
('2015-03-28', 3),
('2015-03-28', 4),
('2015-03-28', 5),
('2015-03-28', 6),
('2015-03-29', 1),
('2015-03-29', 2),
('2015-03-29', 3),
('2015-03-29', 4),
('2015-03-29', 5),
('2015-03-29', 6),
('2015-03-30', 1),
('2015-03-30', 2),
('2015-03-30', 3),
('2015-03-30', 4),
('2015-03-30', 5),
('2015-03-30', 6),
('2015-03-31', 1),
('2015-03-31', 2),
('2015-03-31', 3),
('2015-03-31', 4),
('2015-03-31', 5),
('2015-03-31', 6),
('2015-04-01', 1),
('2015-04-01', 2),
('2015-04-01', 3),
('2015-04-01', 4),
('2015-04-01', 5),
('2015-04-01', 6),
('2015-04-02', 1),
('2015-04-02', 2),
('2015-04-02', 3),
('2015-04-02', 4),
('2015-04-02', 5),
('2015-04-02', 6),
('2015-04-03', 1),
('2015-04-03', 2),
('2015-04-03', 3),
('2015-04-03', 4),
('2015-04-03', 5),
('2015-04-03', 6),
('2015-04-04', 1),
('2015-04-04', 2),
('2015-04-04', 3),
('2015-04-04', 4),
('2015-04-04', 5),
('2015-04-04', 6),
('2015-04-05', 1),
('2015-04-05', 2),
('2015-04-05', 3),
('2015-04-05', 4),
('2015-04-05', 5),
('2015-04-05', 6),
('2015-04-06', 1),
('2015-04-06', 2),
('2015-04-06', 3),
('2015-04-06', 4),
('2015-04-06', 5),
('2015-04-06', 6),
('2015-04-07', 1),
('2015-04-07', 2),
('2015-04-07', 3),
('2015-04-07', 4),
('2015-04-07', 5),
('2015-04-07', 6),
('2015-04-08', 1),
('2015-04-08', 2),
('2015-04-08', 3),
('2015-04-08', 4),
('2015-04-08', 5),
('2015-04-08', 6),
('2015-04-09', 1),
('2015-04-09', 2),
('2015-04-09', 3),
('2015-04-09', 4),
('2015-04-09', 5),
('2015-04-09', 6),
('2015-04-10', 1),
('2015-04-10', 2),
('2015-04-10', 3),
('2015-04-10', 4),
('2015-04-10', 5),
('2015-04-10', 6),
('2015-04-11', 1),
('2015-04-11', 2),
('2015-04-11', 3),
('2015-04-11', 4),
('2015-04-11', 5),
('2015-04-11', 6),
('2015-04-12', 1),
('2015-04-12', 2),
('2015-04-12', 3),
('2015-04-12', 4),
('2015-04-12', 5),
('2015-04-12', 6),
('2015-04-13', 1),
('2015-04-13', 2),
('2015-04-13', 3),
('2015-04-13', 4),
('2015-04-13', 5),
('2015-04-13', 6),
('2015-04-14', 1),
('2015-04-14', 2),
('2015-04-14', 3),
('2015-04-14', 4),
('2015-04-14', 5),
('2015-04-14', 6),
('2015-04-15', 1),
('2015-04-15', 2),
('2015-04-15', 3),
('2015-04-15', 4),
('2015-04-15', 5),
('2015-04-15', 6),
('2015-04-16', 1),
('2015-04-16', 2),
('2015-04-16', 3),
('2015-04-16', 4),
('2015-04-16', 5),
('2015-04-16', 6),
('2015-04-17', 1),
('2015-04-17', 2),
('2015-04-17', 3),
('2015-04-17', 4),
('2015-04-17', 5),
('2015-04-17', 6),
('2015-04-18', 1),
('2015-04-18', 2),
('2015-04-18', 3),
('2015-04-18', 4),
('2015-04-18', 5),
('2015-04-18', 6),
('2015-04-19', 1),
('2015-04-19', 2),
('2015-04-19', 3),
('2015-04-19', 4),
('2015-04-19', 5),
('2015-04-19', 6),
('2015-04-20', 1),
('2015-04-20', 2),
('2015-04-20', 3),
('2015-04-20', 4),
('2015-04-20', 5),
('2015-04-20', 6),
('2015-04-21', 1),
('2015-04-21', 2),
('2015-04-21', 3),
('2015-04-21', 4),
('2015-04-21', 5),
('2015-04-21', 6),
('2015-04-22', 1),
('2015-04-22', 2),
('2015-04-22', 3),
('2015-04-22', 4),
('2015-04-22', 5),
('2015-04-22', 6),
('2015-04-23', 1),
('2015-04-23', 2),
('2015-04-23', 3),
('2015-04-23', 4),
('2015-04-23', 5),
('2015-04-23', 6),
('2015-04-24', 1),
('2015-04-24', 2),
('2015-04-24', 3),
('2015-04-24', 4),
('2015-04-24', 5),
('2015-04-24', 6),
('2015-04-25', 1),
('2015-04-25', 2),
('2015-04-25', 3),
('2015-04-25', 4),
('2015-04-25', 5),
('2015-04-25', 6),
('2015-04-26', 1),
('2015-04-26', 2),
('2015-04-26', 3),
('2015-04-26', 4),
('2015-04-26', 5),
('2015-04-26', 6),
('2015-04-27', 1),
('2015-04-27', 2),
('2015-04-27', 3),
('2015-04-27', 4),
('2015-04-27', 5),
('2015-04-27', 6),
('2015-04-28', 1),
('2015-04-28', 2),
('2015-04-28', 3),
('2015-04-28', 4),
('2015-04-28', 5),
('2015-04-28', 6),
('2015-04-29', 1),
('2015-04-29', 2),
('2015-04-29', 3),
('2015-04-29', 4),
('2015-04-29', 5),
('2015-04-29', 6),
('2015-04-30', 1),
('2015-04-30', 2),
('2015-04-30', 3),
('2015-04-30', 4),
('2015-04-30', 5),
('2015-04-30', 6),
('2015-05-01', 1),
('2015-05-01', 2),
('2015-05-01', 3),
('2015-05-01', 4),
('2015-05-01', 5),
('2015-05-01', 6),
('2015-05-02', 1),
('2015-05-02', 2),
('2015-05-02', 3),
('2015-05-02', 4),
('2015-05-02', 5),
('2015-05-02', 6),
('2015-05-03', 1),
('2015-05-03', 2),
('2015-05-03', 3),
('2015-05-03', 4),
('2015-05-03', 5),
('2015-05-03', 6),
('2015-05-04', 1),
('2015-05-04', 2),
('2015-05-04', 3),
('2015-05-04', 4),
('2015-05-04', 5),
('2015-05-04', 6),
('2015-05-05', 1),
('2015-05-05', 2),
('2015-05-05', 3),
('2015-05-05', 4),
('2015-05-05', 5),
('2015-05-05', 6),
('2015-05-06', 1),
('2015-05-06', 2),
('2015-05-06', 3),
('2015-05-06', 4),
('2015-05-06', 5),
('2015-05-06', 6),
('2015-05-07', 1),
('2015-05-07', 2),
('2015-05-07', 3),
('2015-05-07', 4),
('2015-05-07', 5),
('2015-05-07', 6),
('2015-05-08', 1),
('2015-05-08', 2),
('2015-05-08', 3),
('2015-05-08', 4),
('2015-05-08', 5),
('2015-05-08', 6),
('2015-05-09', 1),
('2015-05-09', 2),
('2015-05-09', 3),
('2015-05-09', 4),
('2015-05-09', 5),
('2015-05-09', 6),
('2015-05-10', 1),
('2015-05-10', 2),
('2015-05-10', 3),
('2015-05-10', 4),
('2015-05-10', 5),
('2015-05-10', 6),
('2015-05-11', 1),
('2015-05-11', 2),
('2015-05-11', 3),
('2015-05-11', 4),
('2015-05-11', 5),
('2015-05-11', 6),
('2015-05-12', 1),
('2015-05-12', 2),
('2015-05-12', 3),
('2015-05-12', 4),
('2015-05-12', 5),
('2015-05-12', 6),
('2015-05-13', 1),
('2015-05-13', 2),
('2015-05-13', 3),
('2015-05-13', 4),
('2015-05-13', 5),
('2015-05-13', 6),
('2015-05-14', 1),
('2015-05-14', 2),
('2015-05-14', 3),
('2015-05-14', 4),
('2015-05-14', 5),
('2015-05-14', 6),
('2015-05-15', 1),
('2015-05-15', 2),
('2015-05-15', 3),
('2015-05-15', 4),
('2015-05-15', 5),
('2015-05-15', 6),
('2015-05-16', 1),
('2015-05-16', 2),
('2015-05-16', 3),
('2015-05-16', 4),
('2015-05-16', 5),
('2015-05-16', 6),
('2015-05-17', 1),
('2015-05-17', 2),
('2015-05-17', 3),
('2015-05-17', 4),
('2015-05-17', 5),
('2015-05-17', 6),
('2015-05-18', 1),
('2015-05-18', 2),
('2015-05-18', 3),
('2015-05-18', 4),
('2015-05-18', 5),
('2015-05-18', 6),
('2015-05-19', 1),
('2015-05-19', 2),
('2015-05-19', 3),
('2015-05-19', 4),
('2015-05-19', 5),
('2015-05-19', 6),
('2015-05-20', 1),
('2015-05-20', 2),
('2015-05-20', 3),
('2015-05-20', 4),
('2015-05-20', 5),
('2015-05-20', 6),
('2015-05-21', 1),
('2015-05-21', 2),
('2015-05-21', 3),
('2015-05-21', 4),
('2015-05-21', 5),
('2015-05-21', 6),
('2015-05-22', 1),
('2015-05-22', 2),
('2015-05-22', 3),
('2015-05-22', 4),
('2015-05-22', 5),
('2015-05-22', 6),
('2015-05-23', 1),
('2015-05-23', 2),
('2015-05-23', 3),
('2015-05-23', 4),
('2015-05-23', 5),
('2015-05-23', 6),
('2015-05-24', 1),
('2015-05-24', 2),
('2015-05-24', 3),
('2015-05-24', 4),
('2015-05-24', 5),
('2015-05-24', 6),
('2015-05-25', 1),
('2015-05-25', 2),
('2015-05-25', 3),
('2015-05-25', 4),
('2015-05-25', 5),
('2015-05-25', 6),
('2015-05-26', 1),
('2015-05-26', 2),
('2015-05-26', 3),
('2015-05-26', 4),
('2015-05-26', 5),
('2015-05-26', 6),
('2015-05-27', 1),
('2015-05-27', 2),
('2015-05-27', 3),
('2015-05-27', 4),
('2015-05-27', 5),
('2015-05-27', 6),
('2015-05-28', 1),
('2015-05-28', 2),
('2015-05-28', 3),
('2015-05-28', 4),
('2015-05-28', 5),
('2015-05-28', 6),
('2015-05-29', 1),
('2015-05-29', 2),
('2015-05-29', 3),
('2015-05-29', 4),
('2015-05-29', 5),
('2015-05-29', 6),
('2015-05-30', 1),
('2015-05-30', 2),
('2015-05-30', 3),
('2015-05-30', 4),
('2015-05-30', 5),
('2015-05-30', 6),
('2015-05-31', 1),
('2015-05-31', 2),
('2015-05-31', 3),
('2015-05-31', 4),
('2015-05-31', 5),
('2015-05-31', 6),
('2015-06-01', 1),
('2015-06-01', 2),
('2015-06-01', 3),
('2015-06-01', 4),
('2015-06-01', 5),
('2015-06-01', 6),
('2015-06-02', 1),
('2015-06-02', 2),
('2015-06-02', 3),
('2015-06-02', 4),
('2015-06-02', 5),
('2015-06-02', 6),
('2015-06-03', 1),
('2015-06-03', 2),
('2015-06-03', 3),
('2015-06-03', 4),
('2015-06-03', 5),
('2015-06-03', 6),
('2015-06-04', 1),
('2015-06-04', 2),
('2015-06-04', 3),
('2015-06-04', 4),
('2015-06-04', 5),
('2015-06-04', 6),
('2015-06-05', 1),
('2015-06-05', 2),
('2015-06-05', 3),
('2015-06-05', 4),
('2015-06-05', 5),
('2015-06-05', 6),
('2015-06-06', 1),
('2015-06-06', 2),
('2015-06-06', 3),
('2015-06-06', 4),
('2015-06-06', 5),
('2015-06-06', 6),
('2015-06-07', 1),
('2015-06-07', 2),
('2015-06-07', 3),
('2015-06-07', 4),
('2015-06-07', 5),
('2015-06-07', 6),
('2015-06-08', 1),
('2015-06-08', 2),
('2015-06-08', 3),
('2015-06-08', 4),
('2015-06-08', 5),
('2015-06-08', 6),
('2015-06-09', 1),
('2015-06-09', 2),
('2015-06-09', 3),
('2015-06-09', 4),
('2015-06-09', 5),
('2015-06-09', 6),
('2015-06-10', 1),
('2015-06-10', 2),
('2015-06-10', 3),
('2015-06-10', 4),
('2015-06-10', 5),
('2015-06-10', 6),
('2015-06-11', 1),
('2015-06-11', 2),
('2015-06-11', 3),
('2015-06-11', 4),
('2015-06-11', 5),
('2015-06-11', 6),
('2015-06-12', 1),
('2015-06-12', 2),
('2015-06-12', 3),
('2015-06-12', 4),
('2015-06-12', 5),
('2015-06-12', 6),
('2015-06-13', 1),
('2015-06-13', 2),
('2015-06-13', 3),
('2015-06-13', 4),
('2015-06-13', 5),
('2015-06-13', 6),
('2015-06-14', 1),
('2015-06-14', 2),
('2015-06-14', 3),
('2015-06-14', 4),
('2015-06-14', 5),
('2015-06-14', 6),
('2015-06-15', 1),
('2015-06-15', 2),
('2015-06-15', 3),
('2015-06-15', 4),
('2015-06-15', 5),
('2015-06-15', 6),
('2015-06-16', 1),
('2015-06-16', 2),
('2015-06-16', 3),
('2015-06-16', 4),
('2015-06-16', 5),
('2015-06-16', 6),
('2015-06-17', 1),
('2015-06-17', 2),
('2015-06-17', 3),
('2015-06-17', 4),
('2015-06-17', 5),
('2015-06-17', 6),
('2015-06-18', 1),
('2015-06-18', 2),
('2015-06-18', 3),
('2015-06-18', 4),
('2015-06-18', 5),
('2015-06-18', 6),
('2015-06-19', 1),
('2015-06-19', 2),
('2015-06-19', 3),
('2015-06-19', 4),
('2015-06-19', 5),
('2015-06-19', 6),
('2015-06-20', 1),
('2015-06-20', 2),
('2015-06-20', 3),
('2015-06-20', 4),
('2015-06-20', 5),
('2015-06-20', 6),
('2015-06-21', 1),
('2015-06-21', 2),
('2015-06-21', 3),
('2015-06-21', 4),
('2015-06-21', 5),
('2015-06-21', 6),
('2015-06-22', 1),
('2015-06-22', 2),
('2015-06-22', 3),
('2015-06-22', 4),
('2015-06-22', 5),
('2015-06-22', 6),
('2015-06-23', 1),
('2015-06-23', 2),
('2015-06-23', 3),
('2015-06-23', 4),
('2015-06-23', 5),
('2015-06-23', 6),
('2015-06-24', 1),
('2015-06-24', 2),
('2015-06-24', 3),
('2015-06-24', 4),
('2015-06-24', 5),
('2015-06-24', 6),
('2015-06-25', 1),
('2015-06-25', 2),
('2015-06-25', 3),
('2015-06-25', 4),
('2015-06-25', 5),
('2015-06-25', 6),
('2015-06-26', 1),
('2015-06-26', 2),
('2015-06-26', 3),
('2015-06-26', 4),
('2015-06-26', 5),
('2015-06-26', 6),
('2015-06-27', 1),
('2015-06-27', 2),
('2015-06-27', 3),
('2015-06-27', 4),
('2015-06-27', 5),
('2015-06-27', 6),
('2015-06-28', 1),
('2015-06-28', 2),
('2015-06-28', 3),
('2015-06-28', 4),
('2015-06-28', 5),
('2015-06-28', 6),
('2015-06-29', 1),
('2015-06-29', 2),
('2015-06-29', 3),
('2015-06-29', 4),
('2015-06-29', 5),
('2015-06-29', 6),
('2015-06-30', 1),
('2015-06-30', 2),
('2015-06-30', 3),
('2015-06-30', 4),
('2015-06-30', 5),
('2015-06-30', 6),
('2015-07-01', 1),
('2015-07-01', 2),
('2015-07-01', 3),
('2015-07-01', 4),
('2015-07-01', 5),
('2015-07-01', 6),
('2015-07-02', 1),
('2015-07-02', 2),
('2015-07-02', 3),
('2015-07-02', 4),
('2015-07-02', 5),
('2015-07-02', 6),
('2015-07-03', 1),
('2015-07-03', 2),
('2015-07-03', 3),
('2015-07-03', 4),
('2015-07-03', 5),
('2015-07-03', 6),
('2015-07-04', 1),
('2015-07-04', 2),
('2015-07-04', 3),
('2015-07-04', 4),
('2015-07-04', 5),
('2015-07-04', 6),
('2015-07-05', 1),
('2015-07-05', 2),
('2015-07-05', 3),
('2015-07-05', 4),
('2015-07-05', 5),
('2015-07-05', 6),
('2015-07-06', 1),
('2015-07-06', 2),
('2015-07-06', 3),
('2015-07-06', 4),
('2015-07-06', 5),
('2015-07-06', 6),
('2015-07-07', 1),
('2015-07-07', 2),
('2015-07-07', 3),
('2015-07-07', 4),
('2015-07-07', 5),
('2015-07-07', 6),
('2015-07-08', 1),
('2015-07-08', 2),
('2015-07-08', 3),
('2015-07-08', 4),
('2015-07-08', 5),
('2015-07-08', 6),
('2015-07-09', 1),
('2015-07-09', 2),
('2015-07-09', 3),
('2015-07-09', 4),
('2015-07-09', 5),
('2015-07-09', 6),
('2015-07-10', 1),
('2015-07-10', 2),
('2015-07-10', 3),
('2015-07-10', 4),
('2015-07-10', 5),
('2015-07-10', 6),
('2015-07-11', 1),
('2015-07-11', 2),
('2015-07-11', 3),
('2015-07-11', 4),
('2015-07-11', 5),
('2015-07-11', 6),
('2015-07-12', 1),
('2015-07-12', 2),
('2015-07-12', 3),
('2015-07-12', 4),
('2015-07-12', 5),
('2015-07-12', 6),
('2015-07-13', 1),
('2015-07-13', 2),
('2015-07-13', 3),
('2015-07-13', 4),
('2015-07-13', 5),
('2015-07-13', 6),
('2015-07-14', 1),
('2015-07-14', 2),
('2015-07-14', 3),
('2015-07-14', 4),
('2015-07-14', 5),
('2015-07-14', 6),
('2015-07-15', 1),
('2015-07-15', 2),
('2015-07-15', 3),
('2015-07-15', 4),
('2015-07-15', 5),
('2015-07-15', 6),
('2015-07-16', 1),
('2015-07-16', 2),
('2015-07-16', 3),
('2015-07-16', 4),
('2015-07-16', 5),
('2015-07-16', 6),
('2015-07-17', 1),
('2015-07-17', 2),
('2015-07-17', 3),
('2015-07-17', 4),
('2015-07-17', 5),
('2015-07-17', 6),
('2015-07-18', 1),
('2015-07-18', 2),
('2015-07-18', 3),
('2015-07-18', 4),
('2015-07-18', 5),
('2015-07-18', 6),
('2015-07-19', 1),
('2015-07-19', 2),
('2015-07-19', 3),
('2015-07-19', 4),
('2015-07-19', 5),
('2015-07-19', 6),
('2015-07-20', 1),
('2015-07-20', 2),
('2015-07-20', 3),
('2015-07-20', 4),
('2015-07-20', 5),
('2015-07-20', 6),
('2015-07-21', 1),
('2015-07-21', 2),
('2015-07-21', 3),
('2015-07-21', 4),
('2015-07-21', 5),
('2015-07-21', 6),
('2015-07-22', 1),
('2015-07-22', 2),
('2015-07-22', 3),
('2015-07-22', 4),
('2015-07-22', 5),
('2015-07-22', 6),
('2015-07-23', 1),
('2015-07-23', 2),
('2015-07-23', 3),
('2015-07-23', 4),
('2015-07-23', 5),
('2015-07-23', 6),
('2015-07-24', 1),
('2015-07-24', 2),
('2015-07-24', 3),
('2015-07-24', 4),
('2015-07-24', 5),
('2015-07-24', 6),
('2015-07-25', 1),
('2015-07-25', 2),
('2015-07-25', 3),
('2015-07-25', 4),
('2015-07-25', 5),
('2015-07-25', 6),
('2015-07-26', 1),
('2015-07-26', 2),
('2015-07-26', 3),
('2015-07-26', 4),
('2015-07-26', 5),
('2015-07-26', 6),
('2015-07-27', 1),
('2015-07-27', 2),
('2015-07-27', 3),
('2015-07-27', 4),
('2015-07-27', 5),
('2015-07-27', 6),
('2015-07-28', 1),
('2015-07-28', 2),
('2015-07-28', 3),
('2015-07-28', 4),
('2015-07-28', 5),
('2015-07-28', 6),
('2015-07-29', 1),
('2015-07-29', 2),
('2015-07-29', 3),
('2015-07-29', 4),
('2015-07-29', 5),
('2015-07-29', 6),
('2015-07-30', 1),
('2015-07-30', 2),
('2015-07-30', 3),
('2015-07-30', 4),
('2015-07-30', 5),
('2015-07-30', 6),
('2015-07-31', 1),
('2015-07-31', 2),
('2015-07-31', 3),
('2015-07-31', 4),
('2015-07-31', 5),
('2015-07-31', 6),
('2015-08-01', 1),
('2015-08-01', 2),
('2015-08-01', 3),
('2015-08-01', 4),
('2015-08-01', 5),
('2015-08-01', 6),
('2015-08-02', 1),
('2015-08-02', 2),
('2015-08-02', 3),
('2015-08-02', 4),
('2015-08-02', 5),
('2015-08-02', 6),
('2015-08-03', 1),
('2015-08-03', 2),
('2015-08-03', 3),
('2015-08-03', 4),
('2015-08-03', 5),
('2015-08-03', 6),
('2015-08-04', 1),
('2015-08-04', 2),
('2015-08-04', 3),
('2015-08-04', 4),
('2015-08-04', 5),
('2015-08-04', 6),
('2015-08-05', 1),
('2015-08-05', 2),
('2015-08-05', 3),
('2015-08-05', 4),
('2015-08-05', 5),
('2015-08-05', 6),
('2015-08-06', 1),
('2015-08-06', 2),
('2015-08-06', 3),
('2015-08-06', 4),
('2015-08-06', 5),
('2015-08-06', 6),
('2015-08-07', 1),
('2015-08-07', 2),
('2015-08-07', 3),
('2015-08-07', 4),
('2015-08-07', 5),
('2015-08-07', 6),
('2015-08-08', 1),
('2015-08-08', 2),
('2015-08-08', 3),
('2015-08-08', 4),
('2015-08-08', 5),
('2015-08-08', 6),
('2015-08-09', 1),
('2015-08-09', 2),
('2015-08-09', 3),
('2015-08-09', 4),
('2015-08-09', 5),
('2015-08-09', 6),
('2015-08-10', 1),
('2015-08-10', 2),
('2015-08-10', 3),
('2015-08-10', 4),
('2015-08-10', 5),
('2015-08-10', 6),
('2015-08-11', 1),
('2015-08-11', 2),
('2015-08-11', 3),
('2015-08-11', 4),
('2015-08-11', 5),
('2015-08-11', 6),
('2015-08-12', 1),
('2015-08-12', 2),
('2015-08-12', 3),
('2015-08-12', 4),
('2015-08-12', 5),
('2015-08-12', 6),
('2015-08-13', 1),
('2015-08-13', 2),
('2015-08-13', 3),
('2015-08-13', 4),
('2015-08-13', 5),
('2015-08-13', 6),
('2015-08-14', 1),
('2015-08-14', 2),
('2015-08-14', 3),
('2015-08-14', 4),
('2015-08-14', 5),
('2015-08-14', 6),
('2015-08-15', 1),
('2015-08-15', 2),
('2015-08-15', 3),
('2015-08-15', 4),
('2015-08-15', 5),
('2015-08-15', 6),
('2015-08-16', 1),
('2015-08-16', 2),
('2015-08-16', 3),
('2015-08-16', 4),
('2015-08-16', 5),
('2015-08-16', 6),
('2015-08-17', 1),
('2015-08-17', 2),
('2015-08-17', 3),
('2015-08-17', 4),
('2015-08-17', 5),
('2015-08-17', 6),
('2015-08-18', 1),
('2015-08-18', 2),
('2015-08-18', 3),
('2015-08-18', 4),
('2015-08-18', 5),
('2015-08-18', 6),
('2015-08-19', 1),
('2015-08-19', 2),
('2015-08-19', 3),
('2015-08-19', 4),
('2015-08-19', 5),
('2015-08-19', 6),
('2015-08-20', 1),
('2015-08-20', 2),
('2015-08-20', 3),
('2015-08-20', 4),
('2015-08-20', 5),
('2015-08-20', 6),
('2015-08-21', 1),
('2015-08-21', 2),
('2015-08-21', 3),
('2015-08-21', 4),
('2015-08-21', 5),
('2015-08-21', 6),
('2015-08-22', 1),
('2015-08-22', 2),
('2015-08-22', 3),
('2015-08-22', 4),
('2015-08-22', 5),
('2015-08-22', 6),
('2015-08-23', 1),
('2015-08-23', 2),
('2015-08-23', 3),
('2015-08-23', 4),
('2015-08-23', 5),
('2015-08-23', 6),
('2015-08-24', 1),
('2015-08-24', 2),
('2015-08-24', 3),
('2015-08-24', 4),
('2015-08-24', 5),
('2015-08-24', 6),
('2015-08-25', 1),
('2015-08-25', 2),
('2015-08-25', 3),
('2015-08-25', 4),
('2015-08-25', 5),
('2015-08-25', 6),
('2015-08-26', 1),
('2015-08-26', 2),
('2015-08-26', 3),
('2015-08-26', 4),
('2015-08-26', 5),
('2015-08-26', 6),
('2015-08-27', 1),
('2015-08-27', 2),
('2015-08-27', 3),
('2015-08-27', 4),
('2015-08-27', 5),
('2015-08-27', 6),
('2015-08-28', 1),
('2015-08-28', 2),
('2015-08-28', 3),
('2015-08-28', 4),
('2015-08-28', 5),
('2015-08-28', 6),
('2015-08-29', 1),
('2015-08-29', 2),
('2015-08-29', 3),
('2015-08-29', 4),
('2015-08-29', 5),
('2015-08-29', 6),
('2015-08-30', 1),
('2015-08-30', 2),
('2015-08-30', 3),
('2015-08-30', 4),
('2015-08-30', 5),
('2015-08-30', 6),
('2015-08-31', 1),
('2015-08-31', 2),
('2015-08-31', 3),
('2015-08-31', 4),
('2015-08-31', 5),
('2015-08-31', 6),
('2015-09-01', 1),
('2015-09-01', 2),
('2015-09-01', 3),
('2015-09-01', 4),
('2015-09-01', 5),
('2015-09-01', 6),
('2015-09-02', 1),
('2015-09-02', 2),
('2015-09-02', 3),
('2015-09-02', 4),
('2015-09-02', 5),
('2015-09-02', 6),
('2015-09-03', 1),
('2015-09-03', 2),
('2015-09-03', 3),
('2015-09-03', 4),
('2015-09-03', 5),
('2015-09-03', 6),
('2015-09-04', 1),
('2015-09-04', 2),
('2015-09-04', 3),
('2015-09-04', 4),
('2015-09-04', 5),
('2015-09-04', 6),
('2015-09-05', 1),
('2015-09-05', 2),
('2015-09-05', 3),
('2015-09-05', 4),
('2015-09-05', 5),
('2015-09-05', 6),
('2015-09-06', 1),
('2015-09-06', 2),
('2015-09-06', 3),
('2015-09-06', 4),
('2015-09-06', 5),
('2015-09-06', 6),
('2015-09-07', 1),
('2015-09-07', 2),
('2015-09-07', 3),
('2015-09-07', 4),
('2015-09-07', 5),
('2015-09-07', 6),
('2015-09-08', 1),
('2015-09-08', 2),
('2015-09-08', 3),
('2015-09-08', 4),
('2015-09-08', 5),
('2015-09-08', 6),
('2015-09-09', 1),
('2015-09-09', 2),
('2015-09-09', 3),
('2015-09-09', 4),
('2015-09-09', 5),
('2015-09-09', 6),
('2015-09-10', 1),
('2015-09-10', 2),
('2015-09-10', 3),
('2015-09-10', 4),
('2015-09-10', 5),
('2015-09-10', 6),
('2015-09-11', 1),
('2015-09-11', 2),
('2015-09-11', 3),
('2015-09-11', 4),
('2015-09-11', 5),
('2015-09-11', 6),
('2015-09-12', 1),
('2015-09-12', 2),
('2015-09-12', 3),
('2015-09-12', 4),
('2015-09-12', 5),
('2015-09-12', 6),
('2015-09-13', 1),
('2015-09-13', 2),
('2015-09-13', 3),
('2015-09-13', 4),
('2015-09-13', 5),
('2015-09-13', 6),
('2015-09-14', 1),
('2015-09-14', 2),
('2015-09-14', 3),
('2015-09-14', 4),
('2015-09-14', 5),
('2015-09-14', 6),
('2015-09-15', 1),
('2015-09-15', 2),
('2015-09-15', 3),
('2015-09-15', 4),
('2015-09-15', 5),
('2015-09-15', 6),
('2015-09-16', 1),
('2015-09-16', 2),
('2015-09-16', 3),
('2015-09-16', 4),
('2015-09-16', 5),
('2015-09-16', 6),
('2015-09-17', 1),
('2015-09-17', 2),
('2015-09-17', 3),
('2015-09-17', 4),
('2015-09-17', 5),
('2015-09-17', 6),
('2015-09-18', 1),
('2015-09-18', 2),
('2015-09-18', 3),
('2015-09-18', 4),
('2015-09-18', 5),
('2015-09-18', 6),
('2015-09-19', 1),
('2015-09-19', 2),
('2015-09-19', 3),
('2015-09-19', 4),
('2015-09-19', 5),
('2015-09-19', 6),
('2015-09-20', 1),
('2015-09-20', 2),
('2015-09-20', 3),
('2015-09-20', 4),
('2015-09-20', 5),
('2015-09-20', 6),
('2015-09-21', 1),
('2015-09-21', 2),
('2015-09-21', 3),
('2015-09-21', 4),
('2015-09-21', 5),
('2015-09-21', 6),
('2015-09-22', 1),
('2015-09-22', 2),
('2015-09-22', 3),
('2015-09-22', 4),
('2015-09-22', 5),
('2015-09-22', 6),
('2015-09-23', 1),
('2015-09-23', 2),
('2015-09-23', 3),
('2015-09-23', 4),
('2015-09-23', 5),
('2015-09-23', 6),
('2015-09-24', 1),
('2015-09-24', 2),
('2015-09-24', 3),
('2015-09-24', 4),
('2015-09-24', 5),
('2015-09-24', 6),
('2015-09-25', 1),
('2015-09-25', 2),
('2015-09-25', 3),
('2015-09-25', 4),
('2015-09-25', 5),
('2015-09-25', 6),
('2015-09-26', 1),
('2015-09-26', 2),
('2015-09-26', 3),
('2015-09-26', 4),
('2015-09-26', 5),
('2015-09-26', 6),
('2015-09-27', 1),
('2015-09-27', 2),
('2015-09-27', 3),
('2015-09-27', 4),
('2015-09-27', 5),
('2015-09-27', 6),
('2015-09-28', 1),
('2015-09-28', 2),
('2015-09-28', 3),
('2015-09-28', 4),
('2015-09-28', 5),
('2015-09-28', 6),
('2015-09-29', 1),
('2015-09-29', 2),
('2015-09-29', 3),
('2015-09-29', 4),
('2015-09-29', 5),
('2015-09-29', 6),
('2015-09-30', 1),
('2015-09-30', 2),
('2015-09-30', 3),
('2015-09-30', 4),
('2015-09-30', 5),
('2015-09-30', 6),
('2015-10-01', 1),
('2015-10-01', 2),
('2015-10-01', 3),
('2015-10-01', 4),
('2015-10-01', 5),
('2015-10-01', 6),
('2015-10-02', 1),
('2015-10-02', 2),
('2015-10-02', 3),
('2015-10-02', 4),
('2015-10-02', 5),
('2015-10-02', 6),
('2015-10-03', 1),
('2015-10-03', 2),
('2015-10-03', 3),
('2015-10-03', 4),
('2015-10-03', 5),
('2015-10-03', 6),
('2015-10-04', 1),
('2015-10-04', 2),
('2015-10-04', 3),
('2015-10-04', 4),
('2015-10-04', 5),
('2015-10-04', 6),
('2015-10-05', 1),
('2015-10-05', 2),
('2015-10-05', 3),
('2015-10-05', 4),
('2015-10-05', 5),
('2015-10-05', 6),
('2015-10-06', 1),
('2015-10-06', 2),
('2015-10-06', 3),
('2015-10-06', 4),
('2015-10-06', 5),
('2015-10-06', 6),
('2015-10-07', 1),
('2015-10-07', 2),
('2015-10-07', 3),
('2015-10-07', 4),
('2015-10-07', 5),
('2015-10-07', 6),
('2015-10-08', 1),
('2015-10-08', 2),
('2015-10-08', 3),
('2015-10-08', 4),
('2015-10-08', 5),
('2015-10-08', 6),
('2015-10-09', 1),
('2015-10-09', 2),
('2015-10-09', 3),
('2015-10-09', 4),
('2015-10-09', 5),
('2015-10-09', 6),
('2015-10-10', 1),
('2015-10-10', 2),
('2015-10-10', 3),
('2015-10-10', 4),
('2015-10-10', 5),
('2015-10-10', 6),
('2015-10-11', 1),
('2015-10-11', 2),
('2015-10-11', 3),
('2015-10-11', 4),
('2015-10-11', 5),
('2015-10-11', 6),
('2015-10-12', 1),
('2015-10-12', 2),
('2015-10-12', 3),
('2015-10-12', 4),
('2015-10-12', 5),
('2015-10-12', 6),
('2015-10-13', 1),
('2015-10-13', 2),
('2015-10-13', 3),
('2015-10-13', 4),
('2015-10-13', 5),
('2015-10-13', 6),
('2015-10-14', 1),
('2015-10-14', 2),
('2015-10-14', 3),
('2015-10-14', 4),
('2015-10-14', 5),
('2015-10-14', 6),
('2015-10-15', 1),
('2015-10-15', 2),
('2015-10-15', 3),
('2015-10-15', 4),
('2015-10-15', 5),
('2015-10-15', 6),
('2015-10-16', 1),
('2015-10-16', 2),
('2015-10-16', 3),
('2015-10-16', 4),
('2015-10-16', 5),
('2015-10-16', 6),
('2015-10-17', 1),
('2015-10-17', 2),
('2015-10-17', 3),
('2015-10-17', 4),
('2015-10-17', 5),
('2015-10-17', 6),
('2015-10-18', 1),
('2015-10-18', 2),
('2015-10-18', 3),
('2015-10-18', 4),
('2015-10-18', 5),
('2015-10-18', 6),
('2015-10-19', 1),
('2015-10-19', 2),
('2015-10-19', 3),
('2015-10-19', 4),
('2015-10-19', 5),
('2015-10-19', 6),
('2015-10-20', 1),
('2015-10-20', 2),
('2015-10-20', 3),
('2015-10-20', 4),
('2015-10-20', 5),
('2015-10-20', 6),
('2015-10-21', 1),
('2015-10-21', 2),
('2015-10-21', 3),
('2015-10-21', 4),
('2015-10-21', 5),
('2015-10-21', 6),
('2015-10-22', 1),
('2015-10-22', 2),
('2015-10-22', 3),
('2015-10-22', 4),
('2015-10-22', 5),
('2015-10-22', 6),
('2015-10-23', 1),
('2015-10-23', 2),
('2015-10-23', 3),
('2015-10-23', 4),
('2015-10-23', 5),
('2015-10-23', 6),
('2015-10-24', 1),
('2015-10-24', 2),
('2015-10-24', 3),
('2015-10-24', 4),
('2015-10-24', 5),
('2015-10-24', 6),
('2015-10-25', 1),
('2015-10-25', 2),
('2015-10-25', 3),
('2015-10-25', 4),
('2015-10-25', 5),
('2015-10-25', 6),
('2015-10-26', 1),
('2015-10-26', 2),
('2015-10-26', 3),
('2015-10-26', 4),
('2015-10-26', 5),
('2015-10-26', 6),
('2015-10-27', 1),
('2015-10-27', 2),
('2015-10-27', 3),
('2015-10-27', 4),
('2015-10-27', 5),
('2015-10-27', 6),
('2015-10-28', 1),
('2015-10-28', 2),
('2015-10-28', 3),
('2015-10-28', 4),
('2015-10-28', 5),
('2015-10-28', 6),
('2015-10-29', 1),
('2015-10-29', 2),
('2015-10-29', 3),
('2015-10-29', 4),
('2015-10-29', 5),
('2015-10-29', 6),
('2015-10-30', 1),
('2015-10-30', 2),
('2015-10-30', 3),
('2015-10-30', 4),
('2015-10-30', 5),
('2015-10-30', 6),
('2015-10-31', 1),
('2015-10-31', 2),
('2015-10-31', 3),
('2015-10-31', 4),
('2015-10-31', 5),
('2015-10-31', 6),
('2015-11-01', 1),
('2015-11-01', 2),
('2015-11-01', 3),
('2015-11-01', 4),
('2015-11-01', 5),
('2015-11-01', 6),
('2015-11-02', 1),
('2015-11-02', 2),
('2015-11-02', 3),
('2015-11-02', 4),
('2015-11-02', 5),
('2015-11-02', 6),
('2015-11-03', 1),
('2015-11-03', 2),
('2015-11-03', 3),
('2015-11-03', 4),
('2015-11-03', 5),
('2015-11-03', 6),
('2015-11-04', 1),
('2015-11-04', 2),
('2015-11-04', 3),
('2015-11-04', 4),
('2015-11-04', 5),
('2015-11-04', 6),
('2015-11-05', 1),
('2015-11-05', 2),
('2015-11-05', 3),
('2015-11-05', 4),
('2015-11-05', 5),
('2015-11-05', 6),
('2015-11-06', 1),
('2015-11-06', 2),
('2015-11-06', 3),
('2015-11-06', 4),
('2015-11-06', 5),
('2015-11-06', 6),
('2015-11-07', 1),
('2015-11-07', 2),
('2015-11-07', 3),
('2015-11-07', 4),
('2015-11-07', 5),
('2015-11-07', 6),
('2015-11-08', 1),
('2015-11-08', 2),
('2015-11-08', 3),
('2015-11-08', 4),
('2015-11-08', 5),
('2015-11-08', 6),
('2015-11-09', 1),
('2015-11-09', 2),
('2015-11-09', 3),
('2015-11-09', 4),
('2015-11-09', 5),
('2015-11-09', 6),
('2015-11-10', 1),
('2015-11-10', 2),
('2015-11-10', 3),
('2015-11-10', 4),
('2015-11-10', 5),
('2015-11-10', 6),
('2015-11-11', 1),
('2015-11-11', 2),
('2015-11-11', 3),
('2015-11-11', 4),
('2015-11-11', 5),
('2015-11-11', 6),
('2015-11-12', 1),
('2015-11-12', 2),
('2015-11-12', 3),
('2015-11-12', 4),
('2015-11-12', 5),
('2015-11-12', 6),
('2015-11-13', 1),
('2015-11-13', 2),
('2015-11-13', 3),
('2015-11-13', 4),
('2015-11-13', 5),
('2015-11-13', 6),
('2015-11-14', 1),
('2015-11-14', 2),
('2015-11-14', 3),
('2015-11-14', 4),
('2015-11-14', 5),
('2015-11-14', 6),
('2015-11-15', 1),
('2015-11-15', 2),
('2015-11-15', 3),
('2015-11-15', 4),
('2015-11-15', 5),
('2015-11-15', 6),
('2015-11-16', 1),
('2015-11-16', 2),
('2015-11-16', 3),
('2015-11-16', 4),
('2015-11-16', 5),
('2015-11-16', 6),
('2015-11-17', 1),
('2015-11-17', 2),
('2015-11-17', 3),
('2015-11-17', 4),
('2015-11-17', 5),
('2015-11-17', 6),
('2015-11-18', 1),
('2015-11-18', 2),
('2015-11-18', 3),
('2015-11-18', 4),
('2015-11-18', 5),
('2015-11-18', 6),
('2015-11-19', 1),
('2015-11-19', 2),
('2015-11-19', 3),
('2015-11-19', 4),
('2015-11-19', 5),
('2015-11-19', 6),
('2015-11-20', 1),
('2015-11-20', 2),
('2015-11-20', 3),
('2015-11-20', 4),
('2015-11-20', 5),
('2015-11-20', 6),
('2015-11-21', 1),
('2015-11-21', 2),
('2015-11-21', 3),
('2015-11-21', 4),
('2015-11-21', 5),
('2015-11-21', 6),
('2015-11-22', 1),
('2015-11-22', 2),
('2015-11-22', 3),
('2015-11-22', 4),
('2015-11-22', 5),
('2015-11-22', 6),
('2015-11-23', 1),
('2015-11-23', 2),
('2015-11-23', 3),
('2015-11-23', 4),
('2015-11-23', 5),
('2015-11-23', 6),
('2015-11-24', 1),
('2015-11-24', 2),
('2015-11-24', 3),
('2015-11-24', 4),
('2015-11-24', 5),
('2015-11-24', 6),
('2015-11-25', 1),
('2015-11-25', 2),
('2015-11-25', 3),
('2015-11-25', 4),
('2015-11-25', 5),
('2015-11-25', 6),
('2015-11-26', 1),
('2015-11-26', 2),
('2015-11-26', 3),
('2015-11-26', 4),
('2015-11-26', 5),
('2015-11-26', 6),
('2015-11-27', 1),
('2015-11-27', 2),
('2015-11-27', 3),
('2015-11-27', 4),
('2015-11-27', 5),
('2015-11-27', 6),
('2015-11-28', 1),
('2015-11-28', 2),
('2015-11-28', 3),
('2015-11-28', 4),
('2015-11-28', 5),
('2015-11-28', 6),
('2015-11-29', 1),
('2015-11-29', 2),
('2015-11-29', 3),
('2015-11-29', 4),
('2015-11-29', 5),
('2015-11-29', 6),
('2015-11-30', 1),
('2015-11-30', 2),
('2015-11-30', 3),
('2015-11-30', 4),
('2015-11-30', 5),
('2015-11-30', 6),
('2015-12-01', 1),
('2015-12-01', 2),
('2015-12-01', 3),
('2015-12-01', 4),
('2015-12-01', 5),
('2015-12-01', 6),
('2015-12-02', 1),
('2015-12-02', 2),
('2015-12-02', 3),
('2015-12-02', 4),
('2015-12-02', 5),
('2015-12-02', 6),
('2015-12-03', 1),
('2015-12-03', 2),
('2015-12-03', 3),
('2015-12-03', 4),
('2015-12-03', 5),
('2015-12-03', 6),
('2015-12-04', 1),
('2015-12-04', 2),
('2015-12-04', 3),
('2015-12-04', 4),
('2015-12-04', 5),
('2015-12-04', 6),
('2015-12-05', 1),
('2015-12-05', 2),
('2015-12-05', 3),
('2015-12-05', 4),
('2015-12-05', 5),
('2015-12-05', 6),
('2015-12-06', 1),
('2015-12-06', 2),
('2015-12-06', 3),
('2015-12-06', 4),
('2015-12-06', 5),
('2015-12-06', 6),
('2015-12-07', 1),
('2015-12-07', 2),
('2015-12-07', 3),
('2015-12-07', 4),
('2015-12-07', 5),
('2015-12-07', 6),
('2015-12-08', 1),
('2015-12-08', 2),
('2015-12-08', 3),
('2015-12-08', 4),
('2015-12-08', 5),
('2015-12-08', 6),
('2015-12-09', 1),
('2015-12-09', 2),
('2015-12-09', 3),
('2015-12-09', 4),
('2015-12-09', 5),
('2015-12-09', 6),
('2015-12-10', 1),
('2015-12-10', 2),
('2015-12-10', 3),
('2015-12-10', 4),
('2015-12-10', 5),
('2015-12-10', 6),
('2015-12-11', 1),
('2015-12-11', 2),
('2015-12-11', 3),
('2015-12-11', 4),
('2015-12-11', 5),
('2015-12-11', 6),
('2015-12-12', 1),
('2015-12-12', 2),
('2015-12-12', 3),
('2015-12-12', 4),
('2015-12-12', 5),
('2015-12-12', 6),
('2015-12-13', 1),
('2015-12-13', 2),
('2015-12-13', 3),
('2015-12-13', 4),
('2015-12-13', 5),
('2015-12-13', 6),
('2015-12-14', 1),
('2015-12-14', 2),
('2015-12-14', 3),
('2015-12-14', 4),
('2015-12-14', 5),
('2015-12-14', 6),
('2015-12-15', 1),
('2015-12-15', 2),
('2015-12-15', 3),
('2015-12-15', 4),
('2015-12-15', 5),
('2015-12-15', 6),
('2015-12-16', 1),
('2015-12-16', 2),
('2015-12-16', 3),
('2015-12-16', 4),
('2015-12-16', 5),
('2015-12-16', 6),
('2015-12-17', 1),
('2015-12-17', 2),
('2015-12-17', 3),
('2015-12-17', 4),
('2015-12-17', 5),
('2015-12-17', 6),
('2015-12-18', 1),
('2015-12-18', 2),
('2015-12-18', 3),
('2015-12-18', 4),
('2015-12-18', 5),
('2015-12-18', 6),
('2015-12-19', 1),
('2015-12-19', 2),
('2015-12-19', 3),
('2015-12-19', 4),
('2015-12-19', 5),
('2015-12-19', 6),
('2015-12-20', 1),
('2015-12-20', 2),
('2015-12-20', 3),
('2015-12-20', 4),
('2015-12-20', 5),
('2015-12-20', 6),
('2015-12-21', 1),
('2015-12-21', 2),
('2015-12-21', 3),
('2015-12-21', 4),
('2015-12-21', 5),
('2015-12-21', 6),
('2015-12-22', 1),
('2015-12-22', 2),
('2015-12-22', 3),
('2015-12-22', 4),
('2015-12-22', 5),
('2015-12-22', 6),
('2015-12-23', 1),
('2015-12-23', 2),
('2015-12-23', 3),
('2015-12-23', 4),
('2015-12-23', 5),
('2015-12-23', 6),
('2015-12-24', 1),
('2015-12-24', 2),
('2015-12-24', 3),
('2015-12-24', 4),
('2015-12-24', 5),
('2015-12-24', 6),
('2015-12-25', 1),
('2015-12-25', 2),
('2015-12-25', 3),
('2015-12-25', 4),
('2015-12-25', 5),
('2015-12-25', 6),
('2015-12-26', 1),
('2015-12-26', 2),
('2015-12-26', 3),
('2015-12-26', 4),
('2015-12-26', 5),
('2015-12-26', 6),
('2015-12-27', 1),
('2015-12-27', 2),
('2015-12-27', 3),
('2015-12-27', 4),
('2015-12-27', 5),
('2015-12-27', 6),
('2015-12-28', 1),
('2015-12-28', 2),
('2015-12-28', 3),
('2015-12-28', 4),
('2015-12-28', 5),
('2015-12-28', 6),
('2015-12-29', 1),
('2015-12-29', 2),
('2015-12-29', 3),
('2015-12-29', 4),
('2015-12-29', 5),
('2015-12-29', 6),
('2015-12-30', 1),
('2015-12-30', 2),
('2015-12-30', 3),
('2015-12-30', 4),
('2015-12-30', 5),
('2015-12-30', 6),
('2015-12-31', 1),
('2015-12-31', 2),
('2015-12-31', 3),
('2015-12-31', 4),
('2015-12-31', 5),
('2015-12-31', 6);

-- --------------------------------------------------------

--
-- Structure de la table `planning_prof`
--

CREATE TABLE `planning_prof` (
  `id_professionnel` int(11) NOT NULL,
  `id_date` date NOT NULL,
  `id_etat` varchar(5) NOT NULL
) ENGINE=InnoDB DEFAULT CHARSET=utf8;

--
-- Contenu de la table `planning_prof`
--

INSERT INTO `planning_prof` (`id_professionnel`, `id_date`, `id_etat`) VALUES
(1, '2015-04-10', 'AM'),
(1, '2015-04-08', 'AT'),
(1, '2015-04-04', 'C'),
(1, '2015-04-11', 'C'),
(1, '2015-04-12', 'C'),
(1, '2015-04-13', 'C'),
(1, '2015-04-02', 'J'),
(1, '2015-04-05', 'J'),
(1, '2015-04-16', 'J'),
(1, '2015-04-21', 'J'),
(1, '2015-04-01', 'S'),
(1, '2015-04-06', 'S'),
(1, '2015-04-07', 'S'),
(1, '2015-04-18', 'S'),
(1, '2015-04-19', 'S'),
(1, '2015-04-20', 'S'),
(2, '2015-04-10', 'AM'),
(2, '2015-04-11', 'AM'),
(2, '2015-04-01', 'C'),
(2, '2015-04-02', 'C'),
(2, '2015-04-03', 'C'),
(2, '2015-04-04', 'C'),
(2, '2015-04-05', 'S'),
(2, '2015-04-06', 'S'),
(2, '2015-04-07', 'S'),
(2, '2015-04-08', 'S'),
(2, '2015-04-19', 'S'),
(2, '2015-04-20', 'S'),
(3, '2015-04-01', 'AM'),
(3, '2015-04-02', 'AM'),
(3, '2015-04-05', 'C'),
(3, '2015-04-06', 'C'),
(3, '2015-04-07', 'C'),
(3, '2015-04-08', 'C'),
(3, '2015-04-09', 'C'),
(3, '2015-04-03', 'J'),
(3, '2015-04-21', 'J'),
(3, '2015-04-29', 'S'),
(3, '2015-04-30', 'S'),
(5, '2015-04-02', 'J'),
(5, '2015-04-14', 'J'),
(7, '2015-04-01', 'AT'),
(7, '2015-04-02', 'AT'),
(7, '2015-04-03', 'AT'),
(7, '2015-04-04', 'AT'),
(7, '2015-04-05', 'AT'),
(7, '2015-04-13', 'J'),
(7, '2015-04-17', 'J'),
(7, '2015-04-08', 'S'),
(7, '2015-04-09', 'S'),
(7, '2015-04-10', 'S'),
(7, '2015-04-11', 'S'),
(7, '2015-04-12', 'S'),
(8, '2015-04-10', 'J'),
(8, '2015-04-02', 'S'),
(8, '2015-04-03', 'S'),
(8, '2015-04-04', 'S'),
(8, '2015-04-05', 'S'),
(8, '2015-04-06', 'S'),
(8, '2015-04-07', 'S'),
(8, '2015-04-12', 'S'),
(8, '2015-04-13', 'S'),
(8, '2015-04-14', 'S'),
(8, '2015-04-15', 'S'),
(10, '2015-04-05', 'C'),
(10, '2015-04-06', 'C'),
(10, '2015-04-07', 'C'),
(10, '2015-04-01', 'J'),
(11, '2015-04-04', 'J'),
(11, '2015-04-22', 'J'),
(11, '2015-04-11', 'S'),
(11, '2015-04-12', 'S'),
(11, '2015-04-13', 'S'),
(13, '2015-04-01', 'C'),
(13, '2015-04-02', 'C'),
(13, '2015-04-03', 'C'),
(13, '2015-04-04', 'C'),
(13, '2015-04-05', 'C'),
(13, '2015-04-06', 'C'),
(13, '2015-04-07', 'C'),
(13, '2015-04-08', 'C'),
(13, '2015-04-09', 'C'),
(13, '2015-04-10', 'C'),
(13, '2015-04-11', 'C'),
(13, '2015-04-12', 'C'),
(13, '2015-04-13', 'J'),
(21, '2015-04-15', 'J'),
(23, '2015-04-16', 'C'),
(23, '2015-04-17', 'C'),
(23, '2015-04-18', 'C'),
(23, '2015-04-19', 'C'),
(23, '2015-04-20', 'C'),
(23, '2015-04-21', 'C'),
(23, '2015-04-01', 'J'),
(23, '2015-04-11', 'J'),
(24, '2015-04-24', 'C'),
(24, '2015-04-25', 'C'),
(24, '2015-04-26', 'C'),
(24, '2015-04-27', 'C'),
(24, '2015-04-28', 'C'),
(24, '2015-04-29', 'C'),
(24, '2015-04-30', 'C'),
(24, '2015-04-08', 'N'),
(24, '2015-04-16', 'N'),
(38, '2015-04-11', 'AM'),
(38, '2015-04-12', 'AM'),
(38, '2015-04-13', 'AM'),
(38, '2015-04-14', 'AM'),
(38, '2015-04-15', 'AM'),
(38, '2015-04-16', 'AM'),
(38, '2015-04-17', 'AM'),
(38, '2015-04-18', 'AM'),
(38, '2015-04-19', 'AM'),
(38, '2015-04-01', 'C'),
(38, '2015-04-02', 'C'),
(38, '2015-04-03', 'C'),
(38, '2015-04-04', 'C'),
(38, '2015-04-05', 'C'),
(38, '2015-04-06', 'C'),
(38, '2015-04-09', 'N'),
(42, '2015-04-01', 'N'),
(44, '2015-04-01', 'C'),
(44, '2015-04-02', 'C'),
(44, '2015-04-03', 'C'),
(44, '2015-04-04', 'C'),
(44, '2015-04-05', 'C'),
(44, '2015-04-06', 'C'),
(44, '2015-04-07', 'C'),
(44, '2015-04-09', 'N'),
(44, '2015-04-15', 'N'),
(50, '2015-04-08', 'AT'),
(50, '2015-04-09', 'AT'),
(50, '2015-04-10', 'AT'),
(50, '2015-04-11', 'AT'),
(50, '2015-04-12', 'AT'),
(50, '2015-04-13', 'AT'),
(50, '2015-04-14', 'AT'),
(50, '2015-04-15', 'AT'),
(50, '2015-04-16', 'AT'),
(50, '2015-04-17', 'AT'),
(50, '2015-04-18', 'AT'),
(50, '2015-04-19', 'AT'),
(50, '2015-04-20', 'AT'),
(50, '2015-04-21', 'AT'),
(50, '2015-04-22', 'AT'),
(50, '2015-04-23', 'AT'),
(50, '2015-04-24', 'AT'),
(50, '2015-04-25', 'AT'),
(50, '2015-04-26', 'AT'),
(50, '2015-04-27', 'AT'),
(50, '2015-04-03', 'C'),
(50, '2015-04-04', 'C'),
(50, '2015-04-05', 'C'),
(50, '2015-04-06', 'C'),
(51, '2015-04-05', 'N'),
(51, '2015-04-16', 'N'),
(51, '2015-04-06', 'S'),
(51, '2015-04-07', 'S'),
(51, '2015-04-08', 'S'),
(51, '2015-04-09', 'S'),
(51, '2015-04-10', 'S'),
(53, '2015-04-16', 'N'),
(53, '2015-04-17', 'N'),
(53, '2015-04-01', 'S'),
(53, '2015-04-02', 'S'),
(53, '2015-04-03', 'S'),
(53, '2015-04-04', 'S'),
(53, '2015-04-05', 'S'),
(53, '2015-04-06', 'S'),
(55, '2015-04-04', 'C'),
(55, '2015-04-05', 'C'),
(55, '2015-04-06', 'C'),
(55, '2015-04-07', 'C'),
(55, '2015-04-08', 'C'),
(55, '2015-04-09', 'C'),
(55, '2015-04-10', 'C'),
(55, '2015-04-11', 'C'),
(55, '2015-04-13', 'N');

-- --------------------------------------------------------

--
-- Structure de la table `planning_vol`
--

CREATE TABLE `planning_vol` (
  `id_volontaire` int(11) NOT NULL,
  `id_tranche` int(11) NOT NULL,
  `id_date` date NOT NULL,
  `id_etat` varchar(5) NOT NULL,
  `garde` tinyint(1) NOT NULL
) ENGINE=InnoDB DEFAULT CHARSET=utf8;

--
-- Contenu de la table `planning_vol`
--

INSERT INTO `planning_vol` (`id_volontaire`, `id_tranche`, `id_date`, `id_etat`, `garde`) VALUES
(57, 1, '2015-03-07', 'DI', 0),
(57, 1, '2015-03-08', 'DG', 0),
(57, 1, '2015-03-09', 'TR', 0),
(57, 1, '2015-03-10', 'IN', 0),
(57, 1, '2015-03-11', 'IN', 0),
(57, 1, '2015-03-12', 'IN', 0),
(57, 1, '2015-03-13', 'TR', 0),
(57, 1, '2015-03-14', 'DG', 0),
(57, 1, '2015-03-15', 'TR', 0),
(57, 1, '2015-03-16', 'TR', 0),
(57, 1, '2015-03-17', 'DG', 0),
(57, 1, '2015-03-18', 'TR', 0),
(57, 1, '2015-03-19', 'DI', 0),
(57, 1, '2015-03-20', 'DG', 0),
(57, 1, '2015-03-21', 'IN', 0),
(57, 1, '2015-03-22', 'DG', 0),
(57, 1, '2015-03-23', 'TR', 0),
(57, 1, '2015-03-24', 'DI', 0),
(57, 1, '2015-03-25', 'IN', 0),
(57, 1, '2015-03-26', 'DG', 0),
(57, 1, '2015-03-27', 'IN', 0),
(57, 1, '2015-03-28', 'IN', 0),
(57, 1, '2015-03-29', 'IN', 0),
(57, 1, '2015-03-30', 'TR', 0),
(57, 2, '2015-03-07', 'DG', 0),
(57, 2, '2015-03-08', 'DI', 0),
(57, 2, '2015-03-09', 'IN', 0),
(57, 2, '2015-03-10', 'TR', 0),
(57, 2, '2015-03-11', 'DG', 0),
(57, 2, '2015-03-12', 'TR', 0),
(57, 2, '2015-03-13', 'DI', 0),
(57, 2, '2015-03-14', 'TR', 0),
(57, 2, '2015-03-15', 'DG', 0),
(57, 2, '2015-03-16', 'DG', 0),
(57, 2, '2015-03-17', 'DI', 0),
(57, 2, '2015-03-18', 'TR', 0),
(57, 2, '2015-03-19', 'IN', 0),
(57, 2, '2015-03-20', 'TR', 0),
(57, 2, '2015-03-21', 'TR', 0),
(57, 2, '2015-03-22', 'DI', 0),
(57, 2, '2015-03-23', 'DI', 0),
(57, 2, '2015-03-24', 'DI', 0),
(57, 2, '2015-03-25', 'TR', 0),
(57, 2, '2015-03-26', 'DG', 0),
(57, 2, '2015-03-27', 'IN', 0),
(57, 2, '2015-03-28', 'DI', 0),
(57, 2, '2015-03-29', 'IN', 0),
(57, 2, '2015-03-30', 'DI', 0),
(57, 3, '2015-03-07', 'DG', 0),
(57, 3, '2015-03-08', 'TR', 0),
(57, 3, '2015-03-09', 'DG', 0),
(57, 3, '2015-03-10', 'IN', 0),
(57, 3, '2015-03-11', 'DI', 0),
(57, 3, '2015-03-12', 'DI', 0),
(57, 3, '2015-03-13', 'DI', 0),
(57, 3, '2015-03-14', 'DG', 0),
(57, 3, '2015-03-15', 'TR', 0),
(57, 3, '2015-03-16', 'TR', 0),
(57, 3, '2015-03-17', 'IN', 0),
(57, 3, '2015-03-18', 'DG', 0),
(57, 3, '2015-03-19', 'TR', 0),
(57, 3, '2015-03-20', 'IN', 0),
(57, 3, '2015-03-21', 'DI', 0),
(57, 3, '2015-03-22', 'TR', 0),
(57, 3, '2015-03-23', 'IN', 0),
(57, 3, '2015-03-24', 'DG', 0),
(57, 3, '2015-03-25', 'DG', 0),
(57, 3, '2015-03-26', 'TR', 0),
(57, 3, '2015-03-27', 'TR', 0),
(57, 3, '2015-03-28', 'TR', 0),
(57, 3, '2015-03-29', 'DG', 0),
(57, 3, '2015-03-30', 'TR', 0),
(57, 4, '2015-03-07', 'TR', 0),
(57, 4, '2015-03-08', 'IN', 0),
(57, 4, '2015-03-09', 'TR', 0),
(57, 4, '2015-03-10', 'DG', 0),
(57, 4, '2015-03-11', 'TR', 0),
(57, 4, '2015-03-12', 'DG', 0),
(57, 4, '2015-03-13', 'DG', 0),
(57, 4, '2015-03-14', 'DI', 0),
(57, 4, '2015-03-15', 'DI', 0),
(57, 4, '2015-03-16', 'TR', 0),
(57, 4, '2015-03-17', 'DI', 0),
(57, 4, '2015-03-18', 'TR', 0),
(57, 4, '2015-03-19', 'TR', 0),
(57, 4, '2015-03-20', 'DG', 0),
(57, 4, '2015-03-21', 'DI', 0),
(57, 4, '2015-03-22', 'DI', 0),
(57, 4, '2015-03-23', 'IN', 0),
(57, 4, '2015-03-24', 'DG', 0),
(57, 4, '2015-03-25', 'TR', 0),
(57, 4, '2015-03-26', 'TR', 0),
(57, 4, '2015-03-27', 'DI', 0),
(57, 4, '2015-03-28', 'DI', 0),
(57, 4, '2015-03-29', 'DI', 0),
(57, 4, '2015-03-30', 'TR', 0),
(57, 5, '2015-03-06', 'DG', 0),
(57, 5, '2015-03-07', 'TR', 0),
(57, 5, '2015-03-08', 'TR', 0),
(57, 5, '2015-03-09', 'DG', 0),
(57, 5, '2015-03-10', 'TR', 0),
(57, 5, '2015-03-11', 'IN', 0),
(57, 5, '2015-03-12', 'DI', 0),
(57, 5, '2015-03-13', 'IN', 0),
(57, 5, '2015-03-14', 'DG', 0),
(57, 5, '2015-03-15', 'DI', 0),
(57, 5, '2015-03-16', 'IN', 0),
(57, 5, '2015-03-17', 'DG', 0),
(57, 5, '2015-03-18', 'DG', 0),
(57, 5, '2015-03-19', 'DI', 0),
(57, 5, '2015-03-20', 'DI', 0),
(57, 5, '2015-03-21', 'DG', 0),
(57, 5, '2015-03-22', 'IN', 0),
(57, 5, '2015-03-23', 'IN', 0),
(57, 5, '2015-03-24', 'DI', 0),
(57, 5, '2015-03-25', 'TR', 0),
(57, 5, '2015-03-26', 'DI', 0),
(57, 5, '2015-03-27', 'TR', 0),
(57, 5, '2015-03-28', 'IN', 0),
(57, 5, '2015-03-29', 'DG', 0),
(57, 5, '2015-03-30', 'TR', 0),
(57, 6, '2015-03-07', 'DI', 0),
(57, 6, '2015-03-08', 'TR', 0),
(57, 6, '2015-03-09', 'TR', 0),
(57, 6, '2015-03-10', 'DI', 0),
(57, 6, '2015-03-11', 'IN', 0),
(57, 6, '2015-03-12', 'IN', 0),
(57, 6, '2015-03-13', 'TR', 0),
(57, 6, '2015-03-14', 'DI', 0),
(57, 6, '2015-03-15', 'TR', 0),
(57, 6, '2015-03-16', 'DG', 0),
(57, 6, '2015-03-17', 'DG', 0),
(57, 6, '2015-03-18', 'DG', 0),
(57, 6, '2015-03-19', 'IN', 0),
(57, 6, '2015-03-20', 'DG', 0),
(57, 6, '2015-03-21', 'DG', 0),
(57, 6, '2015-03-22', 'TR', 0),
(57, 6, '2015-03-23', 'TR', 0),
(57, 6, '2015-03-24', 'IN', 0),
(57, 6, '2015-03-25', 'TR', 0),
(57, 6, '2015-03-26', 'DI', 0),
(57, 6, '2015-03-27', 'TR', 0),
(57, 6, '2015-03-28', 'DI', 0),
(57, 6, '2015-03-29', 'DG', 0),
(57, 6, '2015-03-30', 'IN', 0),
(71, 1, '2015-03-01', 'DI', 0),
(71, 1, '2015-03-02', 'IN', 0),
(71, 1, '2015-03-03', 'DI', 0),
(71, 1, '2015-03-04', 'IN', 0),
(71, 1, '2015-03-05', 'DG', 0),
(71, 1, '2015-03-06', 'DI', 0),
(71, 1, '2015-03-07', 'IN', 0),
(71, 1, '2015-03-08', 'DI', 0),
(71, 1, '2015-03-09', 'IN', 0),
(71, 1, '2015-03-10', 'TR', 0),
(71, 1, '2015-03-11', 'DG', 0),
(71, 1, '2015-03-12', 'DG', 0),
(71, 1, '2015-03-13', 'DG', 0),
(71, 1, '2015-03-14', 'TR', 0),
(71, 1, '2015-03-15', 'DG', 0),
(71, 1, '2015-03-16', 'DI', 0),
(71, 1, '2015-03-17', 'DG', 0),
(71, 1, '2015-03-18', 'DG', 0),
(71, 1, '2015-03-19', 'DI', 0),
(71, 1, '2015-03-20', 'DG', 0),
(71, 1, '2015-03-21', 'DG', 0),
(71, 1, '2015-03-22', 'IN', 0),
(71, 1, '2015-03-23', 'IN', 0),
(71, 1, '2015-03-24', 'TR', 0),
(71, 1, '2015-03-25', 'IN', 0),
(71, 1, '2015-03-26', 'IN', 0),
(71, 1, '2015-03-27', 'IN', 0),
(71, 1, '2015-03-28', 'TR', 0),
(71, 1, '2015-03-29', 'DI', 0),
(71, 1, '2015-03-30', 'IN', 0),
(71, 2, '2015-03-01', 'IN', 0),
(71, 2, '2015-03-02', 'TR', 0),
(71, 2, '2015-03-03', 'IN', 0),
(71, 2, '2015-03-04', 'IN', 0),
(71, 2, '2015-03-05', 'DG', 0),
(71, 2, '2015-03-06', 'DG', 0),
(71, 2, '2015-03-07', 'TR', 0),
(71, 2, '2015-03-08', 'TR', 0),
(71, 2, '2015-03-09', 'DI', 0),
(71, 2, '2015-03-10', 'DI', 0),
(71, 2, '2015-03-11', 'DI', 0),
(71, 2, '2015-03-12', 'DG', 0),
(71, 2, '2015-03-13', 'TR', 0),
(71, 2, '2015-03-14', 'DG', 0),
(71, 2, '2015-03-15', 'TR', 0),
(71, 2, '2015-03-16', 'TR', 0),
(71, 2, '2015-03-17', 'IN', 0),
(71, 2, '2015-03-18', 'IN', 0),
(71, 2, '2015-03-19', 'IN', 0),
(71, 2, '2015-03-20', 'TR', 0),
(71, 2, '2015-03-21', 'TR', 0),
(71, 2, '2015-03-22', 'DG', 0),
(71, 2, '2015-03-23', 'DI', 0),
(71, 2, '2015-03-24', 'TR', 0),
(71, 2, '2015-03-25', 'TR', 0),
(71, 2, '2015-03-26', 'IN', 0),
(71, 2, '2015-03-27', 'DI', 0),
(71, 2, '2015-03-28', 'IN', 0),
(71, 2, '2015-03-29', 'DG', 0),
(71, 2, '2015-03-30', 'DI', 0),
(71, 3, '2015-03-01', 'TR', 0),
(71, 3, '2015-03-02', 'DG', 0),
(71, 3, '2015-03-03', 'DI', 0),
(71, 3, '2015-03-04', 'IN', 0),
(71, 3, '2015-03-05', 'DG', 0),
(71, 3, '2015-03-06', 'TR', 0),
(71, 3, '2015-03-07', 'DG', 0),
(71, 3, '2015-03-08', 'DI', 0),
(71, 3, '2015-03-09', 'TR', 0),
(71, 3, '2015-03-10', 'DI', 0),
(71, 3, '2015-03-11', 'DG', 0),
(71, 3, '2015-03-12', 'DG', 0),
(71, 3, '2015-03-13', 'IN', 0),
(71, 3, '2015-03-14', 'IN', 0),
(71, 3, '2015-03-15', 'TR', 0),
(71, 3, '2015-03-16', 'DI', 0),
(71, 3, '2015-03-17', 'TR', 0),
(71, 3, '2015-03-18', 'DG', 0),
(71, 3, '2015-03-19', 'DI', 0),
(71, 3, '2015-03-20', 'DI', 0),
(71, 3, '2015-03-21', 'TR', 0),
(71, 3, '2015-03-22', 'DG', 0),
(71, 3, '2015-03-23', 'TR', 0),
(71, 3, '2015-03-24', 'DI', 0),
(71, 3, '2015-03-25', 'TR', 0),
(71, 3, '2015-03-26', 'DG', 0),
(71, 3, '2015-03-27', 'DI', 0),
(71, 3, '2015-03-28', 'DG', 0),
(71, 3, '2015-03-29', 'TR', 0),
(71, 3, '2015-03-30', 'DI', 0),
(71, 4, '2015-03-01', 'IN', 0),
(71, 4, '2015-03-02', 'DI', 0),
(71, 4, '2015-03-03', 'DG', 0),
(71, 4, '2015-03-04', 'IN', 0),
(71, 4, '2015-03-05', 'DI', 0),
(71, 4, '2015-03-06', 'IN', 0),
(71, 4, '2015-03-07', 'DG', 0),
(71, 4, '2015-03-08', 'TR', 0),
(71, 4, '2015-03-09', 'TR', 0),
(71, 4, '2015-03-10', 'DG', 0),
(71, 4, '2015-03-11', 'DI', 0),
(71, 4, '2015-03-12', 'DI', 0),
(71, 4, '2015-03-13', 'DG', 0),
(71, 4, '2015-03-14', 'TR', 0),
(71, 4, '2015-03-15', 'TR', 0),
(71, 4, '2015-03-16', 'TR', 0),
(71, 4, '2015-03-17', 'IN', 0),
(71, 4, '2015-03-18', 'IN', 0),
(71, 4, '2015-03-19', 'IN', 0),
(71, 4, '2015-03-20', 'DI', 0),
(71, 4, '2015-03-21', 'DI', 0),
(71, 4, '2015-03-22', 'DI', 0),
(71, 4, '2015-03-23', 'DI', 0),
(71, 4, '2015-03-24', 'DG', 0),
(71, 4, '2015-03-25', 'DG', 0),
(71, 4, '2015-03-26', 'IN', 0),
(71, 4, '2015-03-27', 'IN', 0),
(71, 4, '2015-03-28', 'IN', 0),
(71, 4, '2015-03-29', 'TR', 0),
(71, 4, '2015-03-30', 'DI', 0),
(71, 5, '2015-03-01', 'IN', 0),
(71, 5, '2015-03-02', 'DI', 0),
(71, 5, '2015-03-03', 'IN', 0),
(71, 5, '2015-03-04', 'DI', 0),
(71, 5, '2015-03-05', 'DI', 0),
(71, 5, '2015-03-06', 'DI', 0),
(71, 5, '2015-03-07', 'IN', 0),
(71, 5, '2015-03-08', 'TR', 0),
(71, 5, '2015-03-09', 'DG', 0),
(71, 5, '2015-03-10', 'DI', 0),
(71, 5, '2015-03-11', 'DG', 0),
(71, 5, '2015-03-12', 'IN', 0),
(71, 5, '2015-03-13', 'IN', 0),
(71, 5, '2015-03-14', 'IN', 0),
(71, 5, '2015-03-15', 'DI', 0),
(71, 5, '2015-03-16', 'TR', 0),
(71, 5, '2015-03-17', 'DG', 0),
(71, 5, '2015-03-18', 'DG', 0),
(71, 5, '2015-03-19', 'DI', 0),
(71, 5, '2015-03-20', 'TR', 0),
(71, 5, '2015-03-21', 'DI', 0),
(71, 5, '2015-03-22', 'DI', 0),
(71, 5, '2015-03-23', 'DI', 0),
(71, 5, '2015-03-24', 'TR', 0),
(71, 5, '2015-03-25', 'IN', 0),
(71, 5, '2015-03-26', 'DI', 0),
(71, 5, '2015-03-27', 'DG', 0),
(71, 5, '2015-03-28', 'DI', 0),
(71, 5, '2015-03-29', 'DG', 0),
(71, 5, '2015-03-30', 'DG', 0),
(71, 6, '2015-03-01', 'DI', 0),
(71, 6, '2015-03-02', 'IN', 0),
(71, 6, '2015-03-03', 'TR', 0),
(71, 6, '2015-03-04', 'TR', 0),
(71, 6, '2015-03-05', 'DI', 0),
(71, 6, '2015-03-06', 'TR', 0),
(71, 6, '2015-03-07', 'IN', 0),
(71, 6, '2015-03-08', 'TR', 0),
(71, 6, '2015-03-09', 'IN', 0),
(71, 6, '2015-03-10', 'DG', 0),
(71, 6, '2015-03-11', 'TR', 0),
(71, 6, '2015-03-12', 'DI', 0),
(71, 6, '2015-03-13', 'TR', 0),
(71, 6, '2015-03-14', 'IN', 0),
(71, 6, '2015-03-15', 'DG', 0),
(71, 6, '2015-03-16', 'TR', 0),
(71, 6, '2015-03-17', 'IN', 0),
(71, 6, '2015-03-18', 'TR', 0),
(71, 6, '2015-03-19', 'IN', 0),
(71, 6, '2015-03-20', 'DG', 0),
(71, 6, '2015-03-21', 'DI', 0),
(71, 6, '2015-03-22', 'DG', 0),
(71, 6, '2015-03-23', 'DI', 0),
(71, 6, '2015-03-24', 'IN', 0),
(71, 6, '2015-03-25', 'TR', 0),
(71, 6, '2015-03-26', 'DI', 0),
(71, 6, '2015-03-27', 'DG', 0),
(71, 6, '2015-03-28', 'DG', 0),
(71, 6, '2015-03-29', 'IN', 0),
(71, 6, '2015-03-30', 'IN', 0),
(150, 1, '2015-03-01', 'DG', 0),
(150, 1, '2015-03-02', 'DI', 0),
(150, 1, '2015-03-03', 'TR', 0),
(150, 1, '2015-03-04', 'DG', 0),
(150, 1, '2015-03-05', 'TR', 0),
(150, 1, '2015-03-06', 'DI', 0),
(150, 1, '2015-03-07', 'DI', 0),
(150, 1, '2015-03-08', 'TR', 0),
(150, 1, '2015-03-09', 'IN', 0),
(150, 1, '2015-03-10', 'TR', 0),
(150, 1, '2015-03-11', 'TR', 0),
(150, 1, '2015-03-12', 'IN', 0),
(150, 1, '2015-03-13', 'DG', 0),
(150, 1, '2015-03-14', 'DI', 0),
(150, 1, '2015-03-15', 'DI', 0),
(150, 1, '2015-03-16', 'DG', 0),
(150, 1, '2015-03-17', 'IN', 0),
(150, 1, '2015-03-18', 'IN', 0),
(150, 1, '2015-03-19', 'IN', 0),
(150, 1, '2015-03-20', 'DI', 0),
(150, 1, '2015-03-21', 'DG', 0),
(150, 1, '2015-03-22', 'TR', 0),
(150, 1, '2015-03-23', 'DG', 0),
(150, 1, '2015-03-24', 'IN', 0),
(150, 1, '2015-03-25', 'DG', 0),
(150, 1, '2015-03-26', 'TR', 0),
(150, 1, '2015-03-27', 'DI', 0),
(150, 1, '2015-03-28', 'IN', 0),
(150, 1, '2015-03-29', 'DG', 0),
(150, 1, '2015-03-30', 'DI', 0),
(150, 2, '2015-03-01', 'TR', 0),
(150, 2, '2015-03-02', 'TR', 0),
(150, 2, '2015-03-03', 'TR', 0),
(150, 2, '2015-03-04', 'DG', 0),
(150, 2, '2015-03-05', 'DI', 0),
(150, 2, '2015-03-06', 'DI', 0),
(150, 2, '2015-03-07', 'TR', 0),
(150, 2, '2015-03-08', 'DI', 0),
(150, 2, '2015-03-09', 'DG', 0),
(150, 2, '2015-03-10', 'IN', 0),
(150, 2, '2015-03-11', 'DG', 0),
(150, 2, '2015-03-12', 'IN', 0),
(150, 2, '2015-03-13', 'DI', 0),
(150, 2, '2015-03-14', 'DG', 0),
(150, 2, '2015-03-15', 'IN', 0),
(150, 2, '2015-03-16', 'DI', 0),
(150, 2, '2015-03-17', 'DG', 0),
(150, 2, '2015-03-18', 'DI', 0),
(150, 2, '2015-03-19', 'TR', 0),
(150, 2, '2015-03-20', 'DI', 0),
(150, 2, '2015-03-21', 'DI', 0),
(150, 2, '2015-03-22', 'TR', 0),
(150, 2, '2015-03-23', 'DG', 0),
(150, 2, '2015-03-24', 'TR', 0),
(150, 2, '2015-03-25', 'TR', 0),
(150, 2, '2015-03-26', 'DG', 0),
(150, 2, '2015-03-27', 'IN', 0),
(150, 2, '2015-03-28', 'DG', 0),
(150, 2, '2015-03-29', 'DI', 0),
(150, 2, '2015-03-30', 'IN', 0),
(150, 3, '2015-03-01', 'IN', 0),
(150, 3, '2015-03-02', 'IN', 0),
(150, 3, '2015-03-03', 'DG', 0),
(150, 3, '2015-03-04', 'DG', 0),
(150, 3, '2015-03-05', 'TR', 0),
(150, 3, '2015-03-06', 'DI', 0),
(150, 3, '2015-03-07', 'TR', 0),
(150, 3, '2015-03-08', 'IN', 0),
(150, 3, '2015-03-09', 'IN', 0),
(150, 3, '2015-03-10', 'DG', 0),
(150, 3, '2015-03-11', 'TR', 0),
(150, 3, '2015-03-12', 'TR', 0),
(150, 3, '2015-03-13', 'DI', 0),
(150, 3, '2015-03-14', 'DG', 0),
(150, 3, '2015-03-15', 'DG', 0),
(150, 3, '2015-03-16', 'DG', 0),
(150, 3, '2015-03-17', 'IN', 0),
(150, 3, '2015-03-18', 'IN', 0),
(150, 3, '2015-03-19', 'DG', 0),
(150, 3, '2015-03-20', 'IN', 0),
(150, 3, '2015-03-21', 'DG', 0),
(150, 3, '2015-03-22', 'TR', 0),
(150, 3, '2015-03-23', 'DG', 0),
(150, 3, '2015-03-24', 'DI', 0),
(150, 3, '2015-03-25', 'DG', 0),
(150, 3, '2015-03-26', 'DG', 0),
(150, 3, '2015-03-27', 'TR', 0),
(150, 3, '2015-03-28', 'DI', 0),
(150, 3, '2015-03-29', 'TR', 0),
(150, 3, '2015-03-30', 'TR', 0),
(150, 4, '2015-03-01', 'DI', 0),
(150, 4, '2015-03-02', 'DI', 0),
(150, 4, '2015-03-03', 'DI', 0),
(150, 4, '2015-03-04', 'DI', 0),
(150, 4, '2015-03-05', 'TR', 0),
(150, 4, '2015-03-06', 'TR', 0),
(150, 4, '2015-03-07', 'DI', 0),
(150, 4, '2015-03-08', 'TR', 0),
(150, 4, '2015-03-09', 'DI', 0),
(150, 4, '2015-03-10', 'IN', 0),
(150, 4, '2015-03-11', 'DG', 0),
(150, 4, '2015-03-12', 'DG', 0),
(150, 4, '2015-03-13', 'DI', 0),
(150, 4, '2015-03-14', 'DI', 0),
(150, 4, '2015-03-15', 'DI', 0),
(150, 4, '2015-03-16', 'DI', 0),
(150, 4, '2015-03-17', 'IN', 0),
(150, 4, '2015-03-18', 'TR', 0),
(150, 4, '2015-03-19', 'IN', 0),
(150, 4, '2015-03-20', 'TR', 0),
(150, 4, '2015-03-21', 'DI', 0),
(150, 4, '2015-03-22', 'IN', 0),
(150, 4, '2015-03-23', 'DI', 0),
(150, 4, '2015-03-24', 'TR', 0),
(150, 4, '2015-03-25', 'DI', 0),
(150, 4, '2015-03-26', 'TR', 0),
(150, 4, '2015-03-27', 'TR', 0),
(150, 4, '2015-03-28', 'DG', 0),
(150, 4, '2015-03-29', 'DI', 0),
(150, 4, '2015-03-30', 'DI', 0),
(150, 5, '2015-03-01', 'DI', 0),
(150, 5, '2015-03-02', 'TR', 0),
(150, 5, '2015-03-03', 'IN', 0),
(150, 5, '2015-03-04', 'DI', 0),
(150, 5, '2015-03-05', 'DG', 0),
(150, 5, '2015-03-06', 'TR', 0),
(150, 5, '2015-03-07', 'TR', 0),
(150, 5, '2015-03-08', 'IN', 0),
(150, 5, '2015-03-09', 'DI', 0),
(150, 5, '2015-03-10', 'DI', 0),
(150, 5, '2015-03-11', 'TR', 0),
(150, 5, '2015-03-12', 'IN', 0),
(150, 5, '2015-03-13', 'TR', 0),
(150, 5, '2015-03-14', 'DG', 0),
(150, 5, '2015-03-15', 'DG', 0),
(150, 5, '2015-03-16', 'IN', 0),
(150, 5, '2015-03-17', 'DI', 0),
(150, 5, '2015-03-18', 'IN', 0),
(150, 5, '2015-03-19', 'TR', 0),
(150, 5, '2015-03-20', 'IN', 0),
(150, 5, '2015-03-21', 'DG', 0),
(150, 5, '2015-03-22', 'DG', 0),
(150, 5, '2015-03-23', 'DI', 0),
(150, 5, '2015-03-24', 'IN', 0),
(150, 5, '2015-03-25', 'IN', 0),
(150, 5, '2015-03-26', 'TR', 0),
(150, 5, '2015-03-27', 'TR', 0),
(150, 5, '2015-03-28', 'DI', 0),
(150, 5, '2015-03-29', 'TR', 0),
(150, 5, '2015-03-30', 'IN', 0),
(150, 6, '2015-03-01', 'DG', 0),
(150, 6, '2015-03-02', 'TR', 0),
(150, 6, '2015-03-03', 'TR', 0),
(150, 6, '2015-03-04', 'DI', 0),
(150, 6, '2015-03-05', 'DG', 0),
(150, 6, '2015-03-06', 'IN', 0),
(150, 6, '2015-03-07', 'IN', 0),
(150, 6, '2015-03-08', 'DI', 0),
(150, 6, '2015-03-09', 'DI', 0),
(150, 6, '2015-03-10', 'IN', 0),
(150, 6, '2015-03-11', 'TR', 0),
(150, 6, '2015-03-12', 'TR', 0),
(150, 6, '2015-03-13', 'DG', 0),
(150, 6, '2015-03-14', 'DI', 0),
(150, 6, '2015-03-15', 'IN', 0),
(150, 6, '2015-03-16', 'TR', 0),
(150, 6, '2015-03-17', 'TR', 0),
(150, 6, '2015-03-18', 'IN', 0),
(150, 6, '2015-03-19', 'IN', 0),
(150, 6, '2015-03-20', 'DG', 0),
(150, 6, '2015-03-21', 'DG', 0),
(150, 6, '2015-03-22', 'IN', 0),
(150, 6, '2015-03-23', 'DI', 0),
(150, 6, '2015-03-24', 'IN', 0),
(150, 6, '2015-03-25', 'IN', 0),
(150, 6, '2015-03-26', 'DI', 0),
(150, 6, '2015-03-27', 'IN', 0),
(150, 6, '2015-03-28', 'DG', 0),
(150, 6, '2015-03-29', 'TR', 0),
(150, 6, '2015-03-30', 'TR', 0),
(151, 1, '2015-03-01', 'DG', 0),
(151, 1, '2015-03-02', 'IN', 0),
(151, 1, '2015-03-03', 'IN', 0),
(151, 1, '2015-03-04', 'DG', 0),
(151, 1, '2015-03-05', 'TR', 0),
(151, 1, '2015-03-06', 'TR', 0),
(151, 1, '2015-03-07', 'IN', 0),
(151, 1, '2015-03-08', 'DI', 0),
(151, 1, '2015-03-09', 'DI', 0),
(151, 1, '2015-03-10', 'TR', 0),
(151, 1, '2015-03-11', 'DI', 0),
(151, 1, '2015-03-12', 'DI', 0),
(151, 1, '2015-03-13', 'DI', 0),
(151, 1, '2015-03-14', 'DG', 0),
(151, 1, '2015-03-15', 'TR', 0),
(151, 1, '2015-03-16', 'DI', 0),
(151, 1, '2015-03-17', 'DI', 0),
(151, 1, '2015-03-18', 'DG', 0),
(151, 1, '2015-03-19', 'DI', 0),
(151, 1, '2015-03-20', 'TR', 0),
(151, 1, '2015-03-21', 'IN', 0),
(151, 1, '2015-03-22', 'IN', 0),
(151, 1, '2015-03-23', 'TR', 0),
(151, 1, '2015-03-24', 'IN', 0),
(151, 1, '2015-03-25', 'DI', 0),
(151, 1, '2015-03-26', 'IN', 0),
(151, 1, '2015-03-27', 'DI', 0),
(151, 1, '2015-03-28', 'DG', 0),
(151, 1, '2015-03-29', 'IN', 0),
(151, 1, '2015-03-30', 'DI', 0),
(151, 2, '2015-03-01', 'DG', 0),
(151, 2, '2015-03-02', 'TR', 0),
(151, 2, '2015-03-03', 'DI', 0),
(151, 2, '2015-03-04', 'DI', 0),
(151, 2, '2015-03-05', 'DI', 0),
(151, 2, '2015-03-06', 'IN', 0),
(151, 2, '2015-03-07', 'TR', 0),
(151, 2, '2015-03-08', 'IN', 0),
(151, 2, '2015-03-09', 'IN', 0),
(151, 2, '2015-03-10', 'IN', 0),
(151, 2, '2015-03-11', 'IN', 0),
(151, 2, '2015-03-12', 'DG', 0),
(151, 2, '2015-03-13', 'TR', 0),
(151, 2, '2015-03-14', 'DI', 0),
(151, 2, '2015-03-15', 'DI', 0),
(151, 2, '2015-03-16', 'DI', 0),
(151, 2, '2015-03-17', 'TR', 0),
(151, 2, '2015-03-18', 'TR', 0),
(151, 2, '2015-03-19', 'DG', 0),
(151, 2, '2015-03-20', 'DG', 0),
(151, 2, '2015-03-21', 'DI', 0),
(151, 2, '2015-03-22', 'DG', 0),
(151, 2, '2015-03-23', 'IN', 0),
(151, 2, '2015-03-24', 'IN', 0),
(151, 2, '2015-03-25', 'DI', 0),
(151, 2, '2015-03-26', 'DI', 0),
(151, 2, '2015-03-27', 'DG', 0),
(151, 2, '2015-03-28', 'IN', 0),
(151, 2, '2015-03-29', 'IN', 0),
(151, 2, '2015-03-30', 'DG', 0),
(151, 3, '2015-03-01', 'DG', 0),
(151, 3, '2015-03-02', 'IN', 0),
(151, 3, '2015-03-03', 'IN', 0),
(151, 3, '2015-03-04', 'DG', 0),
(151, 3, '2015-03-05', 'IN', 0),
(151, 3, '2015-03-06', 'DI', 0),
(151, 3, '2015-03-07', 'DI', 0),
(151, 3, '2015-03-08', 'DI', 0),
(151, 3, '2015-03-09', 'DG', 0),
(151, 3, '2015-03-10', 'DI', 0),
(151, 3, '2015-03-11', 'DG', 0),
(151, 3, '2015-03-12', 'IN', 0),
(151, 3, '2015-03-13', 'TR', 0),
(151, 3, '2015-03-14', 'DI', 0),
(151, 3, '2015-03-15', 'TR', 0),
(151, 3, '2015-03-16', 'IN', 0),
(151, 3, '2015-03-17', 'DG', 0),
(151, 3, '2015-03-18', 'TR', 0),
(151, 3, '2015-03-19', 'DI', 0),
(151, 3, '2015-03-20', 'IN', 0),
(151, 3, '2015-03-21', 'IN', 0),
(151, 3, '2015-03-22', 'DG', 0),
(151, 3, '2015-03-23', 'IN', 0),
(151, 3, '2015-03-24', 'DG', 0),
(151, 3, '2015-03-25', 'DG', 0),
(151, 3, '2015-03-26', 'DI', 0),
(151, 3, '2015-03-27', 'DI', 0),
(151, 3, '2015-03-28', 'DI', 0),
(151, 3, '2015-03-29', 'DG', 0),
(151, 3, '2015-03-30', 'TR', 0),
(151, 4, '2015-03-01', 'TR', 0),
(151, 4, '2015-03-02', 'TR', 0),
(151, 4, '2015-03-03', 'DG', 0),
(151, 4, '2015-03-04', 'DI', 0),
(151, 4, '2015-03-05', 'IN', 0),
(151, 4, '2015-03-06', 'DG', 0),
(151, 4, '2015-03-07', 'DG', 0),
(151, 4, '2015-03-08', 'DG', 0),
(151, 4, '2015-03-09', 'TR', 0),
(151, 4, '2015-03-10', 'IN', 0),
(151, 4, '2015-03-11', 'TR', 0),
(151, 4, '2015-03-12', 'TR', 0),
(151, 4, '2015-03-13', 'DG', 0),
(151, 4, '2015-03-14', 'DG', 0),
(151, 4, '2015-03-15', 'DI', 0),
(151, 4, '2015-03-16', 'DG', 0),
(151, 4, '2015-03-17', 'TR', 0),
(151, 4, '2015-03-18', 'DG', 0),
(151, 4, '2015-03-19', 'TR', 0),
(151, 4, '2015-03-20', 'DI', 0),
(151, 4, '2015-03-21', 'TR', 0),
(151, 4, '2015-03-22', 'DI', 0),
(151, 4, '2015-03-23', 'DI', 0),
(151, 4, '2015-03-24', 'DI', 0),
(151, 4, '2015-03-25', 'DG', 0),
(151, 4, '2015-03-26', 'DG', 0),
(151, 4, '2015-03-27', 'DG', 0),
(151, 4, '2015-03-28', 'IN', 0),
(151, 4, '2015-03-29', 'DG', 0),
(151, 4, '2015-03-30', 'DI', 0),
(151, 5, '2015-03-01', 'DI', 0),
(151, 5, '2015-03-02', 'DI', 0),
(151, 5, '2015-03-03', 'DI', 0),
(151, 5, '2015-03-04', 'DI', 0),
(151, 5, '2015-03-05', 'TR', 0),
(151, 5, '2015-03-06', 'DI', 0),
(151, 5, '2015-03-07', 'DI', 0),
(151, 5, '2015-03-08', 'DG', 0),
(151, 5, '2015-03-09', 'IN', 0),
(151, 5, '2015-03-10', 'IN', 0),
(151, 5, '2015-03-11', 'IN', 0),
(151, 5, '2015-03-12', 'DI', 0),
(151, 5, '2015-03-13', 'IN', 0),
(151, 5, '2015-03-14', 'TR', 0),
(151, 5, '2015-03-15', 'DI', 0),
(151, 5, '2015-03-16', 'DG', 0),
(151, 5, '2015-03-17', 'TR', 0),
(151, 5, '2015-03-18', 'DI', 0),
(151, 5, '2015-03-19', 'DG', 0),
(151, 5, '2015-03-20', 'DI', 0),
(151, 5, '2015-03-21', 'IN', 0),
(151, 5, '2015-03-22', 'IN', 0),
(151, 5, '2015-03-23', 'TR', 0),
(151, 5, '2015-03-24', 'DG', 0),
(151, 5, '2015-03-25', 'IN', 0),
(151, 5, '2015-03-26', 'DI', 0),
(151, 5, '2015-03-27', 'DI', 0),
(151, 5, '2015-03-28', 'TR', 0),
(151, 5, '2015-03-29', 'TR', 0),
(151, 5, '2015-03-30', 'DI', 0),
(151, 6, '2015-03-01', 'DI', 0),
(151, 6, '2015-03-02', 'IN', 0),
(151, 6, '2015-03-03', 'TR', 0),
(151, 6, '2015-03-04', 'DG', 0),
(151, 6, '2015-03-05', 'DI', 0),
(151, 6, '2015-03-06', 'DI', 0),
(151, 6, '2015-03-07', 'IN', 0),
(151, 6, '2015-03-08', 'IN', 0),
(151, 6, '2015-03-09', 'IN', 0),
(151, 6, '2015-03-10', 'DG', 0),
(151, 6, '2015-03-11', 'DI', 0),
(151, 6, '2015-03-12', 'DG', 0),
(151, 6, '2015-03-13', 'IN', 0),
(151, 6, '2015-03-14', 'DG', 0),
(151, 6, '2015-03-15', 'TR', 0),
(151, 6, '2015-03-16', 'DI', 0),
(151, 6, '2015-03-17', 'DI', 0),
(151, 6, '2015-03-18', 'TR', 0),
(151, 6, '2015-03-19', 'DI', 0),
(151, 6, '2015-03-20', 'IN', 0),
(151, 6, '2015-03-21', 'TR', 0),
(151, 6, '2015-03-22', 'DI', 0),
(151, 6, '2015-03-23', 'DI', 0),
(151, 6, '2015-03-24', 'DI', 0),
(151, 6, '2015-03-25', 'DG', 0),
(151, 6, '2015-03-26', 'DG', 0),
(151, 6, '2015-03-27', 'DI', 0),
(151, 6, '2015-03-28', 'TR', 0),
(151, 6, '2015-03-29', 'IN', 0),
(151, 6, '2015-03-30', 'IN', 0),
(152, 1, '2015-03-01', 'DI', 0),
(152, 1, '2015-03-02', 'IN', 0),
(152, 1, '2015-03-03', 'TR', 0),
(152, 1, '2015-03-04', 'IN', 0),
(152, 1, '2015-03-05', 'TR', 0),
(152, 1, '2015-03-06', 'DG', 0),
(152, 1, '2015-03-07', 'DI', 0),
(152, 1, '2015-03-08', 'DG', 0),
(152, 1, '2015-03-09', 'IN', 0),
(152, 1, '2015-03-10', 'DG', 0),
(152, 1, '2015-03-11', 'TR', 0),
(152, 1, '2015-03-12', 'DG', 0),
(152, 1, '2015-03-13', 'IN', 0),
(152, 1, '2015-03-14', 'DG', 0),
(152, 1, '2015-03-15', 'TR', 0),
(152, 1, '2015-03-16', 'DG', 0),
(152, 1, '2015-03-17', 'DG', 0),
(152, 1, '2015-03-18', 'IN', 0),
(152, 1, '2015-03-19', 'TR', 0),
(152, 1, '2015-03-20', 'DG', 0),
(152, 1, '2015-03-21', 'IN', 0),
(152, 1, '2015-03-22', 'DG', 0),
(152, 1, '2015-03-23', 'DG', 0),
(152, 1, '2015-03-24', 'DG', 0),
(152, 1, '2015-03-25', 'DI', 0),
(152, 1, '2015-03-26', 'TR', 0),
(152, 1, '2015-03-27', 'IN', 0),
(152, 1, '2015-03-28', 'TR', 0),
(152, 1, '2015-03-29', 'DG', 0),
(152, 1, '2015-03-30', 'TR', 0),
(152, 2, '2015-03-01', 'DI', 0),
(152, 2, '2015-03-02', 'DG', 0),
(152, 2, '2015-03-03', 'TR', 0),
(152, 2, '2015-03-04', 'DI', 0),
(152, 2, '2015-03-05', 'IN', 0),
(152, 2, '2015-03-06', 'TR', 0),
(152, 2, '2015-03-07', 'DG', 0),
(152, 2, '2015-03-08', 'DG', 0),
(152, 2, '2015-03-09', 'TR', 0),
(152, 2, '2015-03-10', 'DI', 0),
(152, 2, '2015-03-11', 'IN', 0),
(152, 2, '2015-03-12', 'DI', 0),
(152, 2, '2015-03-13', 'DI', 0),
(152, 2, '2015-03-14', 'DG', 0),
(152, 2, '2015-03-15', 'DG', 0),
(152, 2, '2015-03-16', 'TR', 0),
(152, 2, '2015-03-17', 'DG', 0),
(152, 2, '2015-03-18', 'DI', 0),
(152, 2, '2015-03-19', 'DI', 0),
(152, 2, '2015-03-20', 'IN', 0),
(152, 2, '2015-03-21', 'IN', 0),
(152, 2, '2015-03-22', 'DI', 0),
(152, 2, '2015-03-23', 'TR', 0),
(152, 2, '2015-03-24', 'IN', 0),
(152, 2, '2015-03-25', 'TR', 0),
(152, 2, '2015-03-26', 'DG', 0),
(152, 2, '2015-03-27', 'DG', 0),
(152, 2, '2015-03-28', 'DI', 0),
(152, 2, '2015-03-29', 'TR', 0),
(152, 2, '2015-03-30', 'DI', 0),
(152, 3, '2015-03-01', 'DI', 0),
(152, 3, '2015-03-02', 'DG', 0),
(152, 3, '2015-03-03', 'TR', 0),
(152, 3, '2015-03-04', 'TR', 0),
(152, 3, '2015-03-05', 'DG', 0),
(152, 3, '2015-03-06', 'TR', 0),
(152, 3, '2015-03-07', 'TR', 0),
(152, 3, '2015-03-08', 'TR', 0),
(152, 3, '2015-03-09', 'DI', 0),
(152, 3, '2015-03-10', 'DI', 0),
(152, 3, '2015-03-11', 'DI', 0),
(152, 3, '2015-03-12', 'IN', 0),
(152, 3, '2015-03-13', 'DI', 0),
(152, 3, '2015-03-14', 'IN', 0),
(152, 3, '2015-03-15', 'DI', 0),
(152, 3, '2015-03-16', 'DI', 0),
(152, 3, '2015-03-17', 'DG', 0),
(152, 3, '2015-03-18', 'DI', 0),
(152, 3, '2015-03-19', 'IN', 0),
(152, 3, '2015-03-20', 'IN', 0),
(152, 3, '2015-03-21', 'TR', 0),
(152, 3, '2015-03-22', 'DI', 0),
(152, 3, '2015-03-23', 'IN', 0),
(152, 3, '2015-03-24', 'DI', 0),
(152, 3, '2015-03-25', 'IN', 0),
(152, 3, '2015-03-26', 'DI', 0),
(152, 3, '2015-03-27', 'TR', 0),
(152, 3, '2015-03-28', 'DG', 0),
(152, 3, '2015-03-29', 'TR', 0),
(152, 3, '2015-03-30', 'DI', 0),
(152, 4, '2015-03-01', 'DG', 0),
(152, 4, '2015-03-02', 'IN', 0),
(152, 4, '2015-03-03', 'DG', 0),
(152, 4, '2015-03-04', 'IN', 0),
(152, 4, '2015-03-05', 'DG', 0),
(152, 4, '2015-03-06', 'TR', 0),
(152, 4, '2015-03-07', 'TR', 0),
(152, 4, '2015-03-08', 'DI', 0),
(152, 4, '2015-03-09', 'DG', 0),
(152, 4, '2015-03-10', 'DI', 0),
(152, 4, '2015-03-11', 'DG', 0),
(152, 4, '2015-03-12', 'DG', 0),
(152, 4, '2015-03-13', 'DG', 0),
(152, 4, '2015-03-14', 'DI', 0),
(152, 4, '2015-03-15', 'DG', 0),
(152, 4, '2015-03-16', 'DG', 0),
(152, 4, '2015-03-17', 'DI', 0),
(152, 4, '2015-03-18', 'DG', 0),
(152, 4, '2015-03-19', 'DI', 0),
(152, 4, '2015-03-20', 'IN', 0),
(152, 4, '2015-03-21', 'TR', 0),
(152, 4, '2015-03-22', 'DI', 0),
(152, 4, '2015-03-23', 'DG', 0),
(152, 4, '2015-03-24', 'IN', 0),
(152, 4, '2015-03-25', 'IN', 0),
(152, 4, '2015-03-26', 'DI', 0),
(152, 4, '2015-03-27', 'DI', 0),
(152, 4, '2015-03-28', 'DI', 0),
(152, 4, '2015-03-29', 'DG', 0),
(152, 4, '2015-03-30', 'DI', 0),
(152, 5, '2015-03-01', 'IN', 0),
(152, 5, '2015-03-02', 'DG', 0),
(152, 5, '2015-03-03', 'IN', 0),
(152, 5, '2015-03-04', 'TR', 0),
(152, 5, '2015-03-05', 'TR', 0),
(152, 5, '2015-03-06', 'IN', 0),
(152, 5, '2015-03-07', 'DG', 0),
(152, 5, '2015-03-08', 'DI', 0),
(152, 5, '2015-03-09', 'IN', 0),
(152, 5, '2015-03-10', 'IN', 0),
(152, 5, '2015-03-11', 'DI', 0),
(152, 5, '2015-03-12', 'TR', 0),
(152, 5, '2015-03-13', 'IN', 0),
(152, 5, '2015-03-14', 'DI', 0),
(152, 5, '2015-03-15', 'DI', 0),
(152, 5, '2015-03-16', 'DI', 0),
(152, 5, '2015-03-17', 'DI', 0),
(152, 5, '2015-03-18', 'TR', 0),
(152, 5, '2015-03-19', 'IN', 0),
(152, 5, '2015-03-20', 'DG', 0),
(152, 5, '2015-03-21', 'DI', 0),
(152, 5, '2015-03-22', 'DG', 0),
(152, 5, '2015-03-23', 'DI', 0),
(152, 5, '2015-03-24', 'DI', 0),
(152, 5, '2015-03-25', 'TR', 0),
(152, 5, '2015-03-26', 'TR', 0),
(152, 5, '2015-03-27', 'DG', 0),
(152, 5, '2015-03-28', 'DG', 0),
(152, 5, '2015-03-29', 'IN', 0),
(152, 5, '2015-03-30', 'TR', 0),
(152, 6, '2015-03-01', 'IN', 0),
(152, 6, '2015-03-02', 'DI', 0),
(152, 6, '2015-03-03', 'TR', 0),
(152, 6, '2015-03-04', 'IN', 0),
(152, 6, '2015-03-05', 'DI', 0),
(152, 6, '2015-03-06', 'TR', 0),
(152, 6, '2015-03-07', 'DI', 0),
(152, 6, '2015-03-08', 'DI', 0),
(152, 6, '2015-03-09', 'DI', 0),
(152, 6, '2015-03-10', 'IN', 0),
(152, 6, '2015-03-11', 'DI', 0),
(152, 6, '2015-03-12', 'DI', 0),
(152, 6, '2015-03-13', 'IN', 0),
(152, 6, '2015-03-14', 'DI', 0),
(152, 6, '2015-03-15', 'DI', 0),
(152, 6, '2015-03-16', 'IN', 0),
(152, 6, '2015-03-17', 'DI', 0),
(152, 6, '2015-03-18', 'DG', 0),
(152, 6, '2015-03-19', 'DG', 0),
(152, 6, '2015-03-20', 'DI', 0),
(152, 6, '2015-03-21', 'DI', 0),
(152, 6, '2015-03-22', 'DI', 0),
(152, 6, '2015-03-23', 'TR', 0),
(152, 6, '2015-03-24', 'DI', 0),
(152, 6, '2015-03-25', 'DI', 0),
(152, 6, '2015-03-26', 'TR', 0),
(152, 6, '2015-03-27', 'IN', 0),
(152, 6, '2015-03-28', 'DG', 0),
(152, 6, '2015-03-29', 'IN', 0),
(152, 6, '2015-03-30', 'DG', 0),
(153, 1, '2015-03-01', 'DI', 0),
(153, 1, '2015-03-02', 'DI', 0),
(153, 1, '2015-03-03', 'DG', 0),
(153, 1, '2015-03-04', 'IN', 0),
(153, 1, '2015-03-05', 'DI', 0),
(153, 1, '2015-03-06', 'DI', 0),
(153, 1, '2015-03-07', 'DI', 0),
(153, 1, '2015-03-08', 'DI', 0),
(153, 1, '2015-03-09', 'IN', 0),
(153, 1, '2015-03-10', 'IN', 0),
(153, 1, '2015-03-11', 'IN', 0),
(153, 1, '2015-03-12', 'TR', 0),
(153, 1, '2015-03-13', 'DI', 0),
(153, 1, '2015-03-14', 'DI', 0),
(153, 1, '2015-03-15', 'TR', 0),
(153, 1, '2015-03-16', 'DI', 0),
(153, 1, '2015-03-17', 'IN', 0),
(153, 1, '2015-03-18', 'DI', 0),
(153, 1, '2015-03-19', 'DG', 0),
(153, 1, '2015-03-20', 'DI', 0),
(153, 1, '2015-03-21', 'DG', 0),
(153, 1, '2015-03-22', 'IN', 0),
(153, 1, '2015-03-23', 'DG', 0),
(153, 1, '2015-03-24', 'DI', 0),
(153, 1, '2015-03-25', 'IN', 0),
(153, 1, '2015-03-26', 'DG', 0),
(153, 1, '2015-03-27', 'DG', 0),
(153, 1, '2015-03-28', 'DG', 0),
(153, 1, '2015-03-29', 'IN', 0),
(153, 1, '2015-03-30', 'IN', 0),
(153, 2, '2015-03-01', 'DG', 0),
(153, 2, '2015-03-02', 'TR', 0),
(153, 2, '2015-03-03', 'IN', 0),
(153, 2, '2015-03-04', 'TR', 0),
(153, 2, '2015-03-05', 'DG', 0),
(153, 2, '2015-03-06', 'TR', 0),
(153, 2, '2015-03-07', 'DG', 0),
(153, 2, '2015-03-08', 'IN', 0),
(153, 2, '2015-03-09', 'DI', 0),
(153, 2, '2015-03-10', 'DI', 0),
(153, 2, '2015-03-11', 'IN', 0),
(153, 2, '2015-03-12', 'DI', 0),
(153, 2, '2015-03-13', 'DI', 0),
(153, 2, '2015-03-14', 'DG', 0),
(153, 2, '2015-03-15', 'IN', 0),
(153, 2, '2015-03-16', 'DG', 0),
(153, 2, '2015-03-17', 'TR', 0),
(153, 2, '2015-03-18', 'DI', 0),
(153, 2, '2015-03-19', 'DI', 0),
(153, 2, '2015-03-20', 'TR', 0),
(153, 2, '2015-03-21', 'DI', 0),
(153, 2, '2015-03-22', 'DG', 0),
(153, 2, '2015-03-23', 'DI', 0),
(153, 2, '2015-03-24', 'TR', 0),
(153, 2, '2015-03-25', 'TR', 0),
(153, 2, '2015-03-26', 'IN', 0),
(153, 2, '2015-03-27', 'IN', 0),
(153, 2, '2015-03-28', 'DG', 0),
(153, 2, '2015-03-29', 'IN', 0),
(153, 2, '2015-03-30', 'DI', 0),
(153, 3, '2015-03-01', 'TR', 0),
(153, 3, '2015-03-02', 'TR', 0),
(153, 3, '2015-03-03', 'DI', 0),
(153, 3, '2015-03-04', 'DI', 0),
(153, 3, '2015-03-05', 'TR', 0),
(153, 3, '2015-03-06', 'TR', 0),
(153, 3, '2015-03-07', 'TR', 0),
(153, 3, '2015-03-08', 'DG', 0),
(153, 3, '2015-03-09', 'DI', 0),
(153, 3, '2015-03-10', 'IN', 0),
(153, 3, '2015-03-11', 'TR', 0),
(153, 3, '2015-03-12', 'DI', 0),
(153, 3, '2015-03-13', 'TR', 0),
(153, 3, '2015-03-14', 'TR', 0),
(153, 3, '2015-03-15', 'DI', 0),
(153, 3, '2015-03-16', 'TR', 0),
(153, 3, '2015-03-17', 'DI', 0),
(153, 3, '2015-03-18', 'DG', 0),
(153, 3, '2015-03-19', 'DG', 0),
(153, 3, '2015-03-20', 'DI', 0),
(153, 3, '2015-03-21', 'DG', 0),
(153, 3, '2015-03-22', 'IN', 0),
(153, 3, '2015-03-23', 'DI', 0),
(153, 3, '2015-03-24', 'DI', 0),
(153, 3, '2015-03-25', 'DI', 0),
(153, 3, '2015-03-26', 'DI', 0),
(153, 3, '2015-03-27', 'TR', 0),
(153, 3, '2015-03-28', 'IN', 0),
(153, 3, '2015-03-29', 'TR', 0),
(153, 3, '2015-03-30', 'IN', 0),
(153, 4, '2015-03-01', 'DI', 0),
(153, 4, '2015-03-02', 'DG', 0),
(153, 4, '2015-03-03', 'IN', 0),
(153, 4, '2015-03-04', 'TR', 0),
(153, 4, '2015-03-05', 'TR', 0),
(153, 4, '2015-03-06', 'IN', 0),
(153, 4, '2015-03-07', 'TR', 0),
(153, 4, '2015-03-08', 'TR', 0),
(153, 4, '2015-03-09', 'DG', 0),
(153, 4, '2015-03-10', 'IN', 0),
(153, 4, '2015-03-11', 'IN', 0),
(153, 4, '2015-03-12', 'TR', 0),
(153, 4, '2015-03-13', 'IN', 0),
(153, 4, '2015-03-14', 'DI', 0),
(153, 4, '2015-03-15', 'DI', 0),
(153, 4, '2015-03-16', 'TR', 0),
(153, 4, '2015-03-17', 'IN', 0),
(153, 4, '2015-03-18', 'DI', 0),
(153, 4, '2015-03-19', 'DI', 0),
(153, 4, '2015-03-20', 'DG', 0),
(153, 4, '2015-03-21', 'DI', 0),
(153, 4, '2015-03-22', 'DI', 0),
(153, 4, '2015-03-23', 'IN', 0),
(153, 4, '2015-03-24', 'DI', 0),
(153, 4, '2015-03-25', 'DI', 0),
(153, 4, '2015-03-26', 'DI', 0),
(153, 4, '2015-03-27', 'IN', 0),
(153, 4, '2015-03-28', 'IN', 0),
(153, 4, '2015-03-29', 'IN', 0),
(153, 4, '2015-03-30', 'TR', 0),
(153, 5, '2015-03-01', 'DG', 0),
(153, 5, '2015-03-02', 'IN', 0),
(153, 5, '2015-03-03', 'DG', 0),
(153, 5, '2015-03-04', 'IN', 0),
(153, 5, '2015-03-05', 'DI', 0),
(153, 5, '2015-03-06', 'IN', 0),
(153, 5, '2015-03-07', 'IN', 0),
(153, 5, '2015-03-08', 'DG', 0),
(153, 5, '2015-03-09', 'DI', 0),
(153, 5, '2015-03-10', 'DI', 0),
(153, 5, '2015-03-11', 'DG', 0),
(153, 5, '2015-03-12', 'TR', 0),
(153, 5, '2015-03-13', 'TR', 0),
(153, 5, '2015-03-14', 'DI', 0),
(153, 5, '2015-03-15', 'IN', 0),
(153, 5, '2015-03-16', 'TR', 0),
(153, 5, '2015-03-17', 'IN', 0),
(153, 5, '2015-03-18', 'IN', 0),
(153, 5, '2015-03-19', 'TR', 0),
(153, 5, '2015-03-20', 'DG', 0),
(153, 5, '2015-03-21', 'IN', 0),
(153, 5, '2015-03-22', 'IN', 0),
(153, 5, '2015-03-23', 'DG', 0),
(153, 5, '2015-03-24', 'DG', 0),
(153, 5, '2015-03-25', 'TR', 0),
(153, 5, '2015-03-26', 'IN', 0),
(153, 5, '2015-03-27', 'DI', 0),
(153, 5, '2015-03-28', 'DG', 0),
(153, 5, '2015-03-29', 'IN', 0),
(153, 5, '2015-03-30', 'DI', 0),
(153, 6, '2015-03-01', 'IN', 0),
(153, 6, '2015-03-02', 'DI', 0),
(153, 6, '2015-03-03', 'TR', 0),
(153, 6, '2015-03-04', 'DI', 0),
(153, 6, '2015-03-05', 'IN', 0),
(153, 6, '2015-03-06', 'TR', 0),
(153, 6, '2015-03-07', 'DI', 0),
(153, 6, '2015-03-08', 'DI', 0),
(153, 6, '2015-03-09', 'DG', 0),
(153, 6, '2015-03-10', 'TR', 0),
(153, 6, '2015-03-11', 'DG', 0),
(153, 6, '2015-03-12', 'DG', 0),
(153, 6, '2015-03-13', 'IN', 0),
(153, 6, '2015-03-14', 'DG', 0),
(153, 6, '2015-03-15', 'DG', 0),
(153, 6, '2015-03-16', 'TR', 0),
(153, 6, '2015-03-17', 'DI', 0),
(153, 6, '2015-03-18', 'DI', 0),
(153, 6, '2015-03-19', 'TR', 0),
(153, 6, '2015-03-20', 'TR', 0),
(153, 6, '2015-03-21', 'IN', 0),
(153, 6, '2015-03-22', 'IN', 0),
(153, 6, '2015-03-23', 'DI', 0),
(153, 6, '2015-03-24', 'DG', 0),
(153, 6, '2015-03-25', 'DI', 0),
(153, 6, '2015-03-26', 'DG', 0),
(153, 6, '2015-03-27', 'DI', 0),
(153, 6, '2015-03-28', 'DG', 0),
(153, 6, '2015-03-29', 'TR', 0),
(153, 6, '2015-03-30', 'TR', 0),
(154, 1, '2015-03-01', 'IN', 0),
(154, 1, '2015-03-02', 'DG', 0),
(154, 1, '2015-03-03', 'DG', 0),
(154, 1, '2015-03-04', 'IN', 0),
(154, 1, '2015-03-05', 'TR', 0),
(154, 1, '2015-03-06', 'DI', 0),
(154, 1, '2015-03-07', 'TR', 0),
(154, 1, '2015-03-08', 'DI', 0),
(154, 1, '2015-03-09', 'DI', 0),
(154, 1, '2015-03-10', 'IN', 0),
(154, 1, '2015-03-11', 'IN', 0),
(154, 1, '2015-03-12', 'DI', 0),
(154, 1, '2015-03-13', 'IN', 0),
(154, 1, '2015-03-14', 'TR', 0),
(154, 1, '2015-03-15', 'DG', 0),
(154, 1, '2015-03-16', 'IN', 0),
(154, 1, '2015-03-17', 'TR', 0),
(154, 1, '2015-03-18', 'TR', 0),
(154, 1, '2015-03-19', 'DI', 0),
(154, 1, '2015-03-20', 'DG', 0),
(154, 1, '2015-03-21', 'IN', 0),
(154, 1, '2015-03-22', 'TR', 0),
(154, 1, '2015-03-23', 'DG', 0),
(154, 1, '2015-03-24', 'DG', 0),
(154, 1, '2015-03-25', 'DG', 0),
(154, 1, '2015-03-26', 'DI', 0),
(154, 1, '2015-03-27', 'DI', 0),
(154, 1, '2015-03-28', 'IN', 0),
(154, 1, '2015-03-29', 'TR', 0),
(154, 1, '2015-03-30', 'DG', 0),
(154, 2, '2015-03-01', 'TR', 0),
(154, 2, '2015-03-02', 'DI', 0),
(154, 2, '2015-03-03', 'TR', 0),
(154, 2, '2015-03-04', 'IN', 0),
(154, 2, '2015-03-05', 'IN', 0),
(154, 2, '2015-03-06', 'IN', 0),
(154, 2, '2015-03-07', 'DI', 0),
(154, 2, '2015-03-08', 'DI', 0),
(154, 2, '2015-03-09', 'DG', 0),
(154, 2, '2015-03-10', 'IN', 0),
(154, 2, '2015-03-11', 'DI', 0),
(154, 2, '2015-03-12', 'DG', 0),
(154, 2, '2015-03-13', 'IN', 0),
(154, 2, '2015-03-14', 'TR', 0),
(154, 2, '2015-03-15', 'TR', 0),
(154, 2, '2015-03-16', 'TR', 0),
(154, 2, '2015-03-17', 'DI', 0),
(154, 2, '2015-03-18', 'DI', 0),
(154, 2, '2015-03-19', 'DI', 0),
(154, 2, '2015-03-20', 'IN', 0),
(154, 2, '2015-03-21', 'DI', 0),
(154, 2, '2015-03-22', 'DI', 0),
(154, 2, '2015-03-23', 'IN', 0),
(154, 2, '2015-03-24', 'DI', 0),
(154, 2, '2015-03-25', 'DI', 0),
(154, 2, '2015-03-26', 'DG', 0),
(154, 2, '2015-03-27', 'TR', 0),
(154, 2, '2015-03-28', 'DG', 0),
(154, 2, '2015-03-29', 'TR', 0),
(154, 2, '2015-03-30', 'DG', 0),
(154, 3, '2015-03-01', 'DI', 0),
(154, 3, '2015-03-02', 'DG', 0),
(154, 3, '2015-03-03', 'IN', 0),
(154, 3, '2015-03-04', 'DI', 0),
(154, 3, '2015-03-05', 'TR', 0),
(154, 3, '2015-03-06', 'DI', 0),
(154, 3, '2015-03-07', 'DG', 0),
(154, 3, '2015-03-08', 'DI', 0),
(154, 3, '2015-03-09', 'IN', 0),
(154, 3, '2015-03-10', 'DI', 0),
(154, 3, '2015-03-11', 'DI', 0),
(154, 3, '2015-03-12', 'TR', 0),
(154, 3, '2015-03-13', 'IN', 0),
(154, 3, '2015-03-14', 'DI', 0),
(154, 3, '2015-03-15', 'IN', 0),
(154, 3, '2015-03-16', 'IN', 0),
(154, 3, '2015-03-17', 'DI', 0),
(154, 3, '2015-03-18', 'TR', 0),
(154, 3, '2015-03-19', 'TR', 0),
(154, 3, '2015-03-20', 'TR', 0),
(154, 3, '2015-03-21', 'DG', 0),
(154, 3, '2015-03-22', 'TR', 0),
(154, 3, '2015-03-23', 'TR', 0),
(154, 3, '2015-03-24', 'IN', 0),
(154, 3, '2015-03-25', 'DI', 0),
(154, 3, '2015-03-26', 'DI', 0),
(154, 3, '2015-03-27', 'TR', 0),
(154, 3, '2015-03-28', 'TR', 0),
(154, 3, '2015-03-29', 'DG', 0),
(154, 3, '2015-03-30', 'DI', 0),
(154, 4, '2015-03-01', 'DG', 0),
(154, 4, '2015-03-02', 'DG', 0),
(154, 4, '2015-03-03', 'DI', 0),
(154, 4, '2015-03-04', 'DI', 0),
(154, 4, '2015-03-05', 'DI', 0),
(154, 4, '2015-03-06', 'DI', 0),
(154, 4, '2015-03-07', 'TR', 0),
(154, 4, '2015-03-08', 'DG', 0),
(154, 4, '2015-03-09', 'IN', 0),
(154, 4, '2015-03-10', 'DG', 0),
(154, 4, '2015-03-11', 'DI', 0),
(154, 4, '2015-03-12', 'TR', 0),
(154, 4, '2015-03-13', 'IN', 0),
(154, 4, '2015-03-14', 'IN', 0),
(154, 4, '2015-03-15', 'DI', 0),
(154, 4, '2015-03-16', 'TR', 0),
(154, 4, '2015-03-17', 'TR', 0),
(154, 4, '2015-03-18', 'DI', 0),
(154, 4, '2015-03-19', 'DG', 0),
(154, 4, '2015-03-20', 'IN', 0),
(154, 4, '2015-03-21', 'DI', 0),
(154, 4, '2015-03-22', 'TR', 0),
(154, 4, '2015-03-23', 'TR', 0),
(154, 4, '2015-03-24', 'DI', 0),
(154, 4, '2015-03-25', 'DI', 0),
(154, 4, '2015-03-26', 'IN', 0),
(154, 4, '2015-03-27', 'DG', 0),
(154, 4, '2015-03-28', 'DI', 0),
(154, 4, '2015-03-29', 'IN', 0),
(154, 4, '2015-03-30', 'DI', 0),
(154, 5, '2015-03-01', 'IN', 0),
(154, 5, '2015-03-02', 'DI', 0),
(154, 5, '2015-03-03', 'DI', 0),
(154, 5, '2015-03-04', 'DI', 0),
(154, 5, '2015-03-05', 'DG', 0),
(154, 5, '2015-03-06', 'IN', 0),
(154, 5, '2015-03-07', 'IN', 0),
(154, 5, '2015-03-08', 'DI', 0),
(154, 5, '2015-03-09', 'DG', 0),
(154, 5, '2015-03-10', 'IN', 0),
(154, 5, '2015-03-11', 'DG', 0),
(154, 5, '2015-03-12', 'DI', 0),
(154, 5, '2015-03-13', 'IN', 0),
(154, 5, '2015-03-14', 'DG', 0),
(154, 5, '2015-03-15', 'TR', 0),
(154, 5, '2015-03-16', 'DI', 0),
(154, 5, '2015-03-17', 'DG', 0),
(154, 5, '2015-03-18', 'DI', 0),
(154, 5, '2015-03-19', 'IN', 0),
(154, 5, '2015-03-20', 'DG', 0),
(154, 5, '2015-03-21', 'DI', 0),
(154, 5, '2015-03-22', 'DG', 0),
(154, 5, '2015-03-23', 'DG', 0),
(154, 5, '2015-03-24', 'DI', 0),
(154, 5, '2015-03-25', 'DG', 0),
(154, 5, '2015-03-26', 'DI', 0),
(154, 5, '2015-03-27', 'TR', 0),
(154, 5, '2015-03-28', 'TR', 0),
(154, 5, '2015-03-29', 'DG', 0),
(154, 5, '2015-03-30', 'DI', 0),
(154, 6, '2015-03-01', 'IN', 0),
(154, 6, '2015-03-02', 'DG', 0),
(154, 6, '2015-03-03', 'IN', 0),
(154, 6, '2015-03-04', 'DI', 0),
(154, 6, '2015-03-05', 'DI', 0),
(154, 6, '2015-03-06', 'TR', 0),
(154, 6, '2015-03-07', 'TR', 0),
(154, 6, '2015-03-08', 'DG', 0),
(154, 6, '2015-03-09', 'DI', 0),
(154, 6, '2015-03-10', 'DG', 0),
(154, 6, '2015-03-11', 'DG', 0),
(154, 6, '2015-03-12', 'DG', 0),
(154, 6, '2015-03-13', 'DI', 0),
(154, 6, '2015-03-14', 'IN', 0),
(154, 6, '2015-03-15', 'DG', 0),
(154, 6, '2015-03-16', 'IN', 0),
(154, 6, '2015-03-17', 'DI', 0),
(154, 6, '2015-03-18', 'IN', 0),
(154, 6, '2015-03-19', 'TR', 0),
(154, 6, '2015-03-20', 'DI', 0),
(154, 6, '2015-03-21', 'DG', 0),
(154, 6, '2015-03-22', 'DG', 0),
(154, 6, '2015-03-23', 'DG', 0),
(154, 6, '2015-03-24', 'DG', 0),
(154, 6, '2015-03-25', 'IN', 0),
(154, 6, '2015-03-26', 'IN', 0),
(154, 6, '2015-03-27', 'TR', 0),
(154, 6, '2015-03-28', 'DG', 0),
(154, 6, '2015-03-29', 'TR', 0),
(154, 6, '2015-03-30', 'IN', 0),
(155, 1, '2015-03-01', 'TR', 0),
(155, 1, '2015-03-02', 'DI', 0),
(155, 1, '2015-03-03', 'DG', 0),
(155, 1, '2015-03-04', 'IN', 0),
(155, 1, '2015-03-05', 'DI', 0),
(155, 1, '2015-03-06', 'IN', 0),
(155, 1, '2015-03-07', 'DG', 0),
(155, 1, '2015-03-08', 'TR', 0),
(155, 1, '2015-03-09', 'DG', 0),
(155, 1, '2015-03-10', 'DI', 0),
(155, 1, '2015-03-11', 'IN', 0),
(155, 1, '2015-03-12', 'TR', 0),
(155, 1, '2015-03-13', 'DG', 0),
(155, 1, '2015-03-14', 'IN', 0),
(155, 1, '2015-03-15', 'TR', 0),
(155, 1, '2015-03-16', 'TR', 0),
(155, 1, '2015-03-17', 'DG', 0),
(155, 1, '2015-03-18', 'DI', 0),
(155, 1, '2015-03-19', 'IN', 0),
(155, 1, '2015-03-20', 'DG', 0),
(155, 1, '2015-03-21', 'DI', 0),
(155, 1, '2015-03-22', 'IN', 0),
(155, 1, '2015-03-23', 'DI', 0),
(155, 1, '2015-03-24', 'DG', 0),
(155, 1, '2015-03-25', 'IN', 0),
(155, 1, '2015-03-26', 'IN', 0),
(155, 1, '2015-03-27', 'DI', 0),
(155, 1, '2015-03-28', 'DI', 0),
(155, 1, '2015-03-29', 'TR', 0),
(155, 1, '2015-03-30', 'IN', 0),
(155, 2, '2015-03-01', 'IN', 0),
(155, 2, '2015-03-02', 'DI', 0),
(155, 2, '2015-03-03', 'DI', 0),
(155, 2, '2015-03-04', 'TR', 0),
(155, 2, '2015-03-05', 'IN', 0),
(155, 2, '2015-03-06', 'IN', 0),
(155, 2, '2015-03-07', 'TR', 0),
(155, 2, '2015-03-08', 'IN', 0),
(155, 2, '2015-03-09', 'TR', 0),
(155, 2, '2015-03-10', 'IN', 0),
(155, 2, '2015-03-11', 'DG', 0),
(155, 2, '2015-03-12', 'IN', 0),
(155, 2, '2015-03-13', 'DI', 0),
(155, 2, '2015-03-14', 'TR', 0),
(155, 2, '2015-03-15', 'TR', 0),
(155, 2, '2015-03-16', 'IN', 0),
(155, 2, '2015-03-17', 'TR', 0),
(155, 2, '2015-03-18', 'TR', 0),
(155, 2, '2015-03-19', 'DI', 0),
(155, 2, '2015-03-20', 'DI', 0),
(155, 2, '2015-03-21', 'DG', 0),
(155, 2, '2015-03-22', 'IN', 0),
(155, 2, '2015-03-23', 'DG', 0),
(155, 2, '2015-03-24', 'TR', 0),
(155, 2, '2015-03-25', 'DG', 0),
(155, 2, '2015-03-26', 'DI', 0),
(155, 2, '2015-03-27', 'DI', 0),
(155, 2, '2015-03-28', 'IN', 0),
(155, 2, '2015-03-29', 'IN', 0),
(155, 2, '2015-03-30', 'IN', 0),
(155, 3, '2015-03-01', 'DG', 0),
(155, 3, '2015-03-02', 'DG', 0),
(155, 3, '2015-03-03', 'DI', 0),
(155, 3, '2015-03-04', 'TR', 0),
(155, 3, '2015-03-05', 'DI', 0),
(155, 3, '2015-03-06', 'TR', 0),
(155, 3, '2015-03-07', 'DI', 0),
(155, 3, '2015-03-08', 'DI', 0),
(155, 3, '2015-03-09', 'TR', 0),
(155, 3, '2015-03-10', 'DG', 0),
(155, 3, '2015-03-11', 'DG', 0),
(155, 3, '2015-03-12', 'IN', 0),
(155, 3, '2015-03-13', 'TR', 0),
(155, 3, '2015-03-14', 'DI', 0),
(155, 3, '2015-03-15', 'DG', 0),
(155, 3, '2015-03-16', 'DI', 0),
(155, 3, '2015-03-17', 'DI', 0),
(155, 3, '2015-03-18', 'IN', 0),
(155, 3, '2015-03-19', 'DG', 0),
(155, 3, '2015-03-20', 'DG', 0),
(155, 3, '2015-03-21', 'IN', 0),
(155, 3, '2015-03-22', 'DG', 0),
(155, 3, '2015-03-23', 'DI', 0),
(155, 3, '2015-03-24', 'IN', 0),
(155, 3, '2015-03-25', 'TR', 0),
(155, 3, '2015-03-26', 'IN', 0),
(155, 3, '2015-03-27', 'IN', 0),
(155, 3, '2015-03-28', 'IN', 0),
(155, 3, '2015-03-29', 'IN', 0),
(155, 3, '2015-03-30', 'DG', 0),
(155, 4, '2015-03-01', 'TR', 0),
(155, 4, '2015-03-02', 'TR', 0),
(155, 4, '2015-03-03', 'IN', 0),
(155, 4, '2015-03-04', 'IN', 0),
(155, 4, '2015-03-05', 'DG', 0),
(155, 4, '2015-03-06', 'IN', 0),
(155, 4, '2015-03-07', 'DI', 0),
(155, 4, '2015-03-08', 'TR', 0),
(155, 4, '2015-03-09', 'DG', 0),
(155, 4, '2015-03-10', 'DI', 0),
(155, 4, '2015-03-11', 'IN', 0),
(155, 4, '2015-03-12', 'DG', 0),
(155, 4, '2015-03-13', 'IN', 0),
(155, 4, '2015-03-14', 'DG', 0),
(155, 4, '2015-03-15', 'TR', 0),
(155, 4, '2015-03-16', 'DG', 0),
(155, 4, '2015-03-17', 'DG', 0),
(155, 4, '2015-03-18', 'DG', 0),
(155, 4, '2015-03-19', 'TR', 0),
(155, 4, '2015-03-20', 'DG', 0),
(155, 4, '2015-03-21', 'DI', 0),
(155, 4, '2015-03-22', 'DI', 0),
(155, 4, '2015-03-23', 'IN', 0),
(155, 4, '2015-03-24', 'IN', 0),
(155, 4, '2015-03-25', 'TR', 0),
(155, 4, '2015-03-26', 'DI', 0),
(155, 4, '2015-03-27', 'DI', 0),
(155, 4, '2015-03-28', 'IN', 0),
(155, 4, '2015-03-29', 'DI', 0),
(155, 4, '2015-03-30', 'IN', 0),
(155, 5, '2015-03-01', 'DI', 0),
(155, 5, '2015-03-02', 'DI', 0),
(155, 5, '2015-03-03', 'DG', 0),
(155, 5, '2015-03-04', 'TR', 0),
(155, 5, '2015-03-05', 'DG', 0),
(155, 5, '2015-03-06', 'TR', 0),
(155, 5, '2015-03-07', 'TR', 0),
(155, 5, '2015-03-08', 'DI', 0),
(155, 5, '2015-03-09', 'TR', 0),
(155, 5, '2015-03-10', 'DG', 0),
(155, 5, '2015-03-11', 'DI', 0),
(155, 5, '2015-03-12', 'DI', 0),
(155, 5, '2015-03-13', 'DI', 0),
(155, 5, '2015-03-14', 'DI', 0),
(155, 5, '2015-03-15', 'IN', 0),
(155, 5, '2015-03-16', 'TR', 0),
(155, 5, '2015-03-17', 'IN', 0),
(155, 5, '2015-03-18', 'DG', 0),
(155, 5, '2015-03-19', 'DI', 0),
(155, 5, '2015-03-20', 'DI', 0),
(155, 5, '2015-03-21', 'TR', 0),
(155, 5, '2015-03-22', 'DI', 0),
(155, 5, '2015-03-23', 'IN', 0),
(155, 5, '2015-03-24', 'DI', 0),
(155, 5, '2015-03-25', 'IN', 0),
(155, 5, '2015-03-26', 'DG', 0),
(155, 5, '2015-03-27', 'DG', 0),
(155, 5, '2015-03-28', 'DI', 0),
(155, 5, '2015-03-29', 'IN', 0),
(155, 5, '2015-03-30', 'IN', 0),
(155, 6, '2015-03-01', 'IN', 0),
(155, 6, '2015-03-02', 'DG', 0),
(155, 6, '2015-03-03', 'IN', 0),
(155, 6, '2015-03-04', 'DI', 0),
(155, 6, '2015-03-05', 'TR', 0),
(155, 6, '2015-03-06', 'TR', 0),
(155, 6, '2015-03-07', 'IN', 0),
(155, 6, '2015-03-08', 'DG', 0),
(155, 6, '2015-03-09', 'DG', 0),
(155, 6, '2015-03-10', 'TR', 0),
(155, 6, '2015-03-11', 'IN', 0),
(155, 6, '2015-03-12', 'DG', 0),
(155, 6, '2015-03-13', 'DG', 0),
(155, 6, '2015-03-14', 'DI', 0),
(155, 6, '2015-03-15', 'DG', 0),
(155, 6, '2015-03-16', 'DG', 0),
(155, 6, '2015-03-17', 'IN', 0),
(155, 6, '2015-03-18', 'TR', 0),
(155, 6, '2015-03-19', 'DG', 0),
(155, 6, '2015-03-20', 'TR', 0),
(155, 6, '2015-03-21', 'TR', 0),
(155, 6, '2015-03-22', 'DG', 0),
(155, 6, '2015-03-23', 'IN', 0),
(155, 6, '2015-03-24', 'TR', 0),
(155, 6, '2015-03-25', 'DG', 0),
(155, 6, '2015-03-26', 'IN', 0),
(155, 6, '2015-03-27', 'DG', 0),
(155, 6, '2015-03-28', 'IN', 0),
(155, 6, '2015-03-29', 'DG', 0),
(155, 6, '2015-03-30', 'DG', 0),
(156, 1, '2015-03-01', 'IN', 0),
(156, 1, '2015-03-02', 'DG', 0),
(156, 1, '2015-03-03', 'DG', 0),
(156, 1, '2015-03-04', 'TR', 0),
(156, 1, '2015-03-05', 'DI', 0),
(156, 1, '2015-03-06', 'DI', 0),
(156, 1, '2015-03-07', 'DI', 0),
(156, 1, '2015-03-08', 'DG', 0),
(156, 1, '2015-03-09', 'DI', 0),
(156, 1, '2015-03-10', 'DI', 0),
(156, 1, '2015-03-11', 'IN', 0),
(156, 1, '2015-03-12', 'DG', 0),
(156, 1, '2015-03-13', 'TR', 0),
(156, 1, '2015-03-14', 'DI', 0),
(156, 1, '2015-03-15', 'TR', 0),
(156, 1, '2015-03-16', 'TR', 0),
(156, 1, '2015-03-17', 'IN', 0),
(156, 1, '2015-03-18', 'DG', 0),
(156, 1, '2015-03-19', 'DG', 0),
(156, 1, '2015-03-20', 'DI', 0),
(156, 1, '2015-03-21', 'IN', 0),
(156, 1, '2015-03-22', 'DI', 0),
(156, 1, '2015-03-23', 'IN', 0),
(156, 1, '2015-03-24', 'DG', 0),
(156, 1, '2015-03-25', 'DG', 0),
(156, 1, '2015-03-26', 'IN', 0),
(156, 1, '2015-03-27', 'IN', 0),
(156, 1, '2015-03-28', 'DG', 0),
(156, 1, '2015-03-29', 'DI', 0),
(156, 1, '2015-03-30', 'IN', 0),
(156, 2, '2015-03-01', 'IN', 0),
(156, 2, '2015-03-02', 'DI', 0),
(156, 2, '2015-03-03', 'IN', 0),
(156, 2, '2015-03-04', 'DI', 0),
(156, 2, '2015-03-05', 'DI', 0),
(156, 2, '2015-03-06', 'IN', 0),
(156, 2, '2015-03-07', 'DG', 0),
(156, 2, '2015-03-08', 'IN', 0),
(156, 2, '2015-03-09', 'DI', 0),
(156, 2, '2015-03-10', 'DG', 0),
(156, 2, '2015-03-11', 'DG', 0),
(156, 2, '2015-03-12', 'DG', 0),
(156, 2, '2015-03-13', 'IN', 0),
(156, 2, '2015-03-14', 'IN', 0),
(156, 2, '2015-03-15', 'TR', 0),
(156, 2, '2015-03-16', 'DI', 0),
(156, 2, '2015-03-17', 'TR', 0),
(156, 2, '2015-03-18', 'DI', 0),
(156, 2, '2015-03-19', 'DI', 0),
(156, 2, '2015-03-20', 'DG', 0),
(156, 2, '2015-03-21', 'IN', 0),
(156, 2, '2015-03-22', 'DG', 0),
(156, 2, '2015-03-23', 'TR', 0),
(156, 2, '2015-03-24', 'DI', 0),
(156, 2, '2015-03-25', 'TR', 0),
(156, 2, '2015-03-26', 'TR', 0),
(156, 2, '2015-03-27', 'DI', 0),
(156, 2, '2015-03-28', 'DI', 0),
(156, 2, '2015-03-29', 'TR', 0),
(156, 2, '2015-03-30', 'TR', 0),
(156, 3, '2015-03-01', 'DG', 0),
(156, 3, '2015-03-02', 'TR', 0),
(156, 3, '2015-03-03', 'DI', 0),
(156, 3, '2015-03-04', 'TR', 0),
(156, 3, '2015-03-05', 'DI', 0),
(156, 3, '2015-03-06', 'DI', 0),
(156, 3, '2015-03-07', 'DI', 0),
(156, 3, '2015-03-08', 'TR', 0),
(156, 3, '2015-03-09', 'DI', 0),
(156, 3, '2015-03-10', 'TR', 0),
(156, 3, '2015-03-11', 'TR', 0),
(156, 3, '2015-03-12', 'TR', 0),
(156, 3, '2015-03-13', 'IN', 0),
(156, 3, '2015-03-14', 'IN', 0),
(156, 3, '2015-03-15', 'DG', 0),
(156, 3, '2015-03-16', 'IN', 0),
(156, 3, '2015-03-17', 'IN', 0),
(156, 3, '2015-03-18', 'TR', 0),
(156, 3, '2015-03-19', 'TR', 0),
(156, 3, '2015-03-20', 'TR', 0),
(156, 3, '2015-03-21', 'IN', 0),
(156, 3, '2015-03-22', 'TR', 0),
(156, 3, '2015-03-23', 'DG', 0),
(156, 3, '2015-03-24', 'DI', 0),
(156, 3, '2015-03-25', 'DI', 0),
(156, 3, '2015-03-26', 'DG', 0),
(156, 3, '2015-03-27', 'DI', 0),
(156, 3, '2015-03-28', 'DG', 0),
(156, 3, '2015-03-29', 'DI', 0),
(156, 3, '2015-03-30', 'DI', 0),
(156, 4, '2015-03-01', 'TR', 0),
(156, 4, '2015-03-02', 'DG', 0),
(156, 4, '2015-03-03', 'DI', 0),
(156, 4, '2015-03-04', 'TR', 0),
(156, 4, '2015-03-05', 'DI', 0),
(156, 4, '2015-03-06', 'TR', 0),
(156, 4, '2015-03-07', 'TR', 0),
(156, 4, '2015-03-08', 'TR', 0),
(156, 4, '2015-03-09', 'DG', 0),
(156, 4, '2015-03-10', 'DG', 0),
(156, 4, '2015-03-11', 'IN', 0),
(156, 4, '2015-03-12', 'TR', 0),
(156, 4, '2015-03-13', 'DG', 0),
(156, 4, '2015-03-14', 'DI', 0),
(156, 4, '2015-03-15', 'DI', 0),
(156, 4, '2015-03-16', 'TR', 0),
(156, 4, '2015-03-17', 'DI', 0),
(156, 4, '2015-03-18', 'TR', 0),
(156, 4, '2015-03-19', 'DI', 0),
(156, 4, '2015-03-20', 'TR', 0),
(156, 4, '2015-03-21', 'DG', 0),
(156, 4, '2015-03-22', 'DG', 0),
(156, 4, '2015-03-23', 'IN', 0),
(156, 4, '2015-03-24', 'DI', 0),
(156, 4, '2015-03-25', 'DI', 0),
(156, 4, '2015-03-26', 'DI', 0),
(156, 4, '2015-03-27', 'DI', 0),
(156, 4, '2015-03-28', 'DI', 0),
(156, 4, '2015-03-29', 'DI', 0),
(156, 4, '2015-03-30', 'DI', 0),
(156, 5, '2015-03-01', 'TR', 0),
(156, 5, '2015-03-02', 'DI', 0),
(156, 5, '2015-03-03', 'DG', 0),
(156, 5, '2015-03-04', 'DG', 0),
(156, 5, '2015-03-05', 'DG', 0),
(156, 5, '2015-03-06', 'TR', 0),
(156, 5, '2015-03-07', 'DG', 0),
(156, 5, '2015-03-08', 'DI', 0),
(156, 5, '2015-03-09', 'DI', 0),
(156, 5, '2015-03-10', 'DG', 0),
(156, 5, '2015-03-11', 'TR', 0),
(156, 5, '2015-03-12', 'DI', 0),
(156, 5, '2015-03-13', 'TR', 0),
(156, 5, '2015-03-14', 'TR', 0),
(156, 5, '2015-03-15', 'DG', 0),
(156, 5, '2015-03-16', 'IN', 0),
(156, 5, '2015-03-17', 'TR', 0),
(156, 5, '2015-03-18', 'DG', 0),
(156, 5, '2015-03-19', 'IN', 0),
(156, 5, '2015-03-20', 'DG', 0),
(156, 5, '2015-03-21', 'DI', 0),
(156, 5, '2015-03-22', 'DG', 0),
(156, 5, '2015-03-23', 'DG', 0),
(156, 5, '2015-03-24', 'DI', 0),
(156, 5, '2015-03-25', 'DI', 0),
(156, 5, '2015-03-26', 'TR', 0),
(156, 5, '2015-03-27', 'DG', 0),
(156, 5, '2015-03-28', 'IN', 0),
(156, 5, '2015-03-29', 'DG', 0),
(156, 5, '2015-03-30', 'DG', 0),
(156, 6, '2015-03-01', 'DG', 0),
(156, 6, '2015-03-02', 'IN', 0),
(156, 6, '2015-03-03', 'TR', 0),
(156, 6, '2015-03-04', 'DI', 0),
(156, 6, '2015-03-05', 'DI', 0),
(156, 6, '2015-03-06', 'IN', 0),
(156, 6, '2015-03-07', 'TR', 0),
(156, 6, '2015-03-08', 'IN', 0),
(156, 6, '2015-03-09', 'DG', 0),
(156, 6, '2015-03-10', 'IN', 0),
(156, 6, '2015-03-11', 'IN', 0),
(156, 6, '2015-03-12', 'DG', 0),
(156, 6, '2015-03-13', 'IN', 0),
(156, 6, '2015-03-14', 'DG', 0),
(156, 6, '2015-03-15', 'TR', 0),
(156, 6, '2015-03-16', 'DG', 0),
(156, 6, '2015-03-17', 'TR', 0),
(156, 6, '2015-03-18', 'IN', 0),
(156, 6, '2015-03-19', 'DI', 0),
(156, 6, '2015-03-20', 'TR', 0),
(156, 6, '2015-03-21', 'IN', 0),
(156, 6, '2015-03-22', 'IN', 0),
(156, 6, '2015-03-23', 'DI', 0),
(156, 6, '2015-03-24', 'TR', 0),
(156, 6, '2015-03-25', 'DG', 0),
(156, 6, '2015-03-26', 'IN', 0),
(156, 6, '2015-03-27', 'DG', 0),
(156, 6, '2015-03-28', 'IN', 0),
(156, 6, '2015-03-29', 'DI', 0),
(156, 6, '2015-03-30', 'IN', 0),
(157, 1, '2015-03-01', 'DI', 0),
(157, 1, '2015-03-02', 'DG', 0),
(157, 1, '2015-03-03', 'DG', 0),
(157, 1, '2015-03-04', 'DI', 0),
(157, 1, '2015-03-05', 'DI', 0),
(157, 1, '2015-03-06', 'IN', 0),
(157, 1, '2015-03-07', 'IN', 0),
(157, 1, '2015-03-08', 'DG', 0),
(157, 1, '2015-03-09', 'IN', 0),
(157, 1, '2015-03-10', 'DG', 0),
(157, 1, '2015-03-11', 'DG', 0),
(157, 1, '2015-03-12', 'TR', 0),
(157, 1, '2015-03-13', 'DI', 0),
(157, 1, '2015-03-14', 'TR', 0),
(157, 1, '2015-03-15', 'DG', 0),
(157, 1, '2015-03-16', 'DG', 0),
(157, 1, '2015-03-17', 'IN', 0),
(157, 1, '2015-03-18', 'DI', 0),
(157, 1, '2015-03-19', 'DG', 0),
(157, 1, '2015-03-20', 'TR', 0),
(157, 1, '2015-03-21', 'DI', 0),
(157, 1, '2015-03-22', 'IN', 0),
(157, 1, '2015-03-23', 'DI', 0),
(157, 1, '2015-03-24', 'TR', 0),
(157, 1, '2015-03-25', 'IN', 0),
(157, 1, '2015-03-26', 'DG', 0),
(157, 1, '2015-03-27', 'DG', 0),
(157, 1, '2015-03-28', 'DI', 0),
(157, 1, '2015-03-29', 'TR', 0),
(157, 1, '2015-03-30', 'DG', 0),
(157, 2, '2015-03-01', 'DG', 0),
(157, 2, '2015-03-02', 'DI', 0),
(157, 2, '2015-03-03', 'TR', 0),
(157, 2, '2015-03-04', 'IN', 0),
(157, 2, '2015-03-05', 'DI', 0);
INSERT INTO `planning_vol` (`id_volontaire`, `id_tranche`, `id_date`, `id_etat`, `garde`) VALUES
(157, 2, '2015-03-06', 'TR', 0),
(157, 2, '2015-03-07', 'DG', 0),
(157, 2, '2015-03-08', 'DG', 0),
(157, 2, '2015-03-09', 'DI', 0),
(157, 2, '2015-03-10', 'IN', 0),
(157, 2, '2015-03-11', 'TR', 0),
(157, 2, '2015-03-12', 'IN', 0),
(157, 2, '2015-03-13', 'DI', 0),
(157, 2, '2015-03-14', 'IN', 0),
(157, 2, '2015-03-15', 'DI', 0),
(157, 2, '2015-03-16', 'DG', 0),
(157, 2, '2015-03-17', 'DG', 0),
(157, 2, '2015-03-18', 'TR', 0),
(157, 2, '2015-03-19', 'IN', 0),
(157, 2, '2015-03-20', 'IN', 0),
(157, 2, '2015-03-21', 'IN', 0),
(157, 2, '2015-03-22', 'DI', 0),
(157, 2, '2015-03-23', 'DI', 0),
(157, 2, '2015-03-24', 'IN', 0),
(157, 2, '2015-03-25', 'DI', 0),
(157, 2, '2015-03-26', 'DI', 0),
(157, 2, '2015-03-27', 'DI', 0),
(157, 2, '2015-03-28', 'DG', 0),
(157, 2, '2015-03-29', 'TR', 0),
(157, 2, '2015-03-30', 'DI', 0),
(157, 3, '2015-03-01', 'DG', 0),
(157, 3, '2015-03-02', 'TR', 0),
(157, 3, '2015-03-03', 'DG', 0),
(157, 3, '2015-03-04', 'IN', 0),
(157, 3, '2015-03-05', 'DI', 0),
(157, 3, '2015-03-06', 'IN', 0),
(157, 3, '2015-03-07', 'DI', 0),
(157, 3, '2015-03-08', 'TR', 0),
(157, 3, '2015-03-09', 'DG', 0),
(157, 3, '2015-03-10', 'IN', 0),
(157, 3, '2015-03-11', 'DG', 0),
(157, 3, '2015-03-12', 'DI', 0),
(157, 3, '2015-03-13', 'TR', 0),
(157, 3, '2015-03-14', 'TR', 0),
(157, 3, '2015-03-15', 'DI', 0),
(157, 3, '2015-03-16', 'IN', 0),
(157, 3, '2015-03-17', 'DG', 0),
(157, 3, '2015-03-18', 'DI', 0),
(157, 3, '2015-03-19', 'DI', 0),
(157, 3, '2015-03-20', 'IN', 0),
(157, 3, '2015-03-21', 'IN', 0),
(157, 3, '2015-03-22', 'DG', 0),
(157, 3, '2015-03-23', 'DI', 0),
(157, 3, '2015-03-24', 'DG', 0),
(157, 3, '2015-03-25', 'DI', 0),
(157, 3, '2015-03-26', 'DI', 0),
(157, 3, '2015-03-27', 'TR', 0),
(157, 3, '2015-03-28', 'DI', 0),
(157, 3, '2015-03-29', 'IN', 0),
(157, 3, '2015-03-30', 'DG', 0),
(157, 4, '2015-03-01', 'DI', 0),
(157, 4, '2015-03-02', 'DI', 0),
(157, 4, '2015-03-03', 'DI', 0),
(157, 4, '2015-03-04', 'DI', 0),
(157, 4, '2015-03-05', 'TR', 0),
(157, 4, '2015-03-06', 'IN', 0),
(157, 4, '2015-03-07', 'DG', 0),
(157, 4, '2015-03-08', 'TR', 0),
(157, 4, '2015-03-09', 'DG', 0),
(157, 4, '2015-03-10', 'DI', 0),
(157, 4, '2015-03-11', 'TR', 0),
(157, 4, '2015-03-12', 'DG', 0),
(157, 4, '2015-03-13', 'DG', 0),
(157, 4, '2015-03-14', 'DI', 0),
(157, 4, '2015-03-15', 'DI', 0),
(157, 4, '2015-03-16', 'DG', 0),
(157, 4, '2015-03-17', 'DG', 0),
(157, 4, '2015-03-18', 'DG', 0),
(157, 4, '2015-03-19', 'IN', 0),
(157, 4, '2015-03-20', 'DI', 0),
(157, 4, '2015-03-21', 'IN', 0),
(157, 4, '2015-03-22', 'DI', 0),
(157, 4, '2015-03-23', 'TR', 0),
(157, 4, '2015-03-24', 'IN', 0),
(157, 4, '2015-03-25', 'DI', 0),
(157, 4, '2015-03-26', 'IN', 0),
(157, 4, '2015-03-27', 'DG', 0),
(157, 4, '2015-03-28', 'IN', 0),
(157, 4, '2015-03-29', 'DG', 0),
(157, 4, '2015-03-30', 'TR', 0),
(157, 5, '2015-03-01', 'TR', 0),
(157, 5, '2015-03-02', 'TR', 0),
(157, 5, '2015-03-03', 'DI', 0),
(157, 5, '2015-03-04', 'IN', 0),
(157, 5, '2015-03-05', 'DG', 0),
(157, 5, '2015-03-06', 'IN', 0),
(157, 5, '2015-03-07', 'IN', 0),
(157, 5, '2015-03-08', 'DI', 0),
(157, 5, '2015-03-09', 'IN', 0),
(157, 5, '2015-03-10', 'TR', 0),
(157, 5, '2015-03-11', 'TR', 0),
(157, 5, '2015-03-12', 'DI', 0),
(157, 5, '2015-03-13', 'DG', 0),
(157, 5, '2015-03-14', 'IN', 0),
(157, 5, '2015-03-15', 'TR', 0),
(157, 5, '2015-03-16', 'DI', 0),
(157, 5, '2015-03-17', 'DI', 0),
(157, 5, '2015-03-18', 'DG', 0),
(157, 5, '2015-03-19', 'DG', 0),
(157, 5, '2015-03-20', 'DG', 0),
(157, 5, '2015-03-21', 'DI', 0),
(157, 5, '2015-03-22', 'TR', 0),
(157, 5, '2015-03-23', 'DI', 0),
(157, 5, '2015-03-24', 'DI', 0),
(157, 5, '2015-03-25', 'TR', 0),
(157, 5, '2015-03-26', 'DG', 0),
(157, 5, '2015-03-27', 'DI', 0),
(157, 5, '2015-03-28', 'TR', 0),
(157, 5, '2015-03-29', 'IN', 0),
(157, 5, '2015-03-30', 'DI', 0),
(157, 6, '2015-03-01', 'DI', 0),
(157, 6, '2015-03-02', 'DG', 0),
(157, 6, '2015-03-03', 'IN', 0),
(157, 6, '2015-03-04', 'DG', 0),
(157, 6, '2015-03-05', 'IN', 0),
(157, 6, '2015-03-06', 'TR', 0),
(157, 6, '2015-03-07', 'DG', 0),
(157, 6, '2015-03-08', 'DG', 0),
(157, 6, '2015-03-09', 'TR', 0),
(157, 6, '2015-03-10', 'IN', 0),
(157, 6, '2015-03-11', 'DG', 0),
(157, 6, '2015-03-12', 'DG', 0),
(157, 6, '2015-03-13', 'DI', 0),
(157, 6, '2015-03-14', 'DI', 0),
(157, 6, '2015-03-15', 'DI', 0),
(157, 6, '2015-03-16', 'DI', 0),
(157, 6, '2015-03-17', 'DI', 0),
(157, 6, '2015-03-18', 'DI', 0),
(157, 6, '2015-03-19', 'IN', 0),
(157, 6, '2015-03-20', 'TR', 0),
(157, 6, '2015-03-21', 'TR', 0),
(157, 6, '2015-03-22', 'TR', 0),
(157, 6, '2015-03-23', 'TR', 0),
(157, 6, '2015-03-24', 'DI', 0),
(157, 6, '2015-03-25', 'IN', 0),
(157, 6, '2015-03-26', 'TR', 0),
(157, 6, '2015-03-27', 'IN', 0),
(157, 6, '2015-03-28', 'TR', 0),
(157, 6, '2015-03-29', 'IN', 0),
(157, 6, '2015-03-30', 'DG', 0),
(158, 1, '2015-03-01', 'DI', 0),
(158, 1, '2015-03-02', 'IN', 0),
(158, 1, '2015-03-03', 'DG', 0),
(158, 1, '2015-03-04', 'DG', 0),
(158, 1, '2015-03-05', 'IN', 0),
(158, 1, '2015-03-06', 'IN', 0),
(158, 1, '2015-03-07', 'DG', 0),
(158, 1, '2015-03-08', 'DG', 0),
(158, 1, '2015-03-09', 'TR', 0),
(158, 1, '2015-03-10', 'DI', 0),
(158, 1, '2015-03-11', 'IN', 0),
(158, 1, '2015-03-12', 'DI', 0),
(158, 1, '2015-03-13', 'TR', 0),
(158, 1, '2015-03-14', 'TR', 0),
(158, 1, '2015-03-15', 'IN', 0),
(158, 1, '2015-03-16', 'DI', 0),
(158, 1, '2015-03-17', 'TR', 0),
(158, 1, '2015-03-18', 'DI', 0),
(158, 1, '2015-03-19', 'DI', 0),
(158, 1, '2015-03-20', 'TR', 0),
(158, 1, '2015-03-21', 'DG', 0),
(158, 1, '2015-03-22', 'DG', 0),
(158, 1, '2015-03-23', 'IN', 0),
(158, 1, '2015-03-24', 'DI', 0),
(158, 1, '2015-03-25', 'IN', 0),
(158, 1, '2015-03-26', 'DI', 0),
(158, 1, '2015-03-27', 'IN', 0),
(158, 1, '2015-03-28', 'TR', 0),
(158, 1, '2015-03-29', 'DG', 0),
(158, 1, '2015-03-30', 'DG', 0),
(158, 2, '2015-03-01', 'IN', 0),
(158, 2, '2015-03-02', 'DI', 0),
(158, 2, '2015-03-03', 'DI', 0),
(158, 2, '2015-03-04', 'DG', 0),
(158, 2, '2015-03-05', 'TR', 0),
(158, 2, '2015-03-06', 'DI', 0),
(158, 2, '2015-03-07', 'IN', 0),
(158, 2, '2015-03-08', 'TR', 0),
(158, 2, '2015-03-09', 'IN', 0),
(158, 2, '2015-03-10', 'TR', 0),
(158, 2, '2015-03-11', 'IN', 0),
(158, 2, '2015-03-12', 'DG', 0),
(158, 2, '2015-03-13', 'TR', 0),
(158, 2, '2015-03-14', 'DI', 0),
(158, 2, '2015-03-15', 'DI', 0),
(158, 2, '2015-03-16', 'DI', 0),
(158, 2, '2015-03-17', 'DG', 0),
(158, 2, '2015-03-18', 'IN', 0),
(158, 2, '2015-03-19', 'IN', 0),
(158, 2, '2015-03-20', 'TR', 0),
(158, 2, '2015-03-21', 'DI', 0),
(158, 2, '2015-03-22', 'DI', 0),
(158, 2, '2015-03-23', 'IN', 0),
(158, 2, '2015-03-24', 'DI', 0),
(158, 2, '2015-03-25', 'TR', 0),
(158, 2, '2015-03-26', 'DG', 0),
(158, 2, '2015-03-27', 'TR', 0),
(158, 2, '2015-03-28', 'IN', 0),
(158, 2, '2015-03-29', 'DG', 0),
(158, 2, '2015-03-30', 'IN', 0),
(158, 3, '2015-03-01', 'DI', 0),
(158, 3, '2015-03-02', 'IN', 0),
(158, 3, '2015-03-03', 'TR', 0),
(158, 3, '2015-03-04', 'DG', 0),
(158, 3, '2015-03-05', 'DI', 0),
(158, 3, '2015-03-06', 'TR', 0),
(158, 3, '2015-03-07', 'DG', 0),
(158, 3, '2015-03-08', 'TR', 0),
(158, 3, '2015-03-09', 'TR', 0),
(158, 3, '2015-03-10', 'TR', 0),
(158, 3, '2015-03-11', 'TR', 0),
(158, 3, '2015-03-12', 'TR', 0),
(158, 3, '2015-03-13', 'TR', 0),
(158, 3, '2015-03-14', 'IN', 0),
(158, 3, '2015-03-15', 'DG', 0),
(158, 3, '2015-03-16', 'TR', 0),
(158, 3, '2015-03-17', 'DI', 0),
(158, 3, '2015-03-18', 'TR', 0),
(158, 3, '2015-03-19', 'TR', 0),
(158, 3, '2015-03-20', 'DI', 0),
(158, 3, '2015-03-21', 'DI', 0),
(158, 3, '2015-03-22', 'TR', 0),
(158, 3, '2015-03-23', 'DI', 0),
(158, 3, '2015-03-24', 'DG', 0),
(158, 3, '2015-03-25', 'TR', 0),
(158, 3, '2015-03-26', 'IN', 0),
(158, 3, '2015-03-27', 'TR', 0),
(158, 3, '2015-03-28', 'DG', 0),
(158, 3, '2015-03-29', 'DI', 0),
(158, 3, '2015-03-30', 'DG', 0),
(158, 4, '2015-03-01', 'DG', 0),
(158, 4, '2015-03-02', 'IN', 0),
(158, 4, '2015-03-03', 'DG', 0),
(158, 4, '2015-03-04', 'DI', 0),
(158, 4, '2015-03-05', 'DI', 0),
(158, 4, '2015-03-06', 'DI', 0),
(158, 4, '2015-03-07', 'IN', 0),
(158, 4, '2015-03-08', 'IN', 0),
(158, 4, '2015-03-09', 'TR', 0),
(158, 4, '2015-03-10', 'DG', 0),
(158, 4, '2015-03-11', 'TR', 0),
(158, 4, '2015-03-12', 'IN', 0),
(158, 4, '2015-03-13', 'DG', 0),
(158, 4, '2015-03-14', 'IN', 0),
(158, 4, '2015-03-15', 'DG', 0),
(158, 4, '2015-03-16', 'TR', 0),
(158, 4, '2015-03-17', 'TR', 0),
(158, 4, '2015-03-18', 'IN', 0),
(158, 4, '2015-03-19', 'DI', 0),
(158, 4, '2015-03-20', 'DG', 0),
(158, 4, '2015-03-21', 'DI', 0),
(158, 4, '2015-03-22', 'DI', 0),
(158, 4, '2015-03-23', 'IN', 0),
(158, 4, '2015-03-24', 'IN', 0),
(158, 4, '2015-03-25', 'IN', 0),
(158, 4, '2015-03-26', 'IN', 0),
(158, 4, '2015-03-27', 'IN', 0),
(158, 4, '2015-03-28', 'DG', 0),
(158, 4, '2015-03-29', 'TR', 0),
(158, 4, '2015-03-30', 'IN', 0),
(158, 5, '2015-03-01', 'IN', 0),
(158, 5, '2015-03-02', 'TR', 0),
(158, 5, '2015-03-03', 'DI', 0),
(158, 5, '2015-03-04', 'DI', 0),
(158, 5, '2015-03-05', 'DI', 0),
(158, 5, '2015-03-06', 'DI', 0),
(158, 5, '2015-03-07', 'DI', 0),
(158, 5, '2015-03-08', 'IN', 0),
(158, 5, '2015-03-09', 'DI', 0),
(158, 5, '2015-03-10', 'DG', 0),
(158, 5, '2015-03-11', 'DI', 0),
(158, 5, '2015-03-12', 'DG', 0),
(158, 5, '2015-03-13', 'TR', 0),
(158, 5, '2015-03-14', 'TR', 0),
(158, 5, '2015-03-15', 'DG', 0),
(158, 5, '2015-03-16', 'IN', 0),
(158, 5, '2015-03-17', 'TR', 0),
(158, 5, '2015-03-18', 'DG', 0),
(158, 5, '2015-03-19', 'TR', 0),
(158, 5, '2015-03-20', 'DI', 0),
(158, 5, '2015-03-21', 'DI', 0),
(158, 5, '2015-03-22', 'IN', 0),
(158, 5, '2015-03-23', 'IN', 0),
(158, 5, '2015-03-24', 'DI', 0),
(158, 5, '2015-03-25', 'DG', 0),
(158, 5, '2015-03-26', 'IN', 0),
(158, 5, '2015-03-27', 'DG', 0),
(158, 5, '2015-03-28', 'DI', 0),
(158, 5, '2015-03-29', 'DI', 0),
(158, 5, '2015-03-30', 'DI', 0),
(158, 6, '2015-03-01', 'DG', 0),
(158, 6, '2015-03-02', 'DG', 0),
(158, 6, '2015-03-03', 'IN', 0),
(158, 6, '2015-03-04', 'TR', 0),
(158, 6, '2015-03-05', 'IN', 0),
(158, 6, '2015-03-06', 'TR', 0),
(158, 6, '2015-03-07', 'DG', 0),
(158, 6, '2015-03-08', 'DG', 0),
(158, 6, '2015-03-09', 'DI', 0),
(158, 6, '2015-03-10', 'IN', 0),
(158, 6, '2015-03-11', 'TR', 0),
(158, 6, '2015-03-12', 'IN', 0),
(158, 6, '2015-03-13', 'IN', 0),
(158, 6, '2015-03-14', 'TR', 0),
(158, 6, '2015-03-15', 'DI', 0),
(158, 6, '2015-03-16', 'DI', 0),
(158, 6, '2015-03-17', 'DI', 0),
(158, 6, '2015-03-18', 'IN', 0),
(158, 6, '2015-03-19', 'DG', 0),
(158, 6, '2015-03-20', 'IN', 0),
(158, 6, '2015-03-21', 'DG', 0),
(158, 6, '2015-03-22', 'TR', 0),
(158, 6, '2015-03-23', 'IN', 0),
(158, 6, '2015-03-24', 'IN', 0),
(158, 6, '2015-03-25', 'DI', 0),
(158, 6, '2015-03-26', 'IN', 0),
(158, 6, '2015-03-27', 'TR', 0),
(158, 6, '2015-03-28', 'DI', 0),
(158, 6, '2015-03-29', 'DG', 0),
(158, 6, '2015-03-30', 'TR', 0),
(159, 1, '2015-03-01', 'IN', 0),
(159, 1, '2015-03-02', 'IN', 0),
(159, 1, '2015-03-03', 'DI', 0),
(159, 1, '2015-03-04', 'DG', 0),
(159, 1, '2015-03-05', 'TR', 0),
(159, 1, '2015-03-06', 'DI', 0),
(159, 1, '2015-03-07', 'IN', 0),
(159, 1, '2015-03-08', 'IN', 0),
(159, 1, '2015-03-09', 'IN', 0),
(159, 1, '2015-03-10', 'IN', 0),
(159, 1, '2015-03-11', 'DI', 0),
(159, 1, '2015-03-12', 'DG', 0),
(159, 1, '2015-03-13', 'IN', 0),
(159, 1, '2015-03-14', 'IN', 0),
(159, 1, '2015-03-15', 'DI', 0),
(159, 1, '2015-03-16', 'IN', 0),
(159, 1, '2015-03-17', 'DI', 0),
(159, 1, '2015-03-18', 'TR', 0),
(159, 1, '2015-03-19', 'IN', 0),
(159, 1, '2015-03-20', 'DG', 0),
(159, 1, '2015-03-21', 'DI', 0),
(159, 1, '2015-03-22', 'DI', 0),
(159, 1, '2015-03-23', 'IN', 0),
(159, 1, '2015-03-24', 'TR', 0),
(159, 1, '2015-03-25', 'DI', 0),
(159, 1, '2015-03-26', 'IN', 0),
(159, 1, '2015-03-27', 'DI', 0),
(159, 1, '2015-03-28', 'IN', 0),
(159, 1, '2015-03-29', 'IN', 0),
(159, 1, '2015-03-30', 'IN', 0),
(159, 2, '2015-03-01', 'IN', 0),
(159, 2, '2015-03-02', 'IN', 0),
(159, 2, '2015-03-03', 'IN', 0),
(159, 2, '2015-03-04', 'DI', 0),
(159, 2, '2015-03-05', 'DG', 0),
(159, 2, '2015-03-06', 'IN', 0),
(159, 2, '2015-03-07', 'DI', 0),
(159, 2, '2015-03-08', 'DI', 0),
(159, 2, '2015-03-09', 'DI', 0),
(159, 2, '2015-03-10', 'TR', 0),
(159, 2, '2015-03-11', 'TR', 0),
(159, 2, '2015-03-12', 'TR', 0),
(159, 2, '2015-03-13', 'DG', 0),
(159, 2, '2015-03-14', 'IN', 0),
(159, 2, '2015-03-15', 'DI', 0),
(159, 2, '2015-03-16', 'IN', 0),
(159, 2, '2015-03-17', 'DI', 0),
(159, 2, '2015-03-18', 'DG', 0),
(159, 2, '2015-03-19', 'DG', 0),
(159, 2, '2015-03-20', 'DG', 0),
(159, 2, '2015-03-21', 'TR', 0),
(159, 2, '2015-03-22', 'IN', 0),
(159, 2, '2015-03-23', 'TR', 0),
(159, 2, '2015-03-24', 'DI', 0),
(159, 2, '2015-03-25', 'DI', 0),
(159, 2, '2015-03-26', 'DG', 0),
(159, 2, '2015-03-27', 'DG', 0),
(159, 2, '2015-03-28', 'DI', 0),
(159, 2, '2015-03-29', 'DG', 0),
(159, 2, '2015-03-30', 'TR', 0),
(159, 3, '2015-03-01', 'DI', 0),
(159, 3, '2015-03-02', 'TR', 0),
(159, 3, '2015-03-03', 'IN', 0),
(159, 3, '2015-03-04', 'DI', 0),
(159, 3, '2015-03-05', 'IN', 0),
(159, 3, '2015-03-06', 'DI', 0),
(159, 3, '2015-03-07', 'DI', 0),
(159, 3, '2015-03-08', 'DG', 0),
(159, 3, '2015-03-09', 'TR', 0),
(159, 3, '2015-03-10', 'DI', 0),
(159, 3, '2015-03-11', 'TR', 0),
(159, 3, '2015-03-12', 'DI', 0),
(159, 3, '2015-03-13', 'TR', 0),
(159, 3, '2015-03-14', 'IN', 0),
(159, 3, '2015-03-15', 'DI', 0),
(159, 3, '2015-03-16', 'DG', 0),
(159, 3, '2015-03-17', 'DI', 0),
(159, 3, '2015-03-18', 'TR', 0),
(159, 3, '2015-03-19', 'DG', 0),
(159, 3, '2015-03-20', 'IN', 0),
(159, 3, '2015-03-21', 'DI', 0),
(159, 3, '2015-03-22', 'IN', 0),
(159, 3, '2015-03-23', 'DI', 0),
(159, 3, '2015-03-24', 'TR', 0),
(159, 3, '2015-03-25', 'TR', 0),
(159, 3, '2015-03-26', 'DI', 0),
(159, 3, '2015-03-27', 'IN', 0),
(159, 3, '2015-03-28', 'DI', 0),
(159, 3, '2015-03-29', 'DI', 0),
(159, 3, '2015-03-30', 'TR', 0),
(159, 4, '2015-03-01', 'DI', 0),
(159, 4, '2015-03-02', 'IN', 0),
(159, 4, '2015-03-03', 'IN', 0),
(159, 4, '2015-03-04', 'DI', 0),
(159, 4, '2015-03-05', 'IN', 0),
(159, 4, '2015-03-06', 'DG', 0),
(159, 4, '2015-03-07', 'IN', 0),
(159, 4, '2015-03-08', 'DI', 0),
(159, 4, '2015-03-09', 'TR', 0),
(159, 4, '2015-03-10', 'TR', 0),
(159, 4, '2015-03-11', 'TR', 0),
(159, 4, '2015-03-12', 'DG', 0),
(159, 4, '2015-03-13', 'IN', 0),
(159, 4, '2015-03-14', 'DI', 0),
(159, 4, '2015-03-15', 'IN', 0),
(159, 4, '2015-03-16', 'TR', 0),
(159, 4, '2015-03-17', 'TR', 0),
(159, 4, '2015-03-18', 'IN', 0),
(159, 4, '2015-03-19', 'TR', 0),
(159, 4, '2015-03-20', 'DI', 0),
(159, 4, '2015-03-21', 'TR', 0),
(159, 4, '2015-03-22', 'DG', 0),
(159, 4, '2015-03-23', 'DG', 0),
(159, 4, '2015-03-24', 'IN', 0),
(159, 4, '2015-03-25', 'DG', 0),
(159, 4, '2015-03-26', 'IN', 0),
(159, 4, '2015-03-27', 'DG', 0),
(159, 4, '2015-03-28', 'TR', 0),
(159, 4, '2015-03-29', 'IN', 0),
(159, 4, '2015-03-30', 'TR', 0),
(159, 5, '2015-03-01', 'DG', 0),
(159, 5, '2015-03-02', 'IN', 0),
(159, 5, '2015-03-03', 'DI', 0),
(159, 5, '2015-03-04', 'IN', 0),
(159, 5, '2015-03-05', 'DG', 0),
(159, 5, '2015-03-06', 'DG', 0),
(159, 5, '2015-03-07', 'TR', 0),
(159, 5, '2015-03-08', 'DG', 0),
(159, 5, '2015-03-09', 'TR', 0),
(159, 5, '2015-03-10', 'DI', 0),
(159, 5, '2015-03-11', 'DG', 0),
(159, 5, '2015-03-12', 'DI', 0),
(159, 5, '2015-03-13', 'IN', 0),
(159, 5, '2015-03-14', 'IN', 0),
(159, 5, '2015-03-15', 'TR', 0),
(159, 5, '2015-03-16', 'IN', 0),
(159, 5, '2015-03-17', 'TR', 0),
(159, 5, '2015-03-18', 'DG', 0),
(159, 5, '2015-03-19', 'TR', 0),
(159, 5, '2015-03-20', 'DG', 0),
(159, 5, '2015-03-21', 'TR', 0),
(159, 5, '2015-03-22', 'TR', 0),
(159, 5, '2015-03-23', 'IN', 0),
(159, 5, '2015-03-24', 'DG', 0),
(159, 5, '2015-03-25', 'DI', 0),
(159, 5, '2015-03-26', 'IN', 0),
(159, 5, '2015-03-27', 'TR', 0),
(159, 5, '2015-03-28', 'TR', 0),
(159, 5, '2015-03-29', 'DI', 0),
(159, 5, '2015-03-30', 'DI', 0),
(159, 6, '2015-03-01', 'IN', 0),
(159, 6, '2015-03-02', 'IN', 0),
(159, 6, '2015-03-03', 'IN', 0),
(159, 6, '2015-03-04', 'TR', 0),
(159, 6, '2015-03-05', 'IN', 0),
(159, 6, '2015-03-06', 'DG', 0),
(159, 6, '2015-03-07', 'DI', 0),
(159, 6, '2015-03-08', 'DG', 0),
(159, 6, '2015-03-09', 'DI', 0),
(159, 6, '2015-03-10', 'DI', 0),
(159, 6, '2015-03-11', 'IN', 0),
(159, 6, '2015-03-12', 'IN', 0),
(159, 6, '2015-03-13', 'TR', 0),
(159, 6, '2015-03-14', 'IN', 0),
(159, 6, '2015-03-15', 'DG', 0),
(159, 6, '2015-03-16', 'TR', 0),
(159, 6, '2015-03-17', 'TR', 0),
(159, 6, '2015-03-18', 'TR', 0),
(159, 6, '2015-03-19', 'DI', 0),
(159, 6, '2015-03-20', 'DI', 0),
(159, 6, '2015-03-21', 'DI', 0),
(159, 6, '2015-03-22', 'DG', 0),
(159, 6, '2015-03-23', 'DG', 0),
(159, 6, '2015-03-24', 'DG', 0),
(159, 6, '2015-03-25', 'IN', 0),
(159, 6, '2015-03-26', 'DG', 0),
(159, 6, '2015-03-27', 'TR', 0),
(159, 6, '2015-03-28', 'TR', 0),
(159, 6, '2015-03-29', 'DG', 0),
(159, 6, '2015-03-30', 'DI', 0),
(160, 1, '2015-03-01', 'DG', 0),
(160, 1, '2015-03-02', 'DI', 0),
(160, 1, '2015-03-03', 'TR', 0),
(160, 1, '2015-03-04', 'TR', 0),
(160, 1, '2015-03-05', 'TR', 0),
(160, 1, '2015-03-06', 'DG', 0),
(160, 1, '2015-03-07', 'DI', 0),
(160, 1, '2015-03-08', 'TR', 0),
(160, 1, '2015-03-09', 'IN', 0),
(160, 1, '2015-03-10', 'IN', 0),
(160, 1, '2015-03-11', 'DG', 0),
(160, 1, '2015-03-12', 'IN', 0),
(160, 1, '2015-03-13', 'IN', 0),
(160, 1, '2015-03-14', 'IN', 0),
(160, 1, '2015-03-15', 'DI', 0),
(160, 1, '2015-03-16', 'DG', 0),
(160, 1, '2015-03-17', 'TR', 0),
(160, 1, '2015-03-18', 'TR', 0),
(160, 1, '2015-03-19', 'DG', 0),
(160, 1, '2015-03-20', 'DG', 0),
(160, 1, '2015-03-21', 'TR', 0),
(160, 1, '2015-03-22', 'DG', 0),
(160, 1, '2015-03-23', 'DI', 0),
(160, 1, '2015-03-24', 'DI', 0),
(160, 1, '2015-03-25', 'IN', 0),
(160, 1, '2015-03-26', 'IN', 0),
(160, 1, '2015-03-27', 'DI', 0),
(160, 1, '2015-03-28', 'DG', 0),
(160, 1, '2015-03-29', 'IN', 0),
(160, 1, '2015-03-30', 'TR', 0),
(160, 2, '2015-03-01', 'TR', 0),
(160, 2, '2015-03-02', 'DI', 0),
(160, 2, '2015-03-03', 'DI', 0),
(160, 2, '2015-03-04', 'DI', 0),
(160, 2, '2015-03-05', 'DI', 0),
(160, 2, '2015-03-06', 'DI', 0),
(160, 2, '2015-03-07', 'DI', 0),
(160, 2, '2015-03-08', 'DI', 0),
(160, 2, '2015-03-09', 'DG', 0),
(160, 2, '2015-03-10', 'IN', 0),
(160, 2, '2015-03-11', 'DG', 0),
(160, 2, '2015-03-12', 'DG', 0),
(160, 2, '2015-03-13', 'DG', 0),
(160, 2, '2015-03-14', 'DG', 0),
(160, 2, '2015-03-15', 'IN', 0),
(160, 2, '2015-03-16', 'TR', 0),
(160, 2, '2015-03-17', 'DI', 0),
(160, 2, '2015-03-18', 'IN', 0),
(160, 2, '2015-03-19', 'TR', 0),
(160, 2, '2015-03-20', 'TR', 0),
(160, 2, '2015-03-21', 'DG', 0),
(160, 2, '2015-03-22', 'DI', 0),
(160, 2, '2015-03-23', 'IN', 0),
(160, 2, '2015-03-24', 'TR', 0),
(160, 2, '2015-03-25', 'TR', 0),
(160, 2, '2015-03-26', 'IN', 0),
(160, 2, '2015-03-27', 'DG', 0),
(160, 2, '2015-03-28', 'DI', 0),
(160, 2, '2015-03-29', 'DI', 0),
(160, 2, '2015-03-30', 'TR', 0),
(160, 3, '2015-03-01', 'DI', 0),
(160, 3, '2015-03-02', 'IN', 0),
(160, 3, '2015-03-03', 'DG', 0),
(160, 3, '2015-03-04', 'TR', 0),
(160, 3, '2015-03-05', 'DI', 0),
(160, 3, '2015-03-06', 'IN', 0),
(160, 3, '2015-03-07', 'DG', 0),
(160, 3, '2015-03-08', 'DI', 0),
(160, 3, '2015-03-09', 'DI', 0),
(160, 3, '2015-03-10', 'DG', 0),
(160, 3, '2015-03-11', 'DI', 0),
(160, 3, '2015-03-12', 'TR', 0),
(160, 3, '2015-03-13', 'IN', 0),
(160, 3, '2015-03-14', 'DI', 0),
(160, 3, '2015-03-15', 'DI', 0),
(160, 3, '2015-03-16', 'DI', 0),
(160, 3, '2015-03-17', 'TR', 0),
(160, 3, '2015-03-18', 'TR', 0),
(160, 3, '2015-03-19', 'IN', 0),
(160, 3, '2015-03-20', 'TR', 0),
(160, 3, '2015-03-21', 'DG', 0),
(160, 3, '2015-03-22', 'TR', 0),
(160, 3, '2015-03-23', 'DG', 0),
(160, 3, '2015-03-24', 'DI', 0),
(160, 3, '2015-03-25', 'IN', 0),
(160, 3, '2015-03-26', 'DI', 0),
(160, 3, '2015-03-27', 'DI', 0),
(160, 3, '2015-03-28', 'DG', 0),
(160, 3, '2015-03-29', 'DI', 0),
(160, 3, '2015-03-30', 'TR', 0),
(160, 4, '2015-03-01', 'TR', 0),
(160, 4, '2015-03-02', 'TR', 0),
(160, 4, '2015-03-03', 'DG', 0),
(160, 4, '2015-03-04', 'DI', 0),
(160, 4, '2015-03-05', 'IN', 0),
(160, 4, '2015-03-06', 'TR', 0),
(160, 4, '2015-03-07', 'DI', 0),
(160, 4, '2015-03-08', 'DI', 0),
(160, 4, '2015-03-09', 'IN', 0),
(160, 4, '2015-03-10', 'IN', 0),
(160, 4, '2015-03-11', 'DI', 0),
(160, 4, '2015-03-12', 'IN', 0),
(160, 4, '2015-03-13', 'IN', 0),
(160, 4, '2015-03-14', 'TR', 0),
(160, 4, '2015-03-15', 'IN', 0),
(160, 4, '2015-03-16', 'DI', 0),
(160, 4, '2015-03-17', 'DG', 0),
(160, 4, '2015-03-18', 'DI', 0),
(160, 4, '2015-03-19', 'DG', 0),
(160, 4, '2015-03-20', 'DI', 0),
(160, 4, '2015-03-21', 'DI', 0),
(160, 4, '2015-03-22', 'DI', 0),
(160, 4, '2015-03-23', 'TR', 0),
(160, 4, '2015-03-24', 'TR', 0),
(160, 4, '2015-03-25', 'TR', 0),
(160, 4, '2015-03-26', 'IN', 0),
(160, 4, '2015-03-27', 'DG', 0),
(160, 4, '2015-03-28', 'DI', 0),
(160, 4, '2015-03-29', 'IN', 0),
(160, 4, '2015-03-30', 'DI', 0),
(160, 5, '2015-03-01', 'DG', 0),
(160, 5, '2015-03-02', 'DG', 0),
(160, 5, '2015-03-03', 'IN', 0),
(160, 5, '2015-03-04', 'IN', 0),
(160, 5, '2015-03-05', 'DI', 0),
(160, 5, '2015-03-06', 'TR', 0),
(160, 5, '2015-03-07', 'IN', 0),
(160, 5, '2015-03-08', 'DG', 0),
(160, 5, '2015-03-09', 'DG', 0),
(160, 5, '2015-03-10', 'DI', 0),
(160, 5, '2015-03-11', 'DI', 0),
(160, 5, '2015-03-12', 'DG', 0),
(160, 5, '2015-03-13', 'TR', 0),
(160, 5, '2015-03-14', 'DG', 0),
(160, 5, '2015-03-15', 'DI', 0),
(160, 5, '2015-03-16', 'DI', 0),
(160, 5, '2015-03-17', 'IN', 0),
(160, 5, '2015-03-18', 'IN', 0),
(160, 5, '2015-03-19', 'TR', 0),
(160, 5, '2015-03-20', 'IN', 0),
(160, 5, '2015-03-21', 'DG', 0),
(160, 5, '2015-03-22', 'TR', 0),
(160, 5, '2015-03-23', 'IN', 0),
(160, 5, '2015-03-24', 'IN', 0),
(160, 5, '2015-03-25', 'IN', 0),
(160, 5, '2015-03-26', 'IN', 0),
(160, 5, '2015-03-27', 'DI', 0),
(160, 5, '2015-03-28', 'DI', 0),
(160, 5, '2015-03-29', 'DG', 0),
(160, 5, '2015-03-30', 'DI', 0),
(160, 6, '2015-03-01', 'IN', 0),
(160, 6, '2015-03-02', 'TR', 0),
(160, 6, '2015-03-03', 'DG', 0),
(160, 6, '2015-03-04', 'IN', 0),
(160, 6, '2015-03-05', 'TR', 0),
(160, 6, '2015-03-06', 'TR', 0),
(160, 6, '2015-03-07', 'IN', 0),
(160, 6, '2015-03-08', 'DI', 0),
(160, 6, '2015-03-09', 'IN', 0),
(160, 6, '2015-03-10', 'IN', 0),
(160, 6, '2015-03-11', 'DG', 0),
(160, 6, '2015-03-12', 'DG', 0),
(160, 6, '2015-03-13', 'IN', 0),
(160, 6, '2015-03-14', 'IN', 0),
(160, 6, '2015-03-15', 'TR', 0),
(160, 6, '2015-03-16', 'IN', 0),
(160, 6, '2015-03-17', 'DI', 0),
(160, 6, '2015-03-18', 'IN', 0),
(160, 6, '2015-03-19', 'DI', 0),
(160, 6, '2015-03-20', 'TR', 0),
(160, 6, '2015-03-21', 'DI', 0),
(160, 6, '2015-03-22', 'DI', 0),
(160, 6, '2015-03-23', 'DG', 0),
(160, 6, '2015-03-24', 'DG', 0),
(160, 6, '2015-03-25', 'TR', 0),
(160, 6, '2015-03-26', 'DG', 0),
(160, 6, '2015-03-27', 'DG', 0),
(160, 6, '2015-03-28', 'DI', 0),
(160, 6, '2015-03-29', 'TR', 0),
(160, 6, '2015-03-30', 'DG', 0),
(161, 1, '2015-03-01', 'TR', 0),
(161, 1, '2015-03-02', 'DI', 0),
(161, 1, '2015-03-03', 'TR', 0),
(161, 1, '2015-03-04', 'TR', 0),
(161, 1, '2015-03-05', 'DG', 0),
(161, 1, '2015-03-06', 'DI', 0),
(161, 1, '2015-03-07', 'IN', 0),
(161, 1, '2015-03-08', 'DG', 0),
(161, 1, '2015-03-09', 'TR', 0),
(161, 1, '2015-03-10', 'DG', 0),
(161, 1, '2015-03-11', 'TR', 0),
(161, 1, '2015-03-12', 'TR', 0),
(161, 1, '2015-03-13', 'DI', 0),
(161, 1, '2015-03-14', 'DG', 0),
(161, 1, '2015-03-15', 'IN', 0),
(161, 1, '2015-03-16', 'TR', 0),
(161, 1, '2015-03-17', 'DI', 0),
(161, 1, '2015-03-18', 'DG', 0),
(161, 1, '2015-03-19', 'DI', 0),
(161, 1, '2015-03-20', 'DI', 0),
(161, 1, '2015-03-21', 'DI', 0),
(161, 1, '2015-03-22', 'DI', 0),
(161, 1, '2015-03-23', 'DI', 0),
(161, 1, '2015-03-24', 'DI', 0),
(161, 1, '2015-03-25', 'DI', 0),
(161, 1, '2015-03-26', 'IN', 0),
(161, 1, '2015-03-27', 'IN', 0),
(161, 1, '2015-03-28', 'IN', 0),
(161, 1, '2015-03-29', 'DI', 0),
(161, 1, '2015-03-30', 'TR', 0),
(161, 2, '2015-03-01', 'IN', 0),
(161, 2, '2015-03-02', 'TR', 0),
(161, 2, '2015-03-03', 'TR', 0),
(161, 2, '2015-03-04', 'TR', 0),
(161, 2, '2015-03-05', 'DG', 0),
(161, 2, '2015-03-06', 'IN', 0),
(161, 2, '2015-03-07', 'DI', 0),
(161, 2, '2015-03-08', 'TR', 0),
(161, 2, '2015-03-09', 'IN', 0),
(161, 2, '2015-03-10', 'DG', 0),
(161, 2, '2015-03-11', 'TR', 0),
(161, 2, '2015-03-12', 'DI', 0),
(161, 2, '2015-03-13', 'DI', 0),
(161, 2, '2015-03-14', 'DI', 0),
(161, 2, '2015-03-15', 'DI', 0),
(161, 2, '2015-03-16', 'DI', 0),
(161, 2, '2015-03-17', 'TR', 0),
(161, 2, '2015-03-18', 'IN', 0),
(161, 2, '2015-03-19', 'DI', 0),
(161, 2, '2015-03-20', 'IN', 0),
(161, 2, '2015-03-21', 'DI', 0),
(161, 2, '2015-03-22', 'DI', 0),
(161, 2, '2015-03-23', 'IN', 0),
(161, 2, '2015-03-24', 'DG', 0),
(161, 2, '2015-03-25', 'IN', 0),
(161, 2, '2015-03-26', 'TR', 0),
(161, 2, '2015-03-27', 'IN', 0),
(161, 2, '2015-03-28', 'TR', 0),
(161, 2, '2015-03-29', 'DG', 0),
(161, 2, '2015-03-30', 'DG', 0),
(161, 3, '2015-03-01', 'IN', 0),
(161, 3, '2015-03-02', 'DI', 0),
(161, 3, '2015-03-03', 'DG', 0),
(161, 3, '2015-03-04', 'DG', 0),
(161, 3, '2015-03-05', 'IN', 0),
(161, 3, '2015-03-06', 'IN', 0),
(161, 3, '2015-03-07', 'DG', 0),
(161, 3, '2015-03-08', 'DG', 0),
(161, 3, '2015-03-09', 'DI', 0),
(161, 3, '2015-03-10', 'TR', 0),
(161, 3, '2015-03-11', 'DI', 0),
(161, 3, '2015-03-12', 'TR', 0),
(161, 3, '2015-03-13', 'DG', 0),
(161, 3, '2015-03-14', 'TR', 0),
(161, 3, '2015-03-15', 'DG', 0),
(161, 3, '2015-03-16', 'DI', 0),
(161, 3, '2015-03-17', 'IN', 0),
(161, 3, '2015-03-18', 'IN', 0),
(161, 3, '2015-03-19', 'DI', 0),
(161, 3, '2015-03-20', 'IN', 0),
(161, 3, '2015-03-21', 'IN', 0),
(161, 3, '2015-03-22', 'TR', 0),
(161, 3, '2015-03-23', 'DI', 0),
(161, 3, '2015-03-24', 'DG', 0),
(161, 3, '2015-03-25', 'IN', 0),
(161, 3, '2015-03-26', 'IN', 0),
(161, 3, '2015-03-27', 'TR', 0),
(161, 3, '2015-03-28', 'TR', 0),
(161, 3, '2015-03-29', 'TR', 0),
(161, 3, '2015-03-30', 'IN', 0),
(161, 4, '2015-03-01', 'DG', 0),
(161, 4, '2015-03-02', 'DG', 0),
(161, 4, '2015-03-03', 'DI', 0),
(161, 4, '2015-03-04', 'DI', 0),
(161, 4, '2015-03-05', 'DI', 0),
(161, 4, '2015-03-06', 'IN', 0),
(161, 4, '2015-03-07', 'DI', 0),
(161, 4, '2015-03-08', 'DI', 0),
(161, 4, '2015-03-09', 'TR', 0),
(161, 4, '2015-03-10', 'TR', 0),
(161, 4, '2015-03-11', 'TR', 0),
(161, 4, '2015-03-12', 'DG', 0),
(161, 4, '2015-03-13', 'TR', 0),
(161, 4, '2015-03-14', 'TR', 0),
(161, 4, '2015-03-15', 'IN', 0),
(161, 4, '2015-03-16', 'TR', 0),
(161, 4, '2015-03-17', 'DI', 0),
(161, 4, '2015-03-18', 'DG', 0),
(161, 4, '2015-03-19', 'IN', 0),
(161, 4, '2015-03-20', 'IN', 0),
(161, 4, '2015-03-21', 'DG', 0),
(161, 4, '2015-03-22', 'IN', 0),
(161, 4, '2015-03-23', 'IN', 0),
(161, 4, '2015-03-24', 'DI', 0),
(161, 4, '2015-03-25', 'DI', 0),
(161, 4, '2015-03-26', 'TR', 0),
(161, 4, '2015-03-27', 'TR', 0),
(161, 4, '2015-03-28', 'TR', 0),
(161, 4, '2015-03-29', 'DG', 0),
(161, 4, '2015-03-30', 'TR', 0),
(161, 5, '2015-03-01', 'DI', 0),
(161, 5, '2015-03-02', 'DG', 0),
(161, 5, '2015-03-03', 'DG', 0),
(161, 5, '2015-03-04', 'DI', 0),
(161, 5, '2015-03-05', 'DI', 0),
(161, 5, '2015-03-06', 'DI', 0),
(161, 5, '2015-03-07', 'DG', 0),
(161, 5, '2015-03-08', 'IN', 0),
(161, 5, '2015-03-09', 'IN', 0),
(161, 5, '2015-03-10', 'DI', 0),
(161, 5, '2015-03-11', 'DI', 0),
(161, 5, '2015-03-12', 'IN', 0),
(161, 5, '2015-03-13', 'DI', 0),
(161, 5, '2015-03-14', 'DI', 0),
(161, 5, '2015-03-15', 'IN', 0),
(161, 5, '2015-03-16', 'DI', 0),
(161, 5, '2015-03-17', 'TR', 0),
(161, 5, '2015-03-18', 'IN', 0),
(161, 5, '2015-03-19', 'DI', 0),
(161, 5, '2015-03-20', 'IN', 0),
(161, 5, '2015-03-21', 'DG', 0),
(161, 5, '2015-03-22', 'DG', 0),
(161, 5, '2015-03-23', 'DG', 0),
(161, 5, '2015-03-24', 'IN', 0),
(161, 5, '2015-03-25', 'IN', 0),
(161, 5, '2015-03-26', 'DI', 0),
(161, 5, '2015-03-27', 'DI', 0),
(161, 5, '2015-03-28', 'DI', 0),
(161, 5, '2015-03-29', 'DG', 0),
(161, 5, '2015-03-30', 'DI', 0),
(161, 6, '2015-03-01', 'DI', 0),
(161, 6, '2015-03-02', 'DG', 0),
(161, 6, '2015-03-03', 'DI', 0),
(161, 6, '2015-03-04', 'IN', 0),
(161, 6, '2015-03-05', 'TR', 0),
(161, 6, '2015-03-06', 'TR', 0),
(161, 6, '2015-03-07', 'TR', 0),
(161, 6, '2015-03-08', 'DG', 0),
(161, 6, '2015-03-09', 'DI', 0),
(161, 6, '2015-03-10', 'DG', 0),
(161, 6, '2015-03-11', 'TR', 0),
(161, 6, '2015-03-12', 'TR', 0),
(161, 6, '2015-03-13', 'IN', 0),
(161, 6, '2015-03-14', 'IN', 0),
(161, 6, '2015-03-15', 'DG', 0),
(161, 6, '2015-03-16', 'IN', 0),
(161, 6, '2015-03-17', 'DI', 0),
(161, 6, '2015-03-18', 'IN', 0),
(161, 6, '2015-03-19', 'DG', 0),
(161, 6, '2015-03-20', 'DG', 0),
(161, 6, '2015-03-21', 'DG', 0),
(161, 6, '2015-03-22', 'DG', 0),
(161, 6, '2015-03-23', 'DI', 0),
(161, 6, '2015-03-24', 'DI', 0),
(161, 6, '2015-03-25', 'TR', 0),
(161, 6, '2015-03-26', 'IN', 0),
(161, 6, '2015-03-27', 'TR', 0),
(161, 6, '2015-03-28', 'DG', 0),
(161, 6, '2015-03-29', 'TR', 0),
(161, 6, '2015-03-30', 'TR', 0),
(162, 1, '2015-03-01', 'IN', 0),
(162, 1, '2015-03-02', 'DG', 0),
(162, 1, '2015-03-03', 'DI', 0),
(162, 1, '2015-03-04', 'IN', 0),
(162, 1, '2015-03-05', 'IN', 0),
(162, 1, '2015-03-06', 'DG', 0),
(162, 1, '2015-03-07', 'TR', 0),
(162, 1, '2015-03-08', 'TR', 0),
(162, 1, '2015-03-09', 'DI', 0),
(162, 1, '2015-03-10', 'DI', 0),
(162, 1, '2015-03-11', 'DI', 0),
(162, 1, '2015-03-12', 'DG', 0),
(162, 1, '2015-03-13', 'IN', 0),
(162, 1, '2015-03-14', 'TR', 0),
(162, 1, '2015-03-15', 'DG', 0),
(162, 1, '2015-03-16', 'DI', 0),
(162, 1, '2015-03-17', 'DI', 0),
(162, 1, '2015-03-18', 'DG', 0),
(162, 1, '2015-03-19', 'DI', 0),
(162, 1, '2015-03-20', 'TR', 0),
(162, 1, '2015-03-21', 'TR', 0),
(162, 1, '2015-03-22', 'DG', 0),
(162, 1, '2015-03-23', 'TR', 0),
(162, 1, '2015-03-24', 'DI', 0),
(162, 1, '2015-03-25', 'IN', 0),
(162, 1, '2015-03-26', 'IN', 0),
(162, 1, '2015-03-27', 'DI', 0),
(162, 1, '2015-03-28', 'DG', 0),
(162, 1, '2015-03-29', 'IN', 0),
(162, 1, '2015-03-30', 'IN', 0),
(162, 2, '2015-03-01', 'DI', 0),
(162, 2, '2015-03-02', 'TR', 0),
(162, 2, '2015-03-03', 'DG', 0),
(162, 2, '2015-03-04', 'DI', 0),
(162, 2, '2015-03-05', 'TR', 0),
(162, 2, '2015-03-06', 'TR', 0),
(162, 2, '2015-03-07', 'DI', 0),
(162, 2, '2015-03-08', 'DG', 0),
(162, 2, '2015-03-09', 'DG', 0),
(162, 2, '2015-03-10', 'IN', 0),
(162, 2, '2015-03-11', 'TR', 0),
(162, 2, '2015-03-12', 'TR', 0),
(162, 2, '2015-03-13', 'DG', 0),
(162, 2, '2015-03-14', 'DG', 0),
(162, 2, '2015-03-15', 'DG', 0),
(162, 2, '2015-03-16', 'IN', 0),
(162, 2, '2015-03-17', 'TR', 0),
(162, 2, '2015-03-18', 'DG', 0),
(162, 2, '2015-03-19', 'DG', 0),
(162, 2, '2015-03-20', 'IN', 0),
(162, 2, '2015-03-21', 'DI', 0),
(162, 2, '2015-03-22', 'DG', 0),
(162, 2, '2015-03-23', 'DG', 0),
(162, 2, '2015-03-24', 'DI', 0),
(162, 2, '2015-03-25', 'DG', 0),
(162, 2, '2015-03-26', 'IN', 0),
(162, 2, '2015-03-27', 'IN', 0),
(162, 2, '2015-03-28', 'DG', 0),
(162, 2, '2015-03-29', 'TR', 0),
(162, 2, '2015-03-30', 'DG', 0),
(162, 3, '2015-03-01', 'IN', 0),
(162, 3, '2015-03-02', 'TR', 0),
(162, 3, '2015-03-03', 'DI', 0),
(162, 3, '2015-03-04', 'IN', 0),
(162, 3, '2015-03-05', 'TR', 0),
(162, 3, '2015-03-06', 'DG', 0),
(162, 3, '2015-03-07', 'DI', 0),
(162, 3, '2015-03-08', 'IN', 0),
(162, 3, '2015-03-09', 'TR', 0),
(162, 3, '2015-03-10', 'IN', 0),
(162, 3, '2015-03-11', 'TR', 0),
(162, 3, '2015-03-12', 'IN', 0),
(162, 3, '2015-03-13', 'IN', 0),
(162, 3, '2015-03-14', 'DI', 0),
(162, 3, '2015-03-15', 'TR', 0),
(162, 3, '2015-03-16', 'TR', 0),
(162, 3, '2015-03-17', 'DI', 0),
(162, 3, '2015-03-18', 'DI', 0),
(162, 3, '2015-03-19', 'TR', 0),
(162, 3, '2015-03-20', 'IN', 0),
(162, 3, '2015-03-21', 'DI', 0),
(162, 3, '2015-03-22', 'TR', 0),
(162, 3, '2015-03-23', 'DI', 0),
(162, 3, '2015-03-24', 'TR', 0),
(162, 3, '2015-03-25', 'DI', 0),
(162, 3, '2015-03-26', 'DG', 0),
(162, 3, '2015-03-27', 'DG', 0),
(162, 3, '2015-03-28', 'IN', 0),
(162, 3, '2015-03-29', 'DI', 0),
(162, 3, '2015-03-30', 'TR', 0),
(162, 4, '2015-03-01', 'DI', 0),
(162, 4, '2015-03-02', 'IN', 0),
(162, 4, '2015-03-03', 'DG', 0),
(162, 4, '2015-03-04', 'TR', 0),
(162, 4, '2015-03-05', 'DG', 0),
(162, 4, '2015-03-06', 'TR', 0),
(162, 4, '2015-03-07', 'IN', 0),
(162, 4, '2015-03-08', 'DG', 0),
(162, 4, '2015-03-09', 'TR', 0),
(162, 4, '2015-03-10', 'DG', 0),
(162, 4, '2015-03-11', 'TR', 0),
(162, 4, '2015-03-12', 'DG', 0),
(162, 4, '2015-03-13', 'TR', 0),
(162, 4, '2015-03-14', 'TR', 0),
(162, 4, '2015-03-15', 'TR', 0),
(162, 4, '2015-03-16', 'DI', 0),
(162, 4, '2015-03-17', 'TR', 0),
(162, 4, '2015-03-18', 'DG', 0),
(162, 4, '2015-03-19', 'TR', 0),
(162, 4, '2015-03-20', 'DG', 0),
(162, 4, '2015-03-21', 'TR', 0),
(162, 4, '2015-03-22', 'IN', 0),
(162, 4, '2015-03-23', 'DI', 0),
(162, 4, '2015-03-24', 'DG', 0),
(162, 4, '2015-03-25', 'DG', 0),
(162, 4, '2015-03-26', 'IN', 0),
(162, 4, '2015-03-27', 'DI', 0),
(162, 4, '2015-03-28', 'TR', 0),
(162, 4, '2015-03-29', 'TR', 0),
(162, 4, '2015-03-30', 'TR', 0),
(162, 5, '2015-03-01', 'IN', 0),
(162, 5, '2015-03-02', 'DG', 0),
(162, 5, '2015-03-03', 'IN', 0),
(162, 5, '2015-03-04', 'IN', 0),
(162, 5, '2015-03-05', 'TR', 0),
(162, 5, '2015-03-06', 'DG', 0),
(162, 5, '2015-03-07', 'DG', 0),
(162, 5, '2015-03-08', 'IN', 0),
(162, 5, '2015-03-09', 'TR', 0),
(162, 5, '2015-03-10', 'DI', 0),
(162, 5, '2015-03-11', 'IN', 0),
(162, 5, '2015-03-12', 'DI', 0),
(162, 5, '2015-03-13', 'DI', 0),
(162, 5, '2015-03-14', 'DG', 0),
(162, 5, '2015-03-15', 'DI', 0),
(162, 5, '2015-03-16', 'DG', 0),
(162, 5, '2015-03-17', 'IN', 0),
(162, 5, '2015-03-18', 'DI', 0),
(162, 5, '2015-03-19', 'DI', 0),
(162, 5, '2015-03-20', 'IN', 0),
(162, 5, '2015-03-21', 'TR', 0),
(162, 5, '2015-03-22', 'DI', 0),
(162, 5, '2015-03-23', 'DI', 0),
(162, 5, '2015-03-24', 'DG', 0),
(162, 5, '2015-03-25', 'IN', 0),
(162, 5, '2015-03-26', 'IN', 0),
(162, 5, '2015-03-27', 'DI', 0),
(162, 5, '2015-03-28', 'DI', 0),
(162, 5, '2015-03-29', 'IN', 0),
(162, 5, '2015-03-30', 'TR', 0),
(162, 6, '2015-03-01', 'TR', 0),
(162, 6, '2015-03-02', 'IN', 0),
(162, 6, '2015-03-03', 'TR', 0),
(162, 6, '2015-03-04', 'IN', 0),
(162, 6, '2015-03-05', 'DI', 0),
(162, 6, '2015-03-06', 'DI', 0),
(162, 6, '2015-03-07', 'DG', 0),
(162, 6, '2015-03-08', 'IN', 0),
(162, 6, '2015-03-09', 'IN', 0),
(162, 6, '2015-03-10', 'DI', 0),
(162, 6, '2015-03-11', 'DG', 0),
(162, 6, '2015-03-12', 'DG', 0),
(162, 6, '2015-03-13', 'IN', 0),
(162, 6, '2015-03-14', 'DI', 0),
(162, 6, '2015-03-15', 'TR', 0),
(162, 6, '2015-03-16', 'TR', 0),
(162, 6, '2015-03-17', 'DI', 0),
(162, 6, '2015-03-18', 'DG', 0),
(162, 6, '2015-03-19', 'TR', 0),
(162, 6, '2015-03-20', 'IN', 0),
(162, 6, '2015-03-21', 'DI', 0),
(162, 6, '2015-03-22', 'DG', 0),
(162, 6, '2015-03-23', 'IN', 0),
(162, 6, '2015-03-24', 'IN', 0),
(162, 6, '2015-03-25', 'DG', 0),
(162, 6, '2015-03-26', 'TR', 0),
(162, 6, '2015-03-27', 'TR', 0),
(162, 6, '2015-03-28', 'IN', 0),
(162, 6, '2015-03-29', 'DI', 0),
(162, 6, '2015-03-30', 'TR', 0),
(163, 1, '2015-03-01', 'DG', 0),
(163, 1, '2015-03-02', 'IN', 0),
(163, 1, '2015-03-03', 'DI', 0),
(163, 1, '2015-03-04', 'IN', 0),
(163, 1, '2015-03-05', 'IN', 0),
(163, 1, '2015-03-06', 'DG', 0),
(163, 1, '2015-03-07', 'DI', 0),
(163, 1, '2015-03-08', 'TR', 0),
(163, 1, '2015-03-09', 'IN', 0),
(163, 1, '2015-03-10', 'TR', 0),
(163, 1, '2015-03-11', 'IN', 0),
(163, 1, '2015-03-12', 'DI', 0),
(163, 1, '2015-03-13', 'TR', 0),
(163, 1, '2015-03-14', 'TR', 0),
(163, 1, '2015-03-15', 'TR', 0),
(163, 1, '2015-03-16', 'TR', 0),
(163, 1, '2015-03-17', 'DI', 0),
(163, 1, '2015-03-18', 'TR', 0),
(163, 1, '2015-03-19', 'DG', 0),
(163, 1, '2015-03-20', 'DI', 0),
(163, 1, '2015-03-21', 'TR', 0),
(163, 1, '2015-03-22', 'IN', 0),
(163, 1, '2015-03-23', 'DG', 0),
(163, 1, '2015-03-24', 'DI', 0),
(163, 1, '2015-03-25', 'DG', 0),
(163, 1, '2015-03-26', 'DG', 0),
(163, 1, '2015-03-27', 'TR', 0),
(163, 1, '2015-03-28', 'DI', 0),
(163, 1, '2015-03-29', 'DG', 0),
(163, 1, '2015-03-30', 'TR', 0),
(163, 2, '2015-03-01', 'DI', 0),
(163, 2, '2015-03-02', 'IN', 0),
(163, 2, '2015-03-03', 'DI', 0),
(163, 2, '2015-03-04', 'DI', 0),
(163, 2, '2015-03-05', 'DI', 0),
(163, 2, '2015-03-06', 'DI', 0),
(163, 2, '2015-03-07', 'TR', 0),
(163, 2, '2015-03-08', 'TR', 0),
(163, 2, '2015-03-09', 'DG', 0),
(163, 2, '2015-03-10', 'IN', 0),
(163, 2, '2015-03-11', 'TR', 0),
(163, 2, '2015-03-12', 'DG', 0),
(163, 2, '2015-03-13', 'DI', 0),
(163, 2, '2015-03-14', 'TR', 0),
(163, 2, '2015-03-15', 'DG', 0),
(163, 2, '2015-03-16', 'IN', 0),
(163, 2, '2015-03-17', 'DG', 0),
(163, 2, '2015-03-18', 'DI', 0),
(163, 2, '2015-03-19', 'TR', 0),
(163, 2, '2015-03-20', 'DI', 0),
(163, 2, '2015-03-21', 'DG', 0),
(163, 2, '2015-03-22', 'IN', 0),
(163, 2, '2015-03-23', 'TR', 0),
(163, 2, '2015-03-24', 'TR', 0),
(163, 2, '2015-03-25', 'DI', 0),
(163, 2, '2015-03-26', 'DG', 0),
(163, 2, '2015-03-27', 'TR', 0),
(163, 2, '2015-03-28', 'IN', 0),
(163, 2, '2015-03-29', 'DG', 0),
(163, 2, '2015-03-30', 'DI', 0),
(163, 3, '2015-03-01', 'DI', 0),
(163, 3, '2015-03-02', 'IN', 0),
(163, 3, '2015-03-03', 'TR', 0),
(163, 3, '2015-03-04', 'DI', 0),
(163, 3, '2015-03-05', 'IN', 0),
(163, 3, '2015-03-06', 'DG', 0),
(163, 3, '2015-03-07', 'DI', 0),
(163, 3, '2015-03-08', 'DG', 0),
(163, 3, '2015-03-09', 'IN', 0),
(163, 3, '2015-03-10', 'DI', 0),
(163, 3, '2015-03-11', 'DI', 0),
(163, 3, '2015-03-12', 'DI', 0),
(163, 3, '2015-03-13', 'DI', 0),
(163, 3, '2015-03-14', 'TR', 0),
(163, 3, '2015-03-15', 'TR', 0),
(163, 3, '2015-03-16', 'IN', 0),
(163, 3, '2015-03-17', 'DG', 0),
(163, 3, '2015-03-18', 'TR', 0),
(163, 3, '2015-03-19', 'DG', 0),
(163, 3, '2015-03-20', 'DG', 0),
(163, 3, '2015-03-21', 'TR', 0),
(163, 3, '2015-03-22', 'TR', 0),
(163, 3, '2015-03-23', 'IN', 0),
(163, 3, '2015-03-24', 'IN', 0),
(163, 3, '2015-03-25', 'DI', 0),
(163, 3, '2015-03-26', 'DG', 0),
(163, 3, '2015-03-27', 'TR', 0),
(163, 3, '2015-03-28', 'TR', 0),
(163, 3, '2015-03-29', 'TR', 0),
(163, 3, '2015-03-30', 'DI', 0),
(163, 4, '2015-03-01', 'DG', 0),
(163, 4, '2015-03-02', 'DI', 0),
(163, 4, '2015-03-03', 'DI', 0),
(163, 4, '2015-03-04', 'DG', 0),
(163, 4, '2015-03-05', 'IN', 0),
(163, 4, '2015-03-06', 'TR', 0),
(163, 4, '2015-03-07', 'IN', 0),
(163, 4, '2015-03-08', 'DG', 0),
(163, 4, '2015-03-09', 'IN', 0),
(163, 4, '2015-03-10', 'DG', 0),
(163, 4, '2015-03-11', 'DG', 0),
(163, 4, '2015-03-12', 'TR', 0),
(163, 4, '2015-03-13', 'DG', 0),
(163, 4, '2015-03-14', 'DI', 0),
(163, 4, '2015-03-15', 'TR', 0),
(163, 4, '2015-03-16', 'DG', 0),
(163, 4, '2015-03-17', 'TR', 0),
(163, 4, '2015-03-18', 'DG', 0),
(163, 4, '2015-03-19', 'DI', 0),
(163, 4, '2015-03-20', 'DI', 0),
(163, 4, '2015-03-21', 'TR', 0),
(163, 4, '2015-03-22', 'DI', 0),
(163, 4, '2015-03-23', 'DI', 0),
(163, 4, '2015-03-24', 'TR', 0),
(163, 4, '2015-03-25', 'TR', 0),
(163, 4, '2015-03-26', 'DI', 0),
(163, 4, '2015-03-27', 'TR', 0),
(163, 4, '2015-03-28', 'IN', 0),
(163, 4, '2015-03-29', 'DI', 0),
(163, 4, '2015-03-30', 'IN', 0),
(163, 5, '2015-03-01', 'TR', 0),
(163, 5, '2015-03-02', 'TR', 0),
(163, 5, '2015-03-03', 'DG', 0),
(163, 5, '2015-03-04', 'DI', 0),
(163, 5, '2015-03-05', 'IN', 0),
(163, 5, '2015-03-06', 'DG', 0),
(163, 5, '2015-03-07', 'IN', 0),
(163, 5, '2015-03-08', 'IN', 0),
(163, 5, '2015-03-09', 'DI', 0),
(163, 5, '2015-03-10', 'DI', 0),
(163, 5, '2015-03-11', 'TR', 0),
(163, 5, '2015-03-12', 'DG', 0),
(163, 5, '2015-03-13', 'IN', 0),
(163, 5, '2015-03-14', 'TR', 0),
(163, 5, '2015-03-15', 'DG', 0),
(163, 5, '2015-03-16', 'TR', 0),
(163, 5, '2015-03-17', 'DI', 0),
(163, 5, '2015-03-18', 'TR', 0),
(163, 5, '2015-03-19', 'TR', 0),
(163, 5, '2015-03-20', 'DG', 0),
(163, 5, '2015-03-21', 'DG', 0),
(163, 5, '2015-03-22', 'TR', 0),
(163, 5, '2015-03-23', 'TR', 0),
(163, 5, '2015-03-24', 'TR', 0),
(163, 5, '2015-03-25', 'IN', 0),
(163, 5, '2015-03-26', 'DI', 0),
(163, 5, '2015-03-27', 'DI', 0),
(163, 5, '2015-03-28', 'DG', 0),
(163, 5, '2015-03-29', 'DI', 0),
(163, 5, '2015-03-30', 'IN', 0),
(163, 6, '2015-03-01', 'DG', 0),
(163, 6, '2015-03-02', 'DI', 0),
(163, 6, '2015-03-03', 'DG', 0),
(163, 6, '2015-03-04', 'DI', 0),
(163, 6, '2015-03-05', 'DI', 0),
(163, 6, '2015-03-06', 'DG', 0),
(163, 6, '2015-03-07', 'DG', 0),
(163, 6, '2015-03-08', 'TR', 0),
(163, 6, '2015-03-09', 'TR', 0),
(163, 6, '2015-03-10', 'DG', 0),
(163, 6, '2015-03-11', 'TR', 0),
(163, 6, '2015-03-12', 'DG', 0),
(163, 6, '2015-03-13', 'TR', 0),
(163, 6, '2015-03-14', 'DG', 0),
(163, 6, '2015-03-15', 'TR', 0),
(163, 6, '2015-03-16', 'IN', 0),
(163, 6, '2015-03-17', 'TR', 0),
(163, 6, '2015-03-18', 'IN', 0),
(163, 6, '2015-03-19', 'DI', 0),
(163, 6, '2015-03-20', 'IN', 0),
(163, 6, '2015-03-21', 'IN', 0),
(163, 6, '2015-03-22', 'IN', 0),
(163, 6, '2015-03-23', 'DG', 0),
(163, 6, '2015-03-24', 'TR', 0),
(163, 6, '2015-03-25', 'TR', 0),
(163, 6, '2015-03-26', 'TR', 0),
(163, 6, '2015-03-27', 'TR', 0),
(163, 6, '2015-03-28', 'TR', 0),
(163, 6, '2015-03-29', 'IN', 0),
(163, 6, '2015-03-30', 'IN', 0),
(164, 1, '2015-03-01', 'TR', 0),
(164, 1, '2015-03-02', 'DI', 0),
(164, 1, '2015-03-03', 'TR', 0),
(164, 1, '2015-03-04', 'TR', 0),
(164, 1, '2015-03-05', 'DI', 0),
(164, 1, '2015-03-06', 'DG', 0),
(164, 1, '2015-03-07', 'DG', 0),
(164, 1, '2015-03-08', 'IN', 0),
(164, 1, '2015-03-09', 'IN', 0),
(164, 1, '2015-03-10', 'TR', 0),
(164, 1, '2015-03-11', 'DI', 0),
(164, 1, '2015-03-12', 'DG', 0),
(164, 1, '2015-03-13', 'DI', 0),
(164, 1, '2015-03-14', 'DI', 0),
(164, 1, '2015-03-15', 'DI', 0),
(164, 1, '2015-03-16', 'TR', 0),
(164, 1, '2015-03-17', 'TR', 0),
(164, 1, '2015-03-18', 'DI', 0),
(164, 1, '2015-03-19', 'DG', 0),
(164, 1, '2015-03-20', 'IN', 0),
(164, 1, '2015-03-21', 'DI', 0),
(164, 1, '2015-03-22', 'DG', 0),
(164, 1, '2015-03-23', 'TR', 0),
(164, 1, '2015-03-24', 'DI', 0),
(164, 1, '2015-03-25', 'TR', 0),
(164, 1, '2015-03-26', 'IN', 0),
(164, 1, '2015-03-27', 'DG', 0),
(164, 1, '2015-03-28', 'DI', 0),
(164, 1, '2015-03-29', 'TR', 0),
(164, 1, '2015-03-30', 'TR', 0),
(164, 2, '2015-03-01', 'DG', 0),
(164, 2, '2015-03-02', 'DI', 0),
(164, 2, '2015-03-03', 'DI', 0),
(164, 2, '2015-03-04', 'IN', 0),
(164, 2, '2015-03-05', 'DG', 0),
(164, 2, '2015-03-06', 'DG', 0),
(164, 2, '2015-03-07', 'TR', 0),
(164, 2, '2015-03-08', 'IN', 0),
(164, 2, '2015-03-09', 'DI', 0),
(164, 2, '2015-03-10', 'DI', 0),
(164, 2, '2015-03-11', 'DI', 0),
(164, 2, '2015-03-12', 'IN', 0),
(164, 2, '2015-03-13', 'IN', 0),
(164, 2, '2015-03-14', 'TR', 0),
(164, 2, '2015-03-15', 'DI', 0),
(164, 2, '2015-03-16', 'TR', 0),
(164, 2, '2015-03-17', 'TR', 0),
(164, 2, '2015-03-18', 'IN', 0),
(164, 2, '2015-03-19', 'TR', 0),
(164, 2, '2015-03-20', 'IN', 0),
(164, 2, '2015-03-21', 'DI', 0),
(164, 2, '2015-03-22', 'IN', 0),
(164, 2, '2015-03-23', 'DG', 0),
(164, 2, '2015-03-24', 'DI', 0),
(164, 2, '2015-03-25', 'IN', 0),
(164, 2, '2015-03-26', 'DI', 0),
(164, 2, '2015-03-27', 'DG', 0),
(164, 2, '2015-03-28', 'DG', 0),
(164, 2, '2015-03-29', 'TR', 0),
(164, 2, '2015-03-30', 'DI', 0),
(164, 3, '2015-03-01', 'DI', 0),
(164, 3, '2015-03-02', 'DG', 0),
(164, 3, '2015-03-03', 'DI', 0),
(164, 3, '2015-03-04', 'IN', 0),
(164, 3, '2015-03-05', 'TR', 0),
(164, 3, '2015-03-06', 'DI', 0),
(164, 3, '2015-03-07', 'DI', 0),
(164, 3, '2015-03-08', 'DI', 0),
(164, 3, '2015-03-09', 'DI', 0),
(164, 3, '2015-03-10', 'DG', 0),
(164, 3, '2015-03-11', 'DI', 0),
(164, 3, '2015-03-12', 'IN', 0),
(164, 3, '2015-03-13', 'DI', 0),
(164, 3, '2015-03-14', 'DG', 0),
(164, 3, '2015-03-15', 'DI', 0),
(164, 3, '2015-03-16', 'IN', 0),
(164, 3, '2015-03-17', 'TR', 0),
(164, 3, '2015-03-18', 'DG', 0),
(164, 3, '2015-03-19', 'IN', 0),
(164, 3, '2015-03-20', 'IN', 0),
(164, 3, '2015-03-21', 'TR', 0),
(164, 3, '2015-03-22', 'DI', 0),
(164, 3, '2015-03-23', 'IN', 0),
(164, 3, '2015-03-24', 'TR', 0),
(164, 3, '2015-03-25', 'DI', 0),
(164, 3, '2015-03-26', 'DG', 0),
(164, 3, '2015-03-27', 'DG', 0),
(164, 3, '2015-03-28', 'DG', 0),
(164, 3, '2015-03-29', 'IN', 0),
(164, 3, '2015-03-30', 'DI', 0),
(164, 4, '2015-03-01', 'DI', 0),
(164, 4, '2015-03-02', 'IN', 0),
(164, 4, '2015-03-03', 'IN', 0),
(164, 4, '2015-03-04', 'TR', 0),
(164, 4, '2015-03-05', 'DG', 0),
(164, 4, '2015-03-06', 'DG', 0),
(164, 4, '2015-03-07', 'DG', 0),
(164, 4, '2015-03-08', 'DI', 0),
(164, 4, '2015-03-09', 'IN', 0),
(164, 4, '2015-03-10', 'DG', 0),
(164, 4, '2015-03-11', 'DG', 0),
(164, 4, '2015-03-12', 'TR', 0),
(164, 4, '2015-03-13', 'DG', 0),
(164, 4, '2015-03-14', 'DG', 0),
(164, 4, '2015-03-15', 'DG', 0),
(164, 4, '2015-03-16', 'IN', 0),
(164, 4, '2015-03-17', 'IN', 0),
(164, 4, '2015-03-18', 'TR', 0),
(164, 4, '2015-03-19', 'TR', 0),
(164, 4, '2015-03-20', 'DI', 0),
(164, 4, '2015-03-21', 'DG', 0),
(164, 4, '2015-03-22', 'DG', 0),
(164, 4, '2015-03-23', 'TR', 0),
(164, 4, '2015-03-24', 'DI', 0),
(164, 4, '2015-03-25', 'DI', 0),
(164, 4, '2015-03-26', 'TR', 0),
(164, 4, '2015-03-27', 'DI', 0),
(164, 4, '2015-03-28', 'DI', 0),
(164, 4, '2015-03-29', 'TR', 0),
(164, 4, '2015-03-30', 'DI', 0),
(164, 5, '2015-03-01', 'DI', 0),
(164, 5, '2015-03-02', 'DI', 0),
(164, 5, '2015-03-03', 'DG', 0),
(164, 5, '2015-03-04', 'TR', 0),
(164, 5, '2015-03-05', 'DG', 0),
(164, 5, '2015-03-06', 'DI', 0),
(164, 5, '2015-03-07', 'IN', 0),
(164, 5, '2015-03-08', 'TR', 0),
(164, 5, '2015-03-09', 'IN', 0),
(164, 5, '2015-03-10', 'TR', 0),
(164, 5, '2015-03-11', 'IN', 0),
(164, 5, '2015-03-12', 'DI', 0),
(164, 5, '2015-03-13', 'IN', 0),
(164, 5, '2015-03-14', 'DG', 0),
(164, 5, '2015-03-15', 'DG', 0),
(164, 5, '2015-03-16', 'TR', 0),
(164, 5, '2015-03-17', 'DG', 0),
(164, 5, '2015-03-18', 'DG', 0),
(164, 5, '2015-03-19', 'DI', 0),
(164, 5, '2015-03-20', 'IN', 0),
(164, 5, '2015-03-21', 'DI', 0),
(164, 5, '2015-03-22', 'IN', 0),
(164, 5, '2015-03-23', 'IN', 0),
(164, 5, '2015-03-24', 'IN', 0),
(164, 5, '2015-03-25', 'TR', 0),
(164, 5, '2015-03-26', 'TR', 0),
(164, 5, '2015-03-27', 'DI', 0),
(164, 5, '2015-03-28', 'IN', 0),
(164, 5, '2015-03-29', 'DG', 0),
(164, 5, '2015-03-30', 'DI', 0),
(164, 6, '2015-03-01', 'IN', 0),
(164, 6, '2015-03-02', 'DG', 0),
(164, 6, '2015-03-03', 'IN', 0),
(164, 6, '2015-03-04', 'DI', 0),
(164, 6, '2015-03-05', 'DI', 0),
(164, 6, '2015-03-06', 'DI', 0),
(164, 6, '2015-03-07', 'DI', 0),
(164, 6, '2015-03-08', 'IN', 0),
(164, 6, '2015-03-09', 'IN', 0),
(164, 6, '2015-03-10', 'IN', 0),
(164, 6, '2015-03-11', 'IN', 0),
(164, 6, '2015-03-12', 'DI', 0),
(164, 6, '2015-03-13', 'DG', 0),
(164, 6, '2015-03-14', 'DI', 0),
(164, 6, '2015-03-15', 'DI', 0),
(164, 6, '2015-03-16', 'DI', 0),
(164, 6, '2015-03-17', 'TR', 0),
(164, 6, '2015-03-18', 'TR', 0),
(164, 6, '2015-03-19', 'DG', 0),
(164, 6, '2015-03-20', 'IN', 0),
(164, 6, '2015-03-21', 'TR', 0),
(164, 6, '2015-03-22', 'TR', 0),
(164, 6, '2015-03-23', 'DI', 0),
(164, 6, '2015-03-24', 'DI', 0),
(164, 6, '2015-03-25', 'TR', 0),
(164, 6, '2015-03-26', 'IN', 0),
(164, 6, '2015-03-27', 'DI', 0),
(164, 6, '2015-03-28', 'IN', 0),
(164, 6, '2015-03-29', 'TR', 0),
(164, 6, '2015-03-30', 'DI', 0),
(165, 1, '2015-03-01', 'DG', 0),
(165, 1, '2015-03-02', 'TR', 0),
(165, 1, '2015-03-03', 'DI', 0),
(165, 1, '2015-03-04', 'DI', 0),
(165, 1, '2015-03-05', 'TR', 0),
(165, 1, '2015-03-06', 'DI', 0),
(165, 1, '2015-03-07', 'DI', 0),
(165, 1, '2015-03-08', 'TR', 0),
(165, 1, '2015-03-09', 'IN', 0),
(165, 1, '2015-03-10', 'TR', 0),
(165, 1, '2015-03-11', 'DG', 0),
(165, 1, '2015-03-12', 'IN', 0),
(165, 1, '2015-03-13', 'DI', 0),
(165, 1, '2015-03-14', 'DI', 0),
(165, 1, '2015-03-15', 'IN', 0),
(165, 1, '2015-03-16', 'DG', 0),
(165, 1, '2015-03-17', 'DG', 0),
(165, 1, '2015-03-18', 'DG', 0),
(165, 1, '2015-03-19', 'DG', 0),
(165, 1, '2015-03-20', 'TR', 0),
(165, 1, '2015-03-21', 'DI', 0),
(165, 1, '2015-03-22', 'TR', 0),
(165, 1, '2015-03-23', 'DI', 0),
(165, 1, '2015-03-24', 'IN', 0),
(165, 1, '2015-03-25', 'DI', 0),
(165, 1, '2015-03-26', 'IN', 0),
(165, 1, '2015-03-27', 'DI', 0),
(165, 1, '2015-03-28', 'TR', 0),
(165, 1, '2015-03-29', 'DI', 0),
(165, 1, '2015-03-30', 'DG', 0),
(165, 2, '2015-03-01', 'DG', 0),
(165, 2, '2015-03-02', 'TR', 0),
(165, 2, '2015-03-03', 'DG', 0),
(165, 2, '2015-03-04', 'IN', 0),
(165, 2, '2015-03-05', 'DG', 0),
(165, 2, '2015-03-06', 'TR', 0),
(165, 2, '2015-03-07', 'DI', 0),
(165, 2, '2015-03-08', 'TR', 0),
(165, 2, '2015-03-09', 'DG', 0),
(165, 2, '2015-03-10', 'TR', 0),
(165, 2, '2015-03-11', 'TR', 0),
(165, 2, '2015-03-12', 'IN', 0),
(165, 2, '2015-03-13', 'DI', 0),
(165, 2, '2015-03-14', 'TR', 0),
(165, 2, '2015-03-15', 'IN', 0),
(165, 2, '2015-03-16', 'TR', 0),
(165, 2, '2015-03-17', 'TR', 0),
(165, 2, '2015-03-18', 'TR', 0),
(165, 2, '2015-03-19', 'DG', 0),
(165, 2, '2015-03-20', 'IN', 0),
(165, 2, '2015-03-21', 'IN', 0),
(165, 2, '2015-03-22', 'TR', 0),
(165, 2, '2015-03-23', 'DI', 0),
(165, 2, '2015-03-24', 'DG', 0),
(165, 2, '2015-03-25', 'DI', 0),
(165, 2, '2015-03-26', 'TR', 0),
(165, 2, '2015-03-27', 'TR', 0),
(165, 2, '2015-03-28', 'TR', 0),
(165, 2, '2015-03-29', 'DI', 0),
(165, 2, '2015-03-30', 'IN', 0),
(165, 3, '2015-03-01', 'DG', 0),
(165, 3, '2015-03-02', 'DI', 0),
(165, 3, '2015-03-03', 'TR', 0),
(165, 3, '2015-03-04', 'DI', 0),
(165, 3, '2015-03-05', 'DI', 0),
(165, 3, '2015-03-06', 'DG', 0),
(165, 3, '2015-03-07', 'TR', 0),
(165, 3, '2015-03-08', 'DI', 0),
(165, 3, '2015-03-09', 'DG', 0),
(165, 3, '2015-03-10', 'DI', 0),
(165, 3, '2015-03-11', 'DI', 0),
(165, 3, '2015-03-12', 'IN', 0),
(165, 3, '2015-03-13', 'DI', 0),
(165, 3, '2015-03-14', 'TR', 0),
(165, 3, '2015-03-15', 'DG', 0),
(165, 3, '2015-03-16', 'TR', 0),
(165, 3, '2015-03-17', 'DI', 0),
(165, 3, '2015-03-18', 'DI', 0),
(165, 3, '2015-03-19', 'DG', 0),
(165, 3, '2015-03-20', 'TR', 0),
(165, 3, '2015-03-21', 'DI', 0),
(165, 3, '2015-03-22', 'DG', 0),
(165, 3, '2015-03-23', 'DI', 0),
(165, 3, '2015-03-24', 'TR', 0),
(165, 3, '2015-03-25', 'IN', 0),
(165, 3, '2015-03-26', 'DI', 0),
(165, 3, '2015-03-27', 'DG', 0),
(165, 3, '2015-03-28', 'IN', 0),
(165, 3, '2015-03-29', 'DI', 0),
(165, 3, '2015-03-30', 'TR', 0),
(165, 4, '2015-03-01', 'DI', 0),
(165, 4, '2015-03-02', 'IN', 0),
(165, 4, '2015-03-03', 'TR', 0),
(165, 4, '2015-03-04', 'IN', 0),
(165, 4, '2015-03-05', 'TR', 0),
(165, 4, '2015-03-06', 'DG', 0),
(165, 4, '2015-03-07', 'DI', 0),
(165, 4, '2015-03-08', 'DG', 0),
(165, 4, '2015-03-09', 'DI', 0),
(165, 4, '2015-03-10', 'TR', 0),
(165, 4, '2015-03-11', 'DI', 0),
(165, 4, '2015-03-12', 'DG', 0),
(165, 4, '2015-03-13', 'DI', 0),
(165, 4, '2015-03-14', 'DI', 0),
(165, 4, '2015-03-15', 'TR', 0),
(165, 4, '2015-03-16', 'DI', 0),
(165, 4, '2015-03-17', 'TR', 0),
(165, 4, '2015-03-18', 'IN', 0),
(165, 4, '2015-03-19', 'DI', 0),
(165, 4, '2015-03-20', 'DI', 0),
(165, 4, '2015-03-21', 'DI', 0),
(165, 4, '2015-03-22', 'TR', 0),
(165, 4, '2015-03-23', 'DG', 0),
(165, 4, '2015-03-24', 'TR', 0),
(165, 4, '2015-03-25', 'TR', 0),
(165, 4, '2015-03-26', 'TR', 0),
(165, 4, '2015-03-27', 'IN', 0),
(165, 4, '2015-03-28', 'DG', 0),
(165, 4, '2015-03-29', 'DG', 0),
(165, 4, '2015-03-30', 'TR', 0),
(165, 5, '2015-03-01', 'TR', 0),
(165, 5, '2015-03-02', 'DI', 0),
(165, 5, '2015-03-03', 'TR', 0),
(165, 5, '2015-03-04', 'TR', 0),
(165, 5, '2015-03-05', 'DI', 0),
(165, 5, '2015-03-06', 'DG', 0),
(165, 5, '2015-03-07', 'DI', 0),
(165, 5, '2015-03-08', 'DI', 0),
(165, 5, '2015-03-09', 'DG', 0),
(165, 5, '2015-03-10', 'IN', 0),
(165, 5, '2015-03-11', 'DI', 0),
(165, 5, '2015-03-12', 'DG', 0),
(165, 5, '2015-03-13', 'DI', 0),
(165, 5, '2015-03-14', 'DG', 0),
(165, 5, '2015-03-15', 'DG', 0),
(165, 5, '2015-03-16', 'IN', 0),
(165, 5, '2015-03-17', 'TR', 0),
(165, 5, '2015-03-18', 'DI', 0),
(165, 5, '2015-03-19', 'DG', 0),
(165, 5, '2015-03-20', 'IN', 0),
(165, 5, '2015-03-21', 'TR', 0),
(165, 5, '2015-03-22', 'IN', 0),
(165, 5, '2015-03-23', 'DG', 0),
(165, 5, '2015-03-24', 'IN', 0),
(165, 5, '2015-03-25', 'DG', 0),
(165, 5, '2015-03-26', 'DG', 0),
(165, 5, '2015-03-27', 'DI', 0),
(165, 5, '2015-03-28', 'IN', 0),
(165, 5, '2015-03-29', 'DG', 0),
(165, 5, '2015-03-30', 'DG', 0),
(165, 6, '2015-03-01', 'DI', 0),
(165, 6, '2015-03-02', 'DI', 0),
(165, 6, '2015-03-03', 'DG', 0),
(165, 6, '2015-03-04', 'TR', 0),
(165, 6, '2015-03-05', 'DI', 0),
(165, 6, '2015-03-06', 'TR', 0),
(165, 6, '2015-03-07', 'DG', 0),
(165, 6, '2015-03-08', 'DG', 0),
(165, 6, '2015-03-09', 'DI', 0),
(165, 6, '2015-03-10', 'DI', 0),
(165, 6, '2015-03-11', 'DI', 0),
(165, 6, '2015-03-12', 'IN', 0),
(165, 6, '2015-03-13', 'IN', 0),
(165, 6, '2015-03-14', 'DI', 0),
(165, 6, '2015-03-15', 'DG', 0),
(165, 6, '2015-03-16', 'TR', 0),
(165, 6, '2015-03-17', 'DG', 0),
(165, 6, '2015-03-18', 'DG', 0),
(165, 6, '2015-03-19', 'DI', 0),
(165, 6, '2015-03-20', 'DI', 0),
(165, 6, '2015-03-21', 'DI', 0),
(165, 6, '2015-03-22', 'TR', 0),
(165, 6, '2015-03-23', 'DG', 0),
(165, 6, '2015-03-24', 'IN', 0),
(165, 6, '2015-03-25', 'DG', 0),
(165, 6, '2015-03-26', 'TR', 0),
(165, 6, '2015-03-27', 'DI', 0),
(165, 6, '2015-03-28', 'TR', 0),
(165, 6, '2015-03-29', 'IN', 0),
(165, 6, '2015-03-30', 'TR', 0),
(166, 1, '2015-03-01', 'IN', 0),
(166, 1, '2015-03-02', 'TR', 0),
(166, 1, '2015-03-03', 'TR', 0),
(166, 1, '2015-03-04', 'DG', 0),
(166, 1, '2015-03-05', 'IN', 0),
(166, 1, '2015-03-06', 'IN', 0),
(166, 1, '2015-03-07', 'IN', 0),
(166, 1, '2015-03-08', 'DI', 0),
(166, 1, '2015-03-09', 'IN', 0),
(166, 1, '2015-03-10', 'IN', 0),
(166, 1, '2015-03-11', 'DG', 0),
(166, 1, '2015-03-12', 'DG', 0),
(166, 1, '2015-03-13', 'DG', 0),
(166, 1, '2015-03-14', 'TR', 0),
(166, 1, '2015-03-15', 'DI', 0),
(166, 1, '2015-03-16', 'DI', 0),
(166, 1, '2015-03-17', 'DG', 0),
(166, 1, '2015-03-18', 'DI', 0),
(166, 1, '2015-03-19', 'DG', 0),
(166, 1, '2015-03-20', 'DI', 0),
(166, 1, '2015-03-21', 'TR', 0),
(166, 1, '2015-03-22', 'DI', 0),
(166, 1, '2015-03-23', 'IN', 0),
(166, 1, '2015-03-24', 'TR', 0);
INSERT INTO `planning_vol` (`id_volontaire`, `id_tranche`, `id_date`, `id_etat`, `garde`) VALUES
(166, 1, '2015-03-25', 'IN', 0),
(166, 1, '2015-03-26', 'DG', 0),
(166, 1, '2015-03-27', 'DG', 0),
(166, 1, '2015-03-28', 'TR', 0),
(166, 1, '2015-03-29', 'DI', 0),
(166, 1, '2015-03-30', 'IN', 0),
(166, 2, '2015-03-01', 'DG', 0),
(166, 2, '2015-03-02', 'IN', 0),
(166, 2, '2015-03-03', 'DG', 0),
(166, 2, '2015-03-04', 'IN', 0),
(166, 2, '2015-03-05', 'IN', 0),
(166, 2, '2015-03-06', 'DG', 0),
(166, 2, '2015-03-07', 'IN', 0),
(166, 2, '2015-03-08', 'DG', 0),
(166, 2, '2015-03-09', 'TR', 0),
(166, 2, '2015-03-10', 'DG', 0),
(166, 2, '2015-03-11', 'IN', 0),
(166, 2, '2015-03-12', 'DG', 0),
(166, 2, '2015-03-13', 'DI', 0),
(166, 2, '2015-03-14', 'IN', 0),
(166, 2, '2015-03-15', 'DI', 0),
(166, 2, '2015-03-16', 'TR', 0),
(166, 2, '2015-03-17', 'IN', 0),
(166, 2, '2015-03-18', 'TR', 0),
(166, 2, '2015-03-19', 'IN', 0),
(166, 2, '2015-03-20', 'TR', 0),
(166, 2, '2015-03-21', 'DI', 0),
(166, 2, '2015-03-22', 'TR', 0),
(166, 2, '2015-03-23', 'DI', 0),
(166, 2, '2015-03-24', 'IN', 0),
(166, 2, '2015-03-25', 'DG', 0),
(166, 2, '2015-03-26', 'TR', 0),
(166, 2, '2015-03-27', 'DG', 0),
(166, 2, '2015-03-28', 'DI', 0),
(166, 2, '2015-03-29', 'DG', 0),
(166, 2, '2015-03-30', 'IN', 0),
(166, 3, '2015-03-01', 'IN', 0),
(166, 3, '2015-03-02', 'IN', 0),
(166, 3, '2015-03-03', 'DI', 0),
(166, 3, '2015-03-04', 'IN', 0),
(166, 3, '2015-03-05', 'DI', 0),
(166, 3, '2015-03-06', 'DG', 0),
(166, 3, '2015-03-07', 'TR', 0),
(166, 3, '2015-03-08', 'IN', 0),
(166, 3, '2015-03-09', 'IN', 0),
(166, 3, '2015-03-10', 'IN', 0),
(166, 3, '2015-03-11', 'DG', 0),
(166, 3, '2015-03-12', 'TR', 0),
(166, 3, '2015-03-13', 'DI', 0),
(166, 3, '2015-03-14', 'TR', 0),
(166, 3, '2015-03-15', 'IN', 0),
(166, 3, '2015-03-16', 'IN', 0),
(166, 3, '2015-03-17', 'IN', 0),
(166, 3, '2015-03-18', 'DI', 0),
(166, 3, '2015-03-19', 'IN', 0),
(166, 3, '2015-03-20', 'TR', 0),
(166, 3, '2015-03-21', 'TR', 0),
(166, 3, '2015-03-22', 'TR', 0),
(166, 3, '2015-03-23', 'TR', 0),
(166, 3, '2015-03-24', 'DI', 0),
(166, 3, '2015-03-25', 'DG', 0),
(166, 3, '2015-03-26', 'DI', 0),
(166, 3, '2015-03-27', 'IN', 0),
(166, 3, '2015-03-28', 'DI', 0),
(166, 3, '2015-03-29', 'IN', 0),
(166, 3, '2015-03-30', 'DI', 0),
(166, 4, '2015-03-01', 'IN', 0),
(166, 4, '2015-03-02', 'IN', 0),
(166, 4, '2015-03-03', 'DG', 0),
(166, 4, '2015-03-04', 'DI', 0),
(166, 4, '2015-03-05', 'IN', 0),
(166, 4, '2015-03-06', 'TR', 0),
(166, 4, '2015-03-07', 'DG', 0),
(166, 4, '2015-03-08', 'DG', 0),
(166, 4, '2015-03-09', 'IN', 0),
(166, 4, '2015-03-10', 'IN', 0),
(166, 4, '2015-03-11', 'TR', 0),
(166, 4, '2015-03-12', 'DI', 0),
(166, 4, '2015-03-13', 'DI', 0),
(166, 4, '2015-03-14', 'DG', 0),
(166, 4, '2015-03-15', 'DG', 0),
(166, 4, '2015-03-16', 'DG', 0),
(166, 4, '2015-03-17', 'DI', 0),
(166, 4, '2015-03-18', 'DG', 0),
(166, 4, '2015-03-19', 'DI', 0),
(166, 4, '2015-03-20', 'DI', 0),
(166, 4, '2015-03-21', 'IN', 0),
(166, 4, '2015-03-22', 'TR', 0),
(166, 4, '2015-03-23', 'DG', 0),
(166, 4, '2015-03-24', 'DG', 0),
(166, 4, '2015-03-25', 'IN', 0),
(166, 4, '2015-03-26', 'IN', 0),
(166, 4, '2015-03-27', 'DI', 0),
(166, 4, '2015-03-28', 'DG', 0),
(166, 4, '2015-03-29', 'DG', 0),
(166, 4, '2015-03-30', 'DI', 0),
(166, 5, '2015-03-01', 'TR', 0),
(166, 5, '2015-03-02', 'IN', 0),
(166, 5, '2015-03-03', 'TR', 0),
(166, 5, '2015-03-04', 'IN', 0),
(166, 5, '2015-03-05', 'IN', 0),
(166, 5, '2015-03-06', 'DG', 0),
(166, 5, '2015-03-07', 'TR', 0),
(166, 5, '2015-03-08', 'DG', 0),
(166, 5, '2015-03-09', 'DI', 0),
(166, 5, '2015-03-10', 'DI', 0),
(166, 5, '2015-03-11', 'DG', 0),
(166, 5, '2015-03-12', 'DG', 0),
(166, 5, '2015-03-13', 'IN', 0),
(166, 5, '2015-03-14', 'DI', 0),
(166, 5, '2015-03-15', 'DG', 0),
(166, 5, '2015-03-16', 'DG', 0),
(166, 5, '2015-03-17', 'IN', 0),
(166, 5, '2015-03-18', 'DG', 0),
(166, 5, '2015-03-19', 'DG', 0),
(166, 5, '2015-03-20', 'DG', 0),
(166, 5, '2015-03-21', 'DG', 0),
(166, 5, '2015-03-22', 'IN', 0),
(166, 5, '2015-03-23', 'TR', 0),
(166, 5, '2015-03-24', 'TR', 0),
(166, 5, '2015-03-25', 'TR', 0),
(166, 5, '2015-03-26', 'DI', 0),
(166, 5, '2015-03-27', 'DI', 0),
(166, 5, '2015-03-28', 'TR', 0),
(166, 5, '2015-03-29', 'DG', 0),
(166, 5, '2015-03-30', 'DI', 0),
(166, 6, '2015-03-01', 'TR', 0),
(166, 6, '2015-03-02', 'IN', 0),
(166, 6, '2015-03-03', 'TR', 0),
(166, 6, '2015-03-04', 'DG', 0),
(166, 6, '2015-03-05', 'TR', 0),
(166, 6, '2015-03-06', 'DI', 0),
(166, 6, '2015-03-07', 'DI', 0),
(166, 6, '2015-03-08', 'DI', 0),
(166, 6, '2015-03-09', 'IN', 0),
(166, 6, '2015-03-10', 'IN', 0),
(166, 6, '2015-03-11', 'IN', 0),
(166, 6, '2015-03-12', 'DI', 0),
(166, 6, '2015-03-13', 'IN', 0),
(166, 6, '2015-03-14', 'IN', 0),
(166, 6, '2015-03-15', 'DG', 0),
(166, 6, '2015-03-16', 'IN', 0),
(166, 6, '2015-03-17', 'DI', 0),
(166, 6, '2015-03-18', 'DG', 0),
(166, 6, '2015-03-19', 'TR', 0),
(166, 6, '2015-03-20', 'TR', 0),
(166, 6, '2015-03-21', 'DG', 0),
(166, 6, '2015-03-22', 'IN', 0),
(166, 6, '2015-03-23', 'TR', 0),
(166, 6, '2015-03-24', 'DI', 0),
(166, 6, '2015-03-25', 'DI', 0),
(166, 6, '2015-03-26', 'DI', 0),
(166, 6, '2015-03-27', 'IN', 0),
(166, 6, '2015-03-28', 'DG', 0),
(166, 6, '2015-03-29', 'IN', 0),
(166, 6, '2015-03-30', 'TR', 0),
(167, 1, '2015-03-01', 'DI', 0),
(167, 1, '2015-03-02', 'DI', 0),
(167, 1, '2015-03-03', 'IN', 0),
(167, 1, '2015-03-04', 'TR', 0),
(167, 1, '2015-03-05', 'DG', 0),
(167, 1, '2015-03-06', 'DI', 0),
(167, 1, '2015-03-07', 'DI', 0),
(167, 1, '2015-03-08', 'DG', 0),
(167, 1, '2015-03-09', 'IN', 0),
(167, 1, '2015-03-10', 'IN', 0),
(167, 1, '2015-03-11', 'DG', 0),
(167, 1, '2015-03-12', 'TR', 0),
(167, 1, '2015-03-13', 'TR', 0),
(167, 1, '2015-03-14', 'DG', 0),
(167, 1, '2015-03-15', 'DI', 0),
(167, 1, '2015-03-16', 'IN', 0),
(167, 1, '2015-03-17', 'IN', 0),
(167, 1, '2015-03-18', 'IN', 0),
(167, 1, '2015-03-19', 'TR', 0),
(167, 1, '2015-03-20', 'TR', 0),
(167, 1, '2015-03-21', 'DG', 0),
(167, 1, '2015-03-22', 'IN', 0),
(167, 1, '2015-03-23', 'TR', 0),
(167, 1, '2015-03-24', 'IN', 0),
(167, 1, '2015-03-25', 'DG', 0),
(167, 1, '2015-03-26', 'IN', 0),
(167, 1, '2015-03-27', 'DG', 0),
(167, 1, '2015-03-28', 'DG', 0),
(167, 1, '2015-03-29', 'DG', 0),
(167, 1, '2015-03-30', 'TR', 0),
(167, 2, '2015-03-01', 'IN', 0),
(167, 2, '2015-03-02', 'IN', 0),
(167, 2, '2015-03-03', 'TR', 0),
(167, 2, '2015-03-04', 'IN', 0),
(167, 2, '2015-03-05', 'DG', 0),
(167, 2, '2015-03-06', 'DI', 0),
(167, 2, '2015-03-07', 'DI', 0),
(167, 2, '2015-03-08', 'DI', 0),
(167, 2, '2015-03-09', 'TR', 0),
(167, 2, '2015-03-10', 'IN', 0),
(167, 2, '2015-03-11', 'DI', 0),
(167, 2, '2015-03-12', 'DI', 0),
(167, 2, '2015-03-13', 'DG', 0),
(167, 2, '2015-03-14', 'TR', 0),
(167, 2, '2015-03-15', 'DI', 0),
(167, 2, '2015-03-16', 'DG', 0),
(167, 2, '2015-03-17', 'IN', 0),
(167, 2, '2015-03-18', 'DI', 0),
(167, 2, '2015-03-19', 'DI', 0),
(167, 2, '2015-03-20', 'IN', 0),
(167, 2, '2015-03-21', 'DG', 0),
(167, 2, '2015-03-22', 'DI', 0),
(167, 2, '2015-03-23', 'IN', 0),
(167, 2, '2015-03-24', 'TR', 0),
(167, 2, '2015-03-25', 'TR', 0),
(167, 2, '2015-03-26', 'TR', 0),
(167, 2, '2015-03-27', 'IN', 0),
(167, 2, '2015-03-28', 'DI', 0),
(167, 2, '2015-03-29', 'TR', 0),
(167, 2, '2015-03-30', 'DI', 0),
(167, 3, '2015-03-01', 'TR', 0),
(167, 3, '2015-03-02', 'IN', 0),
(167, 3, '2015-03-03', 'DG', 0),
(167, 3, '2015-03-04', 'TR', 0),
(167, 3, '2015-03-05', 'IN', 0),
(167, 3, '2015-03-06', 'IN', 0),
(167, 3, '2015-03-07', 'DI', 0),
(167, 3, '2015-03-08', 'DI', 0),
(167, 3, '2015-03-09', 'TR', 0),
(167, 3, '2015-03-10', 'DI', 0),
(167, 3, '2015-03-11', 'DI', 0),
(167, 3, '2015-03-12', 'TR', 0),
(167, 3, '2015-03-13', 'DI', 0),
(167, 3, '2015-03-14', 'DG', 0),
(167, 3, '2015-03-15', 'DI', 0),
(167, 3, '2015-03-16', 'TR', 0),
(167, 3, '2015-03-17', 'IN', 0),
(167, 3, '2015-03-18', 'DI', 0),
(167, 3, '2015-03-19', 'DG', 0),
(167, 3, '2015-03-20', 'TR', 0),
(167, 3, '2015-03-21', 'TR', 0),
(167, 3, '2015-03-22', 'TR', 0),
(167, 3, '2015-03-23', 'IN', 0),
(167, 3, '2015-03-24', 'DI', 0),
(167, 3, '2015-03-25', 'TR', 0),
(167, 3, '2015-03-26', 'DI', 0),
(167, 3, '2015-03-27', 'TR', 0),
(167, 3, '2015-03-28', 'DI', 0),
(167, 3, '2015-03-29', 'DI', 0),
(167, 3, '2015-03-30', 'IN', 0),
(167, 4, '2015-03-01', 'TR', 0),
(167, 4, '2015-03-02', 'IN', 0),
(167, 4, '2015-03-03', 'DI', 0),
(167, 4, '2015-03-04', 'IN', 0),
(167, 4, '2015-03-05', 'IN', 0),
(167, 4, '2015-03-06', 'TR', 0),
(167, 4, '2015-03-07', 'DG', 0),
(167, 4, '2015-03-08', 'DI', 0),
(167, 4, '2015-03-09', 'DG', 0),
(167, 4, '2015-03-10', 'TR', 0),
(167, 4, '2015-03-11', 'IN', 0),
(167, 4, '2015-03-12', 'DI', 0),
(167, 4, '2015-03-13', 'DI', 0),
(167, 4, '2015-03-14', 'DI', 0),
(167, 4, '2015-03-15', 'DG', 0),
(167, 4, '2015-03-16', 'IN', 0),
(167, 4, '2015-03-17', 'TR', 0),
(167, 4, '2015-03-18', 'DI', 0),
(167, 4, '2015-03-19', 'IN', 0),
(167, 4, '2015-03-20', 'DI', 0),
(167, 4, '2015-03-21', 'TR', 0),
(167, 4, '2015-03-22', 'DI', 0),
(167, 4, '2015-03-23', 'TR', 0),
(167, 4, '2015-03-24', 'TR', 0),
(167, 4, '2015-03-25', 'DG', 0),
(167, 4, '2015-03-26', 'TR', 0),
(167, 4, '2015-03-27', 'DI', 0),
(167, 4, '2015-03-28', 'DG', 0),
(167, 4, '2015-03-29', 'TR', 0),
(167, 4, '2015-03-30', 'IN', 0),
(167, 5, '2015-03-01', 'DI', 0),
(167, 5, '2015-03-02', 'IN', 0),
(167, 5, '2015-03-03', 'DI', 0),
(167, 5, '2015-03-04', 'DG', 0),
(167, 5, '2015-03-05', 'DI', 0),
(167, 5, '2015-03-06', 'DI', 0),
(167, 5, '2015-03-07', 'IN', 0),
(167, 5, '2015-03-08', 'IN', 0),
(167, 5, '2015-03-09', 'TR', 0),
(167, 5, '2015-03-10', 'DG', 0),
(167, 5, '2015-03-11', 'TR', 0),
(167, 5, '2015-03-12', 'TR', 0),
(167, 5, '2015-03-13', 'IN', 0),
(167, 5, '2015-03-14', 'DI', 0),
(167, 5, '2015-03-15', 'IN', 0),
(167, 5, '2015-03-16', 'DI', 0),
(167, 5, '2015-03-17', 'IN', 0),
(167, 5, '2015-03-18', 'DG', 0),
(167, 5, '2015-03-19', 'TR', 0),
(167, 5, '2015-03-20', 'IN', 0),
(167, 5, '2015-03-21', 'DI', 0),
(167, 5, '2015-03-22', 'IN', 0),
(167, 5, '2015-03-23', 'TR', 0),
(167, 5, '2015-03-24', 'DG', 0),
(167, 5, '2015-03-25', 'TR', 0),
(167, 5, '2015-03-26', 'IN', 0),
(167, 5, '2015-03-27', 'DI', 0),
(167, 5, '2015-03-28', 'TR', 0),
(167, 5, '2015-03-29', 'DI', 0),
(167, 5, '2015-03-30', 'IN', 0),
(167, 6, '2015-03-01', 'TR', 0),
(167, 6, '2015-03-02', 'IN', 0),
(167, 6, '2015-03-03', 'TR', 0),
(167, 6, '2015-03-04', 'DI', 0),
(167, 6, '2015-03-05', 'DI', 0),
(167, 6, '2015-03-06', 'DG', 0),
(167, 6, '2015-03-07', 'DG', 0),
(167, 6, '2015-03-08', 'DG', 0),
(167, 6, '2015-03-09', 'TR', 0),
(167, 6, '2015-03-10', 'TR', 0),
(167, 6, '2015-03-11', 'TR', 0),
(167, 6, '2015-03-12', 'DG', 0),
(167, 6, '2015-03-13', 'IN', 0),
(167, 6, '2015-03-14', 'TR', 0),
(167, 6, '2015-03-15', 'DI', 0),
(167, 6, '2015-03-16', 'TR', 0),
(167, 6, '2015-03-17', 'DG', 0),
(167, 6, '2015-03-18', 'DG', 0),
(167, 6, '2015-03-19', 'DG', 0),
(167, 6, '2015-03-20', 'DI', 0),
(167, 6, '2015-03-21', 'TR', 0),
(167, 6, '2015-03-22', 'IN', 0),
(167, 6, '2015-03-23', 'TR', 0),
(167, 6, '2015-03-24', 'IN', 0),
(167, 6, '2015-03-25', 'DG', 0),
(167, 6, '2015-03-26', 'DG', 0),
(167, 6, '2015-03-27', 'DG', 0),
(167, 6, '2015-03-28', 'DG', 0),
(167, 6, '2015-03-29', 'TR', 0),
(167, 6, '2015-03-30', 'IN', 0),
(168, 1, '2015-03-01', 'DI', 0),
(168, 1, '2015-03-02', 'DG', 0),
(168, 1, '2015-03-03', 'DG', 0),
(168, 1, '2015-03-04', 'DI', 0),
(168, 1, '2015-03-05', 'DG', 0),
(168, 1, '2015-03-06', 'IN', 0),
(168, 1, '2015-03-07', 'DG', 0),
(168, 1, '2015-03-08', 'TR', 0),
(168, 1, '2015-03-09', 'IN', 0),
(168, 1, '2015-03-10', 'IN', 0),
(168, 1, '2015-03-11', 'DI', 0),
(168, 1, '2015-03-12', 'TR', 0),
(168, 1, '2015-03-13', 'TR', 0),
(168, 1, '2015-03-14', 'DI', 0),
(168, 1, '2015-03-15', 'DG', 0),
(168, 1, '2015-03-16', 'DG', 0),
(168, 1, '2015-03-17', 'DI', 0),
(168, 1, '2015-03-18', 'IN', 0),
(168, 1, '2015-03-19', 'TR', 0),
(168, 1, '2015-03-20', 'DI', 0),
(168, 1, '2015-03-21', 'DG', 0),
(168, 1, '2015-03-22', 'IN', 0),
(168, 1, '2015-03-23', 'DG', 0),
(168, 1, '2015-03-24', 'IN', 0),
(168, 1, '2015-03-25', 'DI', 0),
(168, 1, '2015-03-26', 'IN', 0),
(168, 1, '2015-03-27', 'TR', 0),
(168, 1, '2015-03-28', 'DG', 0),
(168, 1, '2015-03-29', 'IN', 0),
(168, 1, '2015-03-30', 'IN', 0),
(168, 2, '2015-03-01', 'IN', 0),
(168, 2, '2015-03-02', 'DI', 0),
(168, 2, '2015-03-03', 'DG', 0),
(168, 2, '2015-03-04', 'TR', 0),
(168, 2, '2015-03-05', 'TR', 0),
(168, 2, '2015-03-06', 'DI', 0),
(168, 2, '2015-03-07', 'IN', 0),
(168, 2, '2015-03-08', 'DI', 0),
(168, 2, '2015-03-09', 'IN', 0),
(168, 2, '2015-03-10', 'DI', 0),
(168, 2, '2015-03-11', 'DI', 0),
(168, 2, '2015-03-12', 'DI', 0),
(168, 2, '2015-03-13', 'DI', 0),
(168, 2, '2015-03-14', 'TR', 0),
(168, 2, '2015-03-15', 'TR', 0),
(168, 2, '2015-03-16', 'DI', 0),
(168, 2, '2015-03-17', 'DI', 0),
(168, 2, '2015-03-18', 'DI', 0),
(168, 2, '2015-03-19', 'DG', 0),
(168, 2, '2015-03-20', 'DG', 0),
(168, 2, '2015-03-21', 'TR', 0),
(168, 2, '2015-03-22', 'DI', 0),
(168, 2, '2015-03-23', 'DG', 0),
(168, 2, '2015-03-24', 'DI', 0),
(168, 2, '2015-03-25', 'IN', 0),
(168, 2, '2015-03-26', 'DI', 0),
(168, 2, '2015-03-27', 'IN', 0),
(168, 2, '2015-03-28', 'DI', 0),
(168, 2, '2015-03-29', 'TR', 0),
(168, 2, '2015-03-30', 'TR', 0),
(168, 3, '2015-03-01', 'TR', 0),
(168, 3, '2015-03-02', 'TR', 0),
(168, 3, '2015-03-03', 'TR', 0),
(168, 3, '2015-03-04', 'DG', 0),
(168, 3, '2015-03-05', 'IN', 0),
(168, 3, '2015-03-06', 'DG', 0),
(168, 3, '2015-03-07', 'IN', 0),
(168, 3, '2015-03-08', 'IN', 0),
(168, 3, '2015-03-09', 'IN', 0),
(168, 3, '2015-03-10', 'DG', 0),
(168, 3, '2015-03-11', 'IN', 0),
(168, 3, '2015-03-12', 'DG', 0),
(168, 3, '2015-03-13', 'DI', 0),
(168, 3, '2015-03-14', 'TR', 0),
(168, 3, '2015-03-15', 'TR', 0),
(168, 3, '2015-03-16', 'DG', 0),
(168, 3, '2015-03-17', 'DI', 0),
(168, 3, '2015-03-18', 'DG', 0),
(168, 3, '2015-03-19', 'IN', 0),
(168, 3, '2015-03-20', 'IN', 0),
(168, 3, '2015-03-21', 'DI', 0),
(168, 3, '2015-03-22', 'DG', 0),
(168, 3, '2015-03-23', 'DG', 0),
(168, 3, '2015-03-24', 'TR', 0),
(168, 3, '2015-03-25', 'IN', 0),
(168, 3, '2015-03-26', 'DI', 0),
(168, 3, '2015-03-27', 'TR', 0),
(168, 3, '2015-03-28', 'DI', 0),
(168, 3, '2015-03-29', 'DG', 0),
(168, 3, '2015-03-30', 'TR', 0),
(168, 4, '2015-03-01', 'DG', 0),
(168, 4, '2015-03-02', 'DI', 0),
(168, 4, '2015-03-03', 'IN', 0),
(168, 4, '2015-03-04', 'TR', 0),
(168, 4, '2015-03-05', 'TR', 0),
(168, 4, '2015-03-06', 'DI', 0),
(168, 4, '2015-03-07', 'DG', 0),
(168, 4, '2015-03-08', 'IN', 0),
(168, 4, '2015-03-09', 'DI', 0),
(168, 4, '2015-03-10', 'DG', 0),
(168, 4, '2015-03-11', 'DI', 0),
(168, 4, '2015-03-12', 'DI', 0),
(168, 4, '2015-03-13', 'TR', 0),
(168, 4, '2015-03-14', 'DG', 0),
(168, 4, '2015-03-15', 'DG', 0),
(168, 4, '2015-03-16', 'DI', 0),
(168, 4, '2015-03-17', 'DI', 0),
(168, 4, '2015-03-18', 'IN', 0),
(168, 4, '2015-03-19', 'DG', 0),
(168, 4, '2015-03-20', 'DI', 0),
(168, 4, '2015-03-21', 'DI', 0),
(168, 4, '2015-03-22', 'IN', 0),
(168, 4, '2015-03-23', 'DI', 0),
(168, 4, '2015-03-24', 'IN', 0),
(168, 4, '2015-03-25', 'DG', 0),
(168, 4, '2015-03-26', 'DG', 0),
(168, 4, '2015-03-27', 'DG', 0),
(168, 4, '2015-03-28', 'DI', 0),
(168, 4, '2015-03-29', 'TR', 0),
(168, 4, '2015-03-30', 'DI', 0),
(168, 5, '2015-03-01', 'DG', 0),
(168, 5, '2015-03-02', 'DG', 0),
(168, 5, '2015-03-03', 'DG', 0),
(168, 5, '2015-03-04', 'DG', 0),
(168, 5, '2015-03-05', 'IN', 0),
(168, 5, '2015-03-06', 'DG', 0),
(168, 5, '2015-03-07', 'TR', 0),
(168, 5, '2015-03-08', 'TR', 0),
(168, 5, '2015-03-09', 'TR', 0),
(168, 5, '2015-03-10', 'IN', 0),
(168, 5, '2015-03-11', 'DG', 0),
(168, 5, '2015-03-12', 'DI', 0),
(168, 5, '2015-03-13', 'DG', 0),
(168, 5, '2015-03-14', 'TR', 0),
(168, 5, '2015-03-15', 'TR', 0),
(168, 5, '2015-03-16', 'DI', 0),
(168, 5, '2015-03-17', 'TR', 0),
(168, 5, '2015-03-18', 'DG', 0),
(168, 5, '2015-03-19', 'DI', 0),
(168, 5, '2015-03-20', 'DG', 0),
(168, 5, '2015-03-21', 'IN', 0),
(168, 5, '2015-03-22', 'DI', 0),
(168, 5, '2015-03-23', 'DI', 0),
(168, 5, '2015-03-24', 'DI', 0),
(168, 5, '2015-03-25', 'IN', 0),
(168, 5, '2015-03-26', 'DI', 0),
(168, 5, '2015-03-27', 'DI', 0),
(168, 5, '2015-03-28', 'DG', 0),
(168, 5, '2015-03-29', 'DI', 0),
(168, 5, '2015-03-30', 'IN', 0),
(168, 6, '2015-03-01', 'IN', 0),
(168, 6, '2015-03-02', 'TR', 0),
(168, 6, '2015-03-03', 'TR', 0),
(168, 6, '2015-03-04', 'DI', 0),
(168, 6, '2015-03-05', 'DI', 0),
(168, 6, '2015-03-06', 'DG', 0),
(168, 6, '2015-03-07', 'TR', 0),
(168, 6, '2015-03-08', 'IN', 0),
(168, 6, '2015-03-09', 'DI', 0),
(168, 6, '2015-03-10', 'IN', 0),
(168, 6, '2015-03-11', 'DG', 0),
(168, 6, '2015-03-12', 'DG', 0),
(168, 6, '2015-03-13', 'DG', 0),
(168, 6, '2015-03-14', 'DI', 0),
(168, 6, '2015-03-15', 'DI', 0),
(168, 6, '2015-03-16', 'DI', 0),
(168, 6, '2015-03-17', 'DI', 0),
(168, 6, '2015-03-18', 'IN', 0),
(168, 6, '2015-03-19', 'DI', 0),
(168, 6, '2015-03-20', 'TR', 0),
(168, 6, '2015-03-21', 'DG', 0),
(168, 6, '2015-03-22', 'DI', 0),
(168, 6, '2015-03-23', 'DI', 0),
(168, 6, '2015-03-24', 'DI', 0),
(168, 6, '2015-03-25', 'TR', 0),
(168, 6, '2015-03-26', 'DG', 0),
(168, 6, '2015-03-27', 'TR', 0),
(168, 6, '2015-03-28', 'DG', 0),
(168, 6, '2015-03-29', 'DG', 0),
(168, 6, '2015-03-30', 'TR', 0),
(169, 1, '2015-03-01', 'DG', 0),
(169, 1, '2015-03-02', 'DI', 0),
(169, 1, '2015-03-03', 'TR', 0),
(169, 1, '2015-03-04', 'DI', 0),
(169, 1, '2015-03-05', 'DG', 0),
(169, 1, '2015-03-06', 'DI', 0),
(169, 1, '2015-03-07', 'DI', 0),
(169, 1, '2015-03-08', 'IN', 0),
(169, 1, '2015-03-09', 'IN', 0),
(169, 1, '2015-03-10', 'DI', 0),
(169, 1, '2015-03-11', 'IN', 0),
(169, 1, '2015-03-12', 'DI', 0),
(169, 1, '2015-03-13', 'DI', 0),
(169, 1, '2015-03-14', 'IN', 0),
(169, 1, '2015-03-15', 'IN', 0),
(169, 1, '2015-03-16', 'DG', 0),
(169, 1, '2015-03-17', 'DI', 0),
(169, 1, '2015-03-18', 'DI', 0),
(169, 1, '2015-03-19', 'IN', 0),
(169, 1, '2015-03-20', 'DI', 0),
(169, 1, '2015-03-21', 'IN', 0),
(169, 1, '2015-03-22', 'DI', 0),
(169, 1, '2015-03-23', 'DI', 0),
(169, 1, '2015-03-24', 'IN', 0),
(169, 1, '2015-03-25', 'DI', 0),
(169, 1, '2015-03-26', 'TR', 0),
(169, 1, '2015-03-27', 'TR', 0),
(169, 1, '2015-03-28', 'IN', 0),
(169, 1, '2015-03-29', 'DI', 0),
(169, 1, '2015-03-30', 'DG', 0),
(169, 2, '2015-03-01', 'DG', 0),
(169, 2, '2015-03-02', 'TR', 0),
(169, 2, '2015-03-03', 'IN', 0),
(169, 2, '2015-03-04', 'DI', 0),
(169, 2, '2015-03-05', 'DG', 0),
(169, 2, '2015-03-06', 'DG', 0),
(169, 2, '2015-03-07', 'IN', 0),
(169, 2, '2015-03-08', 'TR', 0),
(169, 2, '2015-03-09', 'DG', 0),
(169, 2, '2015-03-10', 'DI', 0),
(169, 2, '2015-03-11', 'DI', 0),
(169, 2, '2015-03-12', 'DI', 0),
(169, 2, '2015-03-13', 'DI', 0),
(169, 2, '2015-03-14', 'DI', 0),
(169, 2, '2015-03-15', 'DI', 0),
(169, 2, '2015-03-16', 'DI', 0),
(169, 2, '2015-03-17', 'DG', 0),
(169, 2, '2015-03-18', 'DG', 0),
(169, 2, '2015-03-19', 'TR', 0),
(169, 2, '2015-03-20', 'TR', 0),
(169, 2, '2015-03-21', 'IN', 0),
(169, 2, '2015-03-22', 'TR', 0),
(169, 2, '2015-03-23', 'DG', 0),
(169, 2, '2015-03-24', 'DI', 0),
(169, 2, '2015-03-25', 'IN', 0),
(169, 2, '2015-03-26', 'TR', 0),
(169, 2, '2015-03-27', 'DI', 0),
(169, 2, '2015-03-28', 'TR', 0),
(169, 2, '2015-03-29', 'TR', 0),
(169, 2, '2015-03-30', 'IN', 0),
(169, 3, '2015-03-01', 'DI', 0),
(169, 3, '2015-03-02', 'DI', 0),
(169, 3, '2015-03-03', 'IN', 0),
(169, 3, '2015-03-04', 'DI', 0),
(169, 3, '2015-03-05', 'DI', 0),
(169, 3, '2015-03-06', 'TR', 0),
(169, 3, '2015-03-07', 'DG', 0),
(169, 3, '2015-03-08', 'DI', 0),
(169, 3, '2015-03-09', 'IN', 0),
(169, 3, '2015-03-10', 'DG', 0),
(169, 3, '2015-03-11', 'DI', 0),
(169, 3, '2015-03-12', 'DI', 0),
(169, 3, '2015-03-13', 'TR', 0),
(169, 3, '2015-03-14', 'DI', 0),
(169, 3, '2015-03-15', 'DG', 0),
(169, 3, '2015-03-16', 'DI', 0),
(169, 3, '2015-03-17', 'TR', 0),
(169, 3, '2015-03-18', 'IN', 0),
(169, 3, '2015-03-19', 'TR', 0),
(169, 3, '2015-03-20', 'TR', 0),
(169, 3, '2015-03-21', 'DG', 0),
(169, 3, '2015-03-22', 'IN', 0),
(169, 3, '2015-03-23', 'IN', 0),
(169, 3, '2015-03-24', 'TR', 0),
(169, 3, '2015-03-25', 'IN', 0),
(169, 3, '2015-03-26', 'DG', 0),
(169, 3, '2015-03-27', 'IN', 0),
(169, 3, '2015-03-28', 'DG', 0),
(169, 3, '2015-03-29', 'DG', 0),
(169, 3, '2015-03-30', 'IN', 0),
(169, 4, '2015-03-01', 'DG', 0),
(169, 4, '2015-03-02', 'DG', 0),
(169, 4, '2015-03-03', 'DI', 0),
(169, 4, '2015-03-04', 'IN', 0),
(169, 4, '2015-03-05', 'TR', 0),
(169, 4, '2015-03-06', 'DI', 0),
(169, 4, '2015-03-07', 'IN', 0),
(169, 4, '2015-03-08', 'IN', 0),
(169, 4, '2015-03-09', 'TR', 0),
(169, 4, '2015-03-10', 'TR', 0),
(169, 4, '2015-03-11', 'DG', 0),
(169, 4, '2015-03-12', 'DI', 0),
(169, 4, '2015-03-13', 'DI', 0),
(169, 4, '2015-03-14', 'TR', 0),
(169, 4, '2015-03-15', 'TR', 0),
(169, 4, '2015-03-16', 'DG', 0),
(169, 4, '2015-03-17', 'DI', 0),
(169, 4, '2015-03-18', 'DG', 0),
(169, 4, '2015-03-19', 'TR', 0),
(169, 4, '2015-03-20', 'DI', 0),
(169, 4, '2015-03-21', 'DI', 0),
(169, 4, '2015-03-22', 'DI', 0),
(169, 4, '2015-03-23', 'DI', 0),
(169, 4, '2015-03-24', 'DG', 0),
(169, 4, '2015-03-25', 'IN', 0),
(169, 4, '2015-03-26', 'DI', 0),
(169, 4, '2015-03-27', 'IN', 0),
(169, 4, '2015-03-28', 'TR', 0),
(169, 4, '2015-03-29', 'DI', 0),
(169, 4, '2015-03-30', 'DG', 0),
(169, 5, '2015-03-01', 'DI', 0),
(169, 5, '2015-03-02', 'DI', 0),
(169, 5, '2015-03-03', 'IN', 0),
(169, 5, '2015-03-04', 'DG', 0),
(169, 5, '2015-03-05', 'TR', 0),
(169, 5, '2015-03-06', 'IN', 0),
(169, 5, '2015-03-07', 'DI', 0),
(169, 5, '2015-03-08', 'IN', 0),
(169, 5, '2015-03-09', 'DG', 0),
(169, 5, '2015-03-10', 'IN', 0),
(169, 5, '2015-03-11', 'IN', 0),
(169, 5, '2015-03-12', 'DG', 0),
(169, 5, '2015-03-13', 'DG', 0),
(169, 5, '2015-03-14', 'IN', 0),
(169, 5, '2015-03-15', 'IN', 0),
(169, 5, '2015-03-16', 'TR', 0),
(169, 5, '2015-03-17', 'DG', 0),
(169, 5, '2015-03-18', 'TR', 0),
(169, 5, '2015-03-19', 'DI', 0),
(169, 5, '2015-03-20', 'DG', 0),
(169, 5, '2015-03-21', 'DG', 0),
(169, 5, '2015-03-22', 'TR', 0),
(169, 5, '2015-03-23', 'IN', 0),
(169, 5, '2015-03-24', 'IN', 0),
(169, 5, '2015-03-25', 'TR', 0),
(169, 5, '2015-03-26', 'DG', 0),
(169, 5, '2015-03-27', 'IN', 0),
(169, 5, '2015-03-28', 'DG', 0),
(169, 5, '2015-03-29', 'IN', 0),
(169, 5, '2015-03-30', 'TR', 0),
(169, 6, '2015-03-01', 'DG', 0),
(169, 6, '2015-03-02', 'IN', 0),
(169, 6, '2015-03-03', 'DI', 0),
(169, 6, '2015-03-04', 'DI', 0),
(169, 6, '2015-03-05', 'DI', 0),
(169, 6, '2015-03-06', 'DG', 0),
(169, 6, '2015-03-07', 'IN', 0),
(169, 6, '2015-03-08', 'DG', 0),
(169, 6, '2015-03-09', 'DI', 0),
(169, 6, '2015-03-10', 'IN', 0),
(169, 6, '2015-03-11', 'TR', 0),
(169, 6, '2015-03-12', 'TR', 0),
(169, 6, '2015-03-13', 'IN', 0),
(169, 6, '2015-03-14', 'DI', 0),
(169, 6, '2015-03-15', 'TR', 0),
(169, 6, '2015-03-16', 'DG', 0),
(169, 6, '2015-03-17', 'DG', 0),
(169, 6, '2015-03-18', 'TR', 0),
(169, 6, '2015-03-19', 'TR', 0),
(169, 6, '2015-03-20', 'DI', 0),
(169, 6, '2015-03-21', 'DI', 0),
(169, 6, '2015-03-22', 'TR', 0),
(169, 6, '2015-03-23', 'DG', 0),
(169, 6, '2015-03-24', 'DI', 0),
(169, 6, '2015-03-25', 'TR', 0),
(169, 6, '2015-03-26', 'DG', 0),
(169, 6, '2015-03-27', 'IN', 0),
(169, 6, '2015-03-28', 'IN', 0),
(169, 6, '2015-03-29', 'IN', 0),
(169, 6, '2015-03-30', 'TR', 0),
(170, 1, '2015-03-01', 'IN', 0),
(170, 1, '2015-03-02', 'DI', 0),
(170, 1, '2015-03-03', 'DI', 0),
(170, 1, '2015-03-04', 'IN', 0),
(170, 1, '2015-03-05', 'IN', 0),
(170, 1, '2015-03-06', 'IN', 0),
(170, 1, '2015-03-07', 'TR', 0),
(170, 1, '2015-03-08', 'IN', 0),
(170, 1, '2015-03-09', 'TR', 0),
(170, 1, '2015-03-10', 'DG', 0),
(170, 1, '2015-03-11', 'IN', 0),
(170, 1, '2015-03-12', 'IN', 0),
(170, 1, '2015-03-13', 'TR', 0),
(170, 1, '2015-03-14', 'IN', 0),
(170, 1, '2015-03-15', 'DG', 0),
(170, 1, '2015-03-16', 'DI', 0),
(170, 1, '2015-03-17', 'DG', 0),
(170, 1, '2015-03-18', 'DI', 0),
(170, 1, '2015-03-19', 'DG', 0),
(170, 1, '2015-03-20', 'DG', 0),
(170, 1, '2015-03-21', 'IN', 0),
(170, 1, '2015-03-22', 'TR', 0),
(170, 1, '2015-03-23', 'TR', 0),
(170, 1, '2015-03-24', 'DG', 0),
(170, 1, '2015-03-25', 'TR', 0),
(170, 1, '2015-03-26', 'DI', 0),
(170, 1, '2015-03-27', 'TR', 0),
(170, 1, '2015-03-28', 'DI', 0),
(170, 1, '2015-03-29', 'TR', 0),
(170, 1, '2015-03-30', 'DI', 0),
(170, 2, '2015-03-01', 'IN', 0),
(170, 2, '2015-03-02', 'DG', 0),
(170, 2, '2015-03-03', 'DI', 0),
(170, 2, '2015-03-04', 'DI', 0),
(170, 2, '2015-03-05', 'TR', 0),
(170, 2, '2015-03-06', 'DI', 0),
(170, 2, '2015-03-07', 'TR', 0),
(170, 2, '2015-03-08', 'TR', 0),
(170, 2, '2015-03-09', 'DG', 0),
(170, 2, '2015-03-10', 'DI', 0),
(170, 2, '2015-03-11', 'IN', 0),
(170, 2, '2015-03-12', 'DI', 0),
(170, 2, '2015-03-13', 'DI', 0),
(170, 2, '2015-03-14', 'IN', 0),
(170, 2, '2015-03-15', 'DI', 0),
(170, 2, '2015-03-16', 'DI', 0),
(170, 2, '2015-03-17', 'DG', 0),
(170, 2, '2015-03-18', 'DI', 0),
(170, 2, '2015-03-19', 'DI', 0),
(170, 2, '2015-03-20', 'IN', 0),
(170, 2, '2015-03-21', 'DG', 0),
(170, 2, '2015-03-22', 'TR', 0),
(170, 2, '2015-03-23', 'DI', 0),
(170, 2, '2015-03-24', 'TR', 0),
(170, 2, '2015-03-25', 'TR', 0),
(170, 2, '2015-03-26', 'DI', 0),
(170, 2, '2015-03-27', 'DI', 0),
(170, 2, '2015-03-28', 'DI', 0),
(170, 2, '2015-03-29', 'IN', 0),
(170, 2, '2015-03-30', 'DI', 0),
(170, 3, '2015-03-01', 'IN', 0),
(170, 3, '2015-03-02', 'TR', 0),
(170, 3, '2015-03-03', 'DG', 0),
(170, 3, '2015-03-04', 'DG', 0),
(170, 3, '2015-03-05', 'IN', 0),
(170, 3, '2015-03-06', 'DG', 0),
(170, 3, '2015-03-07', 'IN', 0),
(170, 3, '2015-03-08', 'TR', 0),
(170, 3, '2015-03-09', 'DG', 0),
(170, 3, '2015-03-10', 'DI', 0),
(170, 3, '2015-03-11', 'DI', 0),
(170, 3, '2015-03-12', 'IN', 0),
(170, 3, '2015-03-13', 'TR', 0),
(170, 3, '2015-03-14', 'DG', 0),
(170, 3, '2015-03-15', 'IN', 0),
(170, 3, '2015-03-16', 'DI', 0),
(170, 3, '2015-03-17', 'TR', 0),
(170, 3, '2015-03-18', 'TR', 0),
(170, 3, '2015-03-19', 'TR', 0),
(170, 3, '2015-03-20', 'DG', 0),
(170, 3, '2015-03-21', 'DI', 0),
(170, 3, '2015-03-22', 'TR', 0),
(170, 3, '2015-03-23', 'IN', 0),
(170, 3, '2015-03-24', 'TR', 0),
(170, 3, '2015-03-25', 'DG', 0),
(170, 3, '2015-03-26', 'DG', 0),
(170, 3, '2015-03-27', 'DI', 0),
(170, 3, '2015-03-28', 'DI', 0),
(170, 3, '2015-03-29', 'IN', 0),
(170, 3, '2015-03-30', 'DG', 0),
(170, 4, '2015-03-01', 'DI', 0),
(170, 4, '2015-03-02', 'TR', 0),
(170, 4, '2015-03-03', 'DI', 0),
(170, 4, '2015-03-04', 'DI', 0),
(170, 4, '2015-03-05', 'IN', 0),
(170, 4, '2015-03-06', 'DG', 0),
(170, 4, '2015-03-07', 'IN', 0),
(170, 4, '2015-03-08', 'IN', 0),
(170, 4, '2015-03-09', 'IN', 0),
(170, 4, '2015-03-10', 'DI', 0),
(170, 4, '2015-03-11', 'DG', 0),
(170, 4, '2015-03-12', 'IN', 0),
(170, 4, '2015-03-13', 'DG', 0),
(170, 4, '2015-03-14', 'IN', 0),
(170, 4, '2015-03-15', 'DG', 0),
(170, 4, '2015-03-16', 'IN', 0),
(170, 4, '2015-03-17', 'DI', 0),
(170, 4, '2015-03-18', 'IN', 0),
(170, 4, '2015-03-19', 'DG', 0),
(170, 4, '2015-03-20', 'TR', 0),
(170, 4, '2015-03-21', 'DI', 0),
(170, 4, '2015-03-22', 'DG', 0),
(170, 4, '2015-03-23', 'DI', 0),
(170, 4, '2015-03-24', 'TR', 0),
(170, 4, '2015-03-25', 'TR', 0),
(170, 4, '2015-03-26', 'IN', 0),
(170, 4, '2015-03-27', 'DG', 0),
(170, 4, '2015-03-28', 'DG', 0),
(170, 4, '2015-03-29', 'IN', 0),
(170, 4, '2015-03-30', 'IN', 0),
(170, 5, '2015-03-01', 'TR', 0),
(170, 5, '2015-03-02', 'DI', 0),
(170, 5, '2015-03-03', 'DG', 0),
(170, 5, '2015-03-04', 'DG', 0),
(170, 5, '2015-03-05', 'DI', 0),
(170, 5, '2015-03-06', 'TR', 0),
(170, 5, '2015-03-07', 'TR', 0),
(170, 5, '2015-03-08', 'TR', 0),
(170, 5, '2015-03-09', 'DI', 0),
(170, 5, '2015-03-10', 'DG', 0),
(170, 5, '2015-03-11', 'IN', 0),
(170, 5, '2015-03-12', 'IN', 0),
(170, 5, '2015-03-13', 'IN', 0),
(170, 5, '2015-03-14', 'DG', 0),
(170, 5, '2015-03-15', 'DI', 0),
(170, 5, '2015-03-16', 'TR', 0),
(170, 5, '2015-03-17', 'DI', 0),
(170, 5, '2015-03-18', 'DG', 0),
(170, 5, '2015-03-19', 'DI', 0),
(170, 5, '2015-03-20', 'TR', 0),
(170, 5, '2015-03-21', 'DI', 0),
(170, 5, '2015-03-22', 'DI', 0),
(170, 5, '2015-03-23', 'DI', 0),
(170, 5, '2015-03-24', 'IN', 0),
(170, 5, '2015-03-25', 'IN', 0),
(170, 5, '2015-03-26', 'DG', 0),
(170, 5, '2015-03-27', 'TR', 0),
(170, 5, '2015-03-28', 'DI', 0),
(170, 5, '2015-03-29', 'TR', 0),
(170, 5, '2015-03-30', 'TR', 0),
(170, 6, '2015-03-01', 'DG', 0),
(170, 6, '2015-03-02', 'TR', 0),
(170, 6, '2015-03-03', 'DG', 0),
(170, 6, '2015-03-04', 'DG', 0),
(170, 6, '2015-03-05', 'DI', 0),
(170, 6, '2015-03-06', 'IN', 0),
(170, 6, '2015-03-07', 'DI', 0),
(170, 6, '2015-03-08', 'DG', 0),
(170, 6, '2015-03-09', 'DI', 0),
(170, 6, '2015-03-10', 'DG', 0),
(170, 6, '2015-03-11', 'DG', 0),
(170, 6, '2015-03-12', 'DI', 0),
(170, 6, '2015-03-13', 'DI', 0),
(170, 6, '2015-03-14', 'TR', 0),
(170, 6, '2015-03-15', 'TR', 0),
(170, 6, '2015-03-16', 'TR', 0),
(170, 6, '2015-03-17', 'DI', 0),
(170, 6, '2015-03-18', 'IN', 0),
(170, 6, '2015-03-19', 'DI', 0),
(170, 6, '2015-03-20', 'TR', 0),
(170, 6, '2015-03-21', 'DI', 0),
(170, 6, '2015-03-22', 'DI', 0),
(170, 6, '2015-03-23', 'DG', 0),
(170, 6, '2015-03-24', 'DI', 0),
(170, 6, '2015-03-25', 'TR', 0),
(170, 6, '2015-03-26', 'DI', 0),
(170, 6, '2015-03-27', 'IN', 0),
(170, 6, '2015-03-28', 'DG', 0),
(170, 6, '2015-03-29', 'DG', 0),
(170, 6, '2015-03-30', 'DG', 0),
(171, 1, '2015-03-01', 'DI', 0),
(171, 1, '2015-03-02', 'TR', 0),
(171, 1, '2015-03-03', 'DI', 0),
(171, 1, '2015-03-04', 'IN', 0),
(171, 1, '2015-03-05', 'DG', 0),
(171, 1, '2015-03-06', 'DI', 0),
(171, 1, '2015-03-07', 'DG', 0),
(171, 1, '2015-03-08', 'IN', 0),
(171, 1, '2015-03-09', 'IN', 0),
(171, 1, '2015-03-10', 'IN', 0),
(171, 1, '2015-03-11', 'DI', 0),
(171, 1, '2015-03-12', 'DI', 0),
(171, 1, '2015-03-13', 'DG', 0),
(171, 1, '2015-03-14', 'TR', 0),
(171, 1, '2015-03-15', 'DG', 0),
(171, 1, '2015-03-16', 'TR', 0),
(171, 1, '2015-03-17', 'IN', 0),
(171, 1, '2015-03-18', 'IN', 0),
(171, 1, '2015-03-19', 'TR', 0),
(171, 1, '2015-03-20', 'IN', 0),
(171, 1, '2015-03-21', 'DG', 0),
(171, 1, '2015-03-22', 'DI', 0),
(171, 1, '2015-03-23', 'DI', 0),
(171, 1, '2015-03-24', 'DI', 0),
(171, 1, '2015-03-25', 'TR', 0),
(171, 1, '2015-03-26', 'DI', 0),
(171, 1, '2015-03-27', 'DG', 0),
(171, 1, '2015-03-28', 'DI', 0),
(171, 1, '2015-03-29', 'DI', 0),
(171, 1, '2015-03-30', 'IN', 0),
(171, 2, '2015-03-01', 'TR', 0),
(171, 2, '2015-03-02', 'DI', 0),
(171, 2, '2015-03-03', 'IN', 0),
(171, 2, '2015-03-04', 'DG', 0),
(171, 2, '2015-03-05', 'DI', 0),
(171, 2, '2015-03-06', 'IN', 0),
(171, 2, '2015-03-07', 'DG', 0),
(171, 2, '2015-03-08', 'DI', 0),
(171, 2, '2015-03-09', 'TR', 0),
(171, 2, '2015-03-10', 'DI', 0),
(171, 2, '2015-03-11', 'DG', 0),
(171, 2, '2015-03-12', 'TR', 0),
(171, 2, '2015-03-13', 'IN', 0),
(171, 2, '2015-03-14', 'TR', 0),
(171, 2, '2015-03-15', 'DI', 0),
(171, 2, '2015-03-16', 'TR', 0),
(171, 2, '2015-03-17', 'DI', 0),
(171, 2, '2015-03-18', 'DG', 0),
(171, 2, '2015-03-19', 'DI', 0),
(171, 2, '2015-03-20', 'DI', 0),
(171, 2, '2015-03-21', 'TR', 0),
(171, 2, '2015-03-22', 'DG', 0),
(171, 2, '2015-03-23', 'TR', 0),
(171, 2, '2015-03-24', 'DG', 0),
(171, 2, '2015-03-25', 'DG', 0),
(171, 2, '2015-03-26', 'TR', 0),
(171, 2, '2015-03-27', 'DI', 0),
(171, 2, '2015-03-28', 'DI', 0),
(171, 2, '2015-03-29', 'TR', 0),
(171, 2, '2015-03-30', 'IN', 0),
(171, 3, '2015-03-01', 'DG', 0),
(171, 3, '2015-03-02', 'DI', 0),
(171, 3, '2015-03-03', 'TR', 0),
(171, 3, '2015-03-04', 'TR', 0),
(171, 3, '2015-03-05', 'DG', 0),
(171, 3, '2015-03-06', 'IN', 0),
(171, 3, '2015-03-07', 'DI', 0),
(171, 3, '2015-03-08', 'DG', 0),
(171, 3, '2015-03-09', 'DI', 0),
(171, 3, '2015-03-10', 'DI', 0),
(171, 3, '2015-03-11', 'DI', 0),
(171, 3, '2015-03-12', 'TR', 0),
(171, 3, '2015-03-13', 'DI', 0),
(171, 3, '2015-03-14', 'TR', 0),
(171, 3, '2015-03-15', 'DG', 0),
(171, 3, '2015-03-16', 'IN', 0),
(171, 3, '2015-03-17', 'DI', 0),
(171, 3, '2015-03-18', 'DG', 0),
(171, 3, '2015-03-19', 'IN', 0),
(171, 3, '2015-03-20', 'TR', 0),
(171, 3, '2015-03-21', 'TR', 0),
(171, 3, '2015-03-22', 'IN', 0),
(171, 3, '2015-03-23', 'IN', 0),
(171, 3, '2015-03-24', 'IN', 0),
(171, 3, '2015-03-25', 'DI', 0),
(171, 3, '2015-03-26', 'TR', 0),
(171, 3, '2015-03-27', 'DG', 0),
(171, 3, '2015-03-28', 'IN', 0),
(171, 3, '2015-03-29', 'DI', 0),
(171, 3, '2015-03-30', 'TR', 0),
(171, 4, '2015-03-01', 'IN', 0),
(171, 4, '2015-03-02', 'DG', 0),
(171, 4, '2015-03-03', 'DG', 0),
(171, 4, '2015-03-04', 'DG', 0),
(171, 4, '2015-03-05', 'DI', 0),
(171, 4, '2015-03-06', 'IN', 0),
(171, 4, '2015-03-07', 'DG', 0),
(171, 4, '2015-03-08', 'DG', 0),
(171, 4, '2015-03-09', 'DG', 0),
(171, 4, '2015-03-10', 'DG', 0),
(171, 4, '2015-03-11', 'TR', 0),
(171, 4, '2015-03-12', 'DG', 0),
(171, 4, '2015-03-13', 'IN', 0),
(171, 4, '2015-03-14', 'TR', 0),
(171, 4, '2015-03-15', 'DI', 0),
(171, 4, '2015-03-16', 'TR', 0),
(171, 4, '2015-03-17', 'DI', 0),
(171, 4, '2015-03-18', 'IN', 0),
(171, 4, '2015-03-19', 'DI', 0),
(171, 4, '2015-03-20', 'IN', 0),
(171, 4, '2015-03-21', 'DI', 0),
(171, 4, '2015-03-22', 'DG', 0),
(171, 4, '2015-03-23', 'DI', 0),
(171, 4, '2015-03-24', 'IN', 0),
(171, 4, '2015-03-25', 'DI', 0),
(171, 4, '2015-03-26', 'TR', 0),
(171, 4, '2015-03-27', 'IN', 0),
(171, 4, '2015-03-28', 'TR', 0),
(171, 4, '2015-03-29', 'DI', 0),
(171, 4, '2015-03-30', 'DI', 0),
(171, 5, '2015-03-01', 'IN', 0),
(171, 5, '2015-03-02', 'DI', 0),
(171, 5, '2015-03-03', 'DI', 0),
(171, 5, '2015-03-04', 'IN', 0),
(171, 5, '2015-03-05', 'DG', 0),
(171, 5, '2015-03-06', 'IN', 0),
(171, 5, '2015-03-07', 'DI', 0),
(171, 5, '2015-03-08', 'TR', 0),
(171, 5, '2015-03-09', 'TR', 0),
(171, 5, '2015-03-10', 'IN', 0),
(171, 5, '2015-03-11', 'TR', 0),
(171, 5, '2015-03-12', 'IN', 0),
(171, 5, '2015-03-13', 'TR', 0),
(171, 5, '2015-03-14', 'TR', 0),
(171, 5, '2015-03-15', 'DI', 0),
(171, 5, '2015-03-16', 'IN', 0),
(171, 5, '2015-03-17', 'IN', 0),
(171, 5, '2015-03-18', 'DI', 0),
(171, 5, '2015-03-19', 'IN', 0),
(171, 5, '2015-03-20', 'IN', 0),
(171, 5, '2015-03-21', 'IN', 0),
(171, 5, '2015-03-22', 'DI', 0),
(171, 5, '2015-03-23', 'DG', 0),
(171, 5, '2015-03-24', 'TR', 0),
(171, 5, '2015-03-25', 'TR', 0),
(171, 5, '2015-03-26', 'DI', 0),
(171, 5, '2015-03-27', 'IN', 0),
(171, 5, '2015-03-28', 'DI', 0),
(171, 5, '2015-03-29', 'IN', 0),
(171, 5, '2015-03-30', 'DI', 0),
(171, 6, '2015-03-01', 'DG', 0),
(171, 6, '2015-03-02', 'TR', 0),
(171, 6, '2015-03-03', 'IN', 0),
(171, 6, '2015-03-04', 'IN', 0),
(171, 6, '2015-03-05', 'TR', 0),
(171, 6, '2015-03-06', 'TR', 0),
(171, 6, '2015-03-07', 'DG', 0),
(171, 6, '2015-03-08', 'TR', 0),
(171, 6, '2015-03-09', 'TR', 0),
(171, 6, '2015-03-10', 'DG', 0),
(171, 6, '2015-03-11', 'DI', 0),
(171, 6, '2015-03-12', 'DG', 0),
(171, 6, '2015-03-13', 'DI', 0),
(171, 6, '2015-03-14', 'DG', 0),
(171, 6, '2015-03-15', 'DI', 0),
(171, 6, '2015-03-16', 'DG', 0),
(171, 6, '2015-03-17', 'TR', 0),
(171, 6, '2015-03-18', 'DI', 0),
(171, 6, '2015-03-19', 'DG', 0),
(171, 6, '2015-03-20', 'DG', 0),
(171, 6, '2015-03-21', 'IN', 0),
(171, 6, '2015-03-22', 'DI', 0),
(171, 6, '2015-03-23', 'DI', 0),
(171, 6, '2015-03-24', 'DI', 0),
(171, 6, '2015-03-25', 'IN', 0),
(171, 6, '2015-03-26', 'TR', 0),
(171, 6, '2015-03-27', 'DG', 0),
(171, 6, '2015-03-28', 'DG', 0),
(171, 6, '2015-03-29', 'DG', 0),
(171, 6, '2015-03-30', 'TR', 0),
(172, 1, '2015-03-01', 'TR', 0),
(172, 1, '2015-03-02', 'TR', 0),
(172, 1, '2015-03-03', 'DI', 0),
(172, 1, '2015-03-04', 'DG', 0),
(172, 1, '2015-03-05', 'DI', 0),
(172, 1, '2015-03-06', 'DI', 0),
(172, 1, '2015-03-07', 'TR', 0),
(172, 1, '2015-03-08', 'DG', 0),
(172, 1, '2015-03-09', 'DG', 0),
(172, 1, '2015-03-10', 'DI', 0),
(172, 1, '2015-03-11', 'IN', 0),
(172, 1, '2015-03-12', 'IN', 0),
(172, 1, '2015-03-13', 'DI', 0),
(172, 1, '2015-03-14', 'TR', 0),
(172, 1, '2015-03-15', 'IN', 0),
(172, 1, '2015-03-16', 'IN', 0),
(172, 1, '2015-03-17', 'DG', 0),
(172, 1, '2015-03-18', 'DI', 0),
(172, 1, '2015-03-19', 'IN', 0),
(172, 1, '2015-03-20', 'DI', 0),
(172, 1, '2015-03-21', 'DG', 0),
(172, 1, '2015-03-22', 'DG', 0),
(172, 1, '2015-03-23', 'DI', 0),
(172, 1, '2015-03-24', 'DI', 0),
(172, 1, '2015-03-25', 'DI', 0),
(172, 1, '2015-03-26', 'TR', 0),
(172, 1, '2015-03-27', 'DG', 0),
(172, 1, '2015-03-28', 'TR', 0),
(172, 1, '2015-03-29', 'DG', 0),
(172, 1, '2015-03-30', 'TR', 0),
(172, 2, '2015-03-01', 'TR', 0),
(172, 2, '2015-03-02', 'IN', 0),
(172, 2, '2015-03-03', 'TR', 0),
(172, 2, '2015-03-04', 'TR', 0),
(172, 2, '2015-03-05', 'TR', 0),
(172, 2, '2015-03-06', 'TR', 0),
(172, 2, '2015-03-07', 'IN', 0),
(172, 2, '2015-03-08', 'DI', 0),
(172, 2, '2015-03-09', 'DI', 0),
(172, 2, '2015-03-10', 'TR', 0),
(172, 2, '2015-03-11', 'DI', 0),
(172, 2, '2015-03-12', 'DG', 0),
(172, 2, '2015-03-13', 'IN', 0),
(172, 2, '2015-03-14', 'TR', 0),
(172, 2, '2015-03-15', 'DI', 0),
(172, 2, '2015-03-16', 'TR', 0),
(172, 2, '2015-03-17', 'TR', 0),
(172, 2, '2015-03-18', 'DI', 0),
(172, 2, '2015-03-19', 'TR', 0),
(172, 2, '2015-03-20', 'DG', 0),
(172, 2, '2015-03-21', 'TR', 0),
(172, 2, '2015-03-22', 'DI', 0),
(172, 2, '2015-03-23', 'TR', 0),
(172, 2, '2015-03-24', 'DI', 0),
(172, 2, '2015-03-25', 'IN', 0),
(172, 2, '2015-03-26', 'TR', 0),
(172, 2, '2015-03-27', 'DG', 0),
(172, 2, '2015-03-28', 'IN', 0),
(172, 2, '2015-03-29', 'DI', 0),
(172, 2, '2015-03-30', 'TR', 0),
(172, 3, '2015-03-01', 'TR', 0),
(172, 3, '2015-03-02', 'DG', 0),
(172, 3, '2015-03-03', 'DI', 0),
(172, 3, '2015-03-04', 'IN', 0),
(172, 3, '2015-03-05', 'TR', 0),
(172, 3, '2015-03-06', 'DI', 0),
(172, 3, '2015-03-07', 'DI', 0),
(172, 3, '2015-03-08', 'TR', 0),
(172, 3, '2015-03-09', 'IN', 0),
(172, 3, '2015-03-10', 'IN', 0),
(172, 3, '2015-03-11', 'IN', 0),
(172, 3, '2015-03-12', 'DI', 0),
(172, 3, '2015-03-13', 'DI', 0),
(172, 3, '2015-03-14', 'DI', 0),
(172, 3, '2015-03-15', 'IN', 0),
(172, 3, '2015-03-16', 'TR', 0),
(172, 3, '2015-03-17', 'DI', 0),
(172, 3, '2015-03-18', 'TR', 0),
(172, 3, '2015-03-19', 'DG', 0),
(172, 3, '2015-03-20', 'DI', 0),
(172, 3, '2015-03-21', 'DG', 0),
(172, 3, '2015-03-22', 'TR', 0),
(172, 3, '2015-03-23', 'IN', 0),
(172, 3, '2015-03-24', 'DG', 0),
(172, 3, '2015-03-25', 'IN', 0),
(172, 3, '2015-03-26', 'DI', 0),
(172, 3, '2015-03-27', 'TR', 0),
(172, 3, '2015-03-28', 'IN', 0),
(172, 3, '2015-03-29', 'TR', 0),
(172, 3, '2015-03-30', 'TR', 0),
(172, 4, '2015-03-01', 'DI', 0),
(172, 4, '2015-03-02', 'DG', 0),
(172, 4, '2015-03-03', 'DI', 0),
(172, 4, '2015-03-04', 'TR', 0),
(172, 4, '2015-03-05', 'DG', 0),
(172, 4, '2015-03-06', 'DG', 0),
(172, 4, '2015-03-07', 'TR', 0),
(172, 4, '2015-03-08', 'DI', 0),
(172, 4, '2015-03-09', 'TR', 0),
(172, 4, '2015-03-10', 'DI', 0),
(172, 4, '2015-03-11', 'DI', 0),
(172, 4, '2015-03-12', 'DI', 0),
(172, 4, '2015-03-13', 'DG', 0),
(172, 4, '2015-03-14', 'DI', 0),
(172, 4, '2015-03-15', 'DG', 0),
(172, 4, '2015-03-16', 'IN', 0),
(172, 4, '2015-03-17', 'DI', 0),
(172, 4, '2015-03-18', 'IN', 0),
(172, 4, '2015-03-19', 'DI', 0),
(172, 4, '2015-03-20', 'TR', 0),
(172, 4, '2015-03-21', 'IN', 0),
(172, 4, '2015-03-22', 'DI', 0),
(172, 4, '2015-03-23', 'TR', 0),
(172, 4, '2015-03-24', 'TR', 0),
(172, 4, '2015-03-25', 'TR', 0),
(172, 4, '2015-03-26', 'DI', 0),
(172, 4, '2015-03-27', 'TR', 0),
(172, 4, '2015-03-28', 'DI', 0),
(172, 4, '2015-03-29', 'DG', 0),
(172, 4, '2015-03-30', 'IN', 0),
(172, 5, '2015-03-01', 'TR', 0),
(172, 5, '2015-03-02', 'IN', 0),
(172, 5, '2015-03-03', 'TR', 0),
(172, 5, '2015-03-04', 'TR', 0),
(172, 5, '2015-03-05', 'IN', 0),
(172, 5, '2015-03-06', 'DG', 0),
(172, 5, '2015-03-07', 'DG', 0),
(172, 5, '2015-03-08', 'TR', 0),
(172, 5, '2015-03-09', 'IN', 0),
(172, 5, '2015-03-10', 'IN', 0),
(172, 5, '2015-03-11', 'DG', 0),
(172, 5, '2015-03-12', 'IN', 0),
(172, 5, '2015-03-13', 'DG', 0),
(172, 5, '2015-03-14', 'IN', 0),
(172, 5, '2015-03-15', 'IN', 0),
(172, 5, '2015-03-16', 'DI', 0),
(172, 5, '2015-03-17', 'IN', 0),
(172, 5, '2015-03-18', 'IN', 0),
(172, 5, '2015-03-19', 'DI', 0),
(172, 5, '2015-03-20', 'TR', 0),
(172, 5, '2015-03-21', 'TR', 0),
(172, 5, '2015-03-22', 'DG', 0),
(172, 5, '2015-03-23', 'TR', 0),
(172, 5, '2015-03-24', 'DI', 0),
(172, 5, '2015-03-25', 'DI', 0),
(172, 5, '2015-03-26', 'TR', 0),
(172, 5, '2015-03-27', 'DI', 0),
(172, 5, '2015-03-28', 'DI', 0),
(172, 5, '2015-03-29', 'TR', 0),
(172, 5, '2015-03-30', 'TR', 0),
(172, 6, '2015-03-01', 'TR', 0),
(172, 6, '2015-03-02', 'TR', 0),
(172, 6, '2015-03-03', 'IN', 0),
(172, 6, '2015-03-04', 'TR', 0),
(172, 6, '2015-03-05', 'IN', 0),
(172, 6, '2015-03-06', 'TR', 0),
(172, 6, '2015-03-07', 'DG', 0),
(172, 6, '2015-03-08', 'DI', 0),
(172, 6, '2015-03-09', 'DI', 0),
(172, 6, '2015-03-10', 'IN', 0),
(172, 6, '2015-03-11', 'DG', 0),
(172, 6, '2015-03-12', 'IN', 0),
(172, 6, '2015-03-13', 'DG', 0),
(172, 6, '2015-03-14', 'DI', 0),
(172, 6, '2015-03-15', 'DI', 0),
(172, 6, '2015-03-16', 'TR', 0),
(172, 6, '2015-03-17', 'DG', 0),
(172, 6, '2015-03-18', 'DG', 0),
(172, 6, '2015-03-19', 'IN', 0),
(172, 6, '2015-03-20', 'DG', 0),
(172, 6, '2015-03-21', 'IN', 0),
(172, 6, '2015-03-22', 'DG', 0),
(172, 6, '2015-03-23', 'DG', 0),
(172, 6, '2015-03-24', 'DI', 0),
(172, 6, '2015-03-25', 'IN', 0),
(172, 6, '2015-03-26', 'IN', 0),
(172, 6, '2015-03-27', 'DI', 0),
(172, 6, '2015-03-28', 'DG', 0),
(172, 6, '2015-03-29', 'TR', 0),
(172, 6, '2015-03-30', 'DI', 0),
(173, 1, '2015-03-01', 'TR', 0),
(173, 1, '2015-03-02', 'DI', 0),
(173, 1, '2015-03-03', 'TR', 0),
(173, 1, '2015-03-04', 'DI', 0),
(173, 1, '2015-03-05', 'IN', 0),
(173, 1, '2015-03-06', 'DI', 0),
(173, 1, '2015-03-07', 'DG', 0),
(173, 1, '2015-03-08', 'TR', 0),
(173, 1, '2015-03-09', 'DG', 0),
(173, 1, '2015-03-10', 'DG', 0),
(173, 1, '2015-03-11', 'DI', 0),
(173, 1, '2015-03-12', 'DI', 0),
(173, 1, '2015-03-13', 'IN', 0),
(173, 1, '2015-03-14', 'DG', 0),
(173, 1, '2015-03-15', 'DI', 0),
(173, 1, '2015-03-16', 'DI', 0),
(173, 1, '2015-03-17', 'IN', 0),
(173, 1, '2015-03-18', 'DI', 0),
(173, 1, '2015-03-19', 'DG', 0),
(173, 1, '2015-03-20', 'TR', 0),
(173, 1, '2015-03-21', 'DG', 0),
(173, 1, '2015-03-22', 'DG', 0),
(173, 1, '2015-03-23', 'IN', 0),
(173, 1, '2015-03-24', 'DI', 0),
(173, 1, '2015-03-25', 'DI', 0),
(173, 1, '2015-03-26', 'TR', 0),
(173, 1, '2015-03-27', 'DG', 0),
(173, 1, '2015-03-28', 'IN', 0),
(173, 1, '2015-03-29', 'TR', 0),
(173, 1, '2015-03-30', 'DG', 0),
(173, 2, '2015-03-01', 'IN', 0),
(173, 2, '2015-03-02', 'DI', 0),
(173, 2, '2015-03-03', 'TR', 0),
(173, 2, '2015-03-04', 'TR', 0),
(173, 2, '2015-03-05', 'IN', 0),
(173, 2, '2015-03-06', 'TR', 0),
(173, 2, '2015-03-07', 'DI', 0),
(173, 2, '2015-03-08', 'TR', 0),
(173, 2, '2015-03-09', 'IN', 0),
(173, 2, '2015-03-10', 'DI', 0),
(173, 2, '2015-03-11', 'DG', 0),
(173, 2, '2015-03-12', 'IN', 0),
(173, 2, '2015-03-13', 'TR', 0),
(173, 2, '2015-03-14', 'IN', 0),
(173, 2, '2015-03-15', 'DI', 0),
(173, 2, '2015-03-16', 'DG', 0),
(173, 2, '2015-03-17', 'DI', 0),
(173, 2, '2015-03-18', 'DI', 0),
(173, 2, '2015-03-19', 'TR', 0),
(173, 2, '2015-03-20', 'IN', 0),
(173, 2, '2015-03-21', 'IN', 0),
(173, 2, '2015-03-22', 'DG', 0),
(173, 2, '2015-03-23', 'DG', 0),
(173, 2, '2015-03-24', 'DI', 0),
(173, 2, '2015-03-25', 'TR', 0),
(173, 2, '2015-03-26', 'IN', 0),
(173, 2, '2015-03-27', 'IN', 0),
(173, 2, '2015-03-28', 'TR', 0),
(173, 2, '2015-03-29', 'DG', 0),
(173, 2, '2015-03-30', 'IN', 0),
(173, 3, '2015-03-01', 'DG', 0),
(173, 3, '2015-03-02', 'DI', 0),
(173, 3, '2015-03-03', 'DG', 0),
(173, 3, '2015-03-04', 'DG', 0),
(173, 3, '2015-03-05', 'IN', 0),
(173, 3, '2015-03-06', 'IN', 0),
(173, 3, '2015-03-07', 'DG', 0),
(173, 3, '2015-03-08', 'TR', 0),
(173, 3, '2015-03-09', 'TR', 0),
(173, 3, '2015-03-10', 'DI', 0),
(173, 3, '2015-03-11', 'DI', 0),
(173, 3, '2015-03-12', 'DG', 0),
(173, 3, '2015-03-13', 'TR', 0),
(173, 3, '2015-03-14', 'DI', 0),
(173, 3, '2015-03-15', 'TR', 0),
(173, 3, '2015-03-16', 'IN', 0),
(173, 3, '2015-03-17', 'DI', 0),
(173, 3, '2015-03-18', 'TR', 0),
(173, 3, '2015-03-19', 'TR', 0),
(173, 3, '2015-03-20', 'TR', 0),
(173, 3, '2015-03-21', 'DI', 0),
(173, 3, '2015-03-22', 'TR', 0),
(173, 3, '2015-03-23', 'DG', 0),
(173, 3, '2015-03-24', 'TR', 0),
(173, 3, '2015-03-25', 'DG', 0),
(173, 3, '2015-03-26', 'IN', 0),
(173, 3, '2015-03-27', 'TR', 0),
(173, 3, '2015-03-28', 'DG', 0),
(173, 3, '2015-03-29', 'DG', 0),
(173, 3, '2015-03-30', 'DG', 0),
(173, 4, '2015-03-01', 'TR', 0),
(173, 4, '2015-03-02', 'DI', 0),
(173, 4, '2015-03-03', 'DG', 0),
(173, 4, '2015-03-04', 'DG', 0),
(173, 4, '2015-03-05', 'DG', 0),
(173, 4, '2015-03-06', 'DI', 0),
(173, 4, '2015-03-07', 'DI', 0),
(173, 4, '2015-03-08', 'DI', 0),
(173, 4, '2015-03-09', 'TR', 0),
(173, 4, '2015-03-10', 'DI', 0),
(173, 4, '2015-03-11', 'DG', 0),
(173, 4, '2015-03-12', 'DG', 0),
(173, 4, '2015-03-13', 'DG', 0),
(173, 4, '2015-03-14', 'IN', 0),
(173, 4, '2015-03-15', 'DG', 0),
(173, 4, '2015-03-16', 'DG', 0),
(173, 4, '2015-03-17', 'DG', 0),
(173, 4, '2015-03-18', 'TR', 0),
(173, 4, '2015-03-19', 'TR', 0),
(173, 4, '2015-03-20', 'DI', 0),
(173, 4, '2015-03-21', 'DI', 0),
(173, 4, '2015-03-22', 'TR', 0),
(173, 4, '2015-03-23', 'DI', 0),
(173, 4, '2015-03-24', 'TR', 0),
(173, 4, '2015-03-25', 'TR', 0),
(173, 4, '2015-03-26', 'IN', 0),
(173, 4, '2015-03-27', 'DI', 0),
(173, 4, '2015-03-28', 'DI', 0),
(173, 4, '2015-03-29', 'DI', 0),
(173, 4, '2015-03-30', 'DI', 0),
(173, 5, '2015-03-01', 'TR', 0),
(173, 5, '2015-03-02', 'TR', 0),
(173, 5, '2015-03-03', 'TR', 0),
(173, 5, '2015-03-04', 'DG', 0),
(173, 5, '2015-03-05', 'IN', 0),
(173, 5, '2015-03-06', 'IN', 0),
(173, 5, '2015-03-07', 'DI', 0),
(173, 5, '2015-03-08', 'DI', 0),
(173, 5, '2015-03-09', 'IN', 0),
(173, 5, '2015-03-10', 'IN', 0),
(173, 5, '2015-03-11', 'DI', 0),
(173, 5, '2015-03-12', 'TR', 0),
(173, 5, '2015-03-13', 'DI', 0),
(173, 5, '2015-03-14', 'TR', 0),
(173, 5, '2015-03-15', 'DG', 0),
(173, 5, '2015-03-16', 'DG', 0),
(173, 5, '2015-03-17', 'TR', 0),
(173, 5, '2015-03-18', 'DG', 0),
(173, 5, '2015-03-19', 'DI', 0),
(173, 5, '2015-03-20', 'TR', 0),
(173, 5, '2015-03-21', 'DI', 0),
(173, 5, '2015-03-22', 'TR', 0),
(173, 5, '2015-03-23', 'DI', 0),
(173, 5, '2015-03-24', 'TR', 0),
(173, 5, '2015-03-25', 'DI', 0),
(173, 5, '2015-03-26', 'IN', 0),
(173, 5, '2015-03-27', 'DI', 0),
(173, 5, '2015-03-28', 'DI', 0),
(173, 5, '2015-03-29', 'IN', 0),
(173, 5, '2015-03-30', 'DG', 0),
(173, 6, '2015-03-01', 'DI', 0),
(173, 6, '2015-03-02', 'DG', 0),
(173, 6, '2015-03-03', 'DI', 0),
(173, 6, '2015-03-04', 'DI', 0),
(173, 6, '2015-03-05', 'IN', 0),
(173, 6, '2015-03-06', 'IN', 0),
(173, 6, '2015-03-07', 'IN', 0),
(173, 6, '2015-03-08', 'DG', 0),
(173, 6, '2015-03-09', 'DI', 0),
(173, 6, '2015-03-10', 'DG', 0),
(173, 6, '2015-03-11', 'DI', 0),
(173, 6, '2015-03-12', 'DI', 0),
(173, 6, '2015-03-13', 'DI', 0),
(173, 6, '2015-03-14', 'DG', 0),
(173, 6, '2015-03-15', 'IN', 0),
(173, 6, '2015-03-16', 'DI', 0),
(173, 6, '2015-03-17', 'DG', 0),
(173, 6, '2015-03-18', 'DG', 0),
(173, 6, '2015-03-19', 'DI', 0),
(173, 6, '2015-03-20', 'IN', 0),
(173, 6, '2015-03-21', 'TR', 0),
(173, 6, '2015-03-22', 'IN', 0),
(173, 6, '2015-03-23', 'DI', 0),
(173, 6, '2015-03-24', 'DI', 0),
(173, 6, '2015-03-25', 'TR', 0),
(173, 6, '2015-03-26', 'DI', 0),
(173, 6, '2015-03-27', 'DI', 0),
(173, 6, '2015-03-28', 'TR', 0),
(173, 6, '2015-03-29', 'DI', 0),
(173, 6, '2015-03-30', 'IN', 0),
(174, 1, '2015-03-01', 'DI', 0),
(174, 1, '2015-03-02', 'TR', 0),
(174, 1, '2015-03-03', 'IN', 0),
(174, 1, '2015-03-04', 'DG', 0),
(174, 1, '2015-03-05', 'DG', 0),
(174, 1, '2015-03-06', 'DI', 0),
(174, 1, '2015-03-07', 'DG', 0),
(174, 1, '2015-03-08', 'DI', 0),
(174, 1, '2015-03-09', 'TR', 0),
(174, 1, '2015-03-10', 'DG', 0),
(174, 1, '2015-03-11', 'IN', 0),
(174, 1, '2015-03-12', 'DG', 0),
(174, 1, '2015-03-13', 'DI', 0),
(174, 1, '2015-03-14', 'DI', 0),
(174, 1, '2015-03-15', 'IN', 0),
(174, 1, '2015-03-16', 'TR', 0),
(174, 1, '2015-03-17', 'DI', 0),
(174, 1, '2015-03-18', 'DI', 0),
(174, 1, '2015-03-19', 'DG', 0),
(174, 1, '2015-03-20', 'DI', 0),
(174, 1, '2015-03-21', 'DI', 0),
(174, 1, '2015-03-22', 'DI', 0),
(174, 1, '2015-03-23', 'TR', 0),
(174, 1, '2015-03-24', 'DI', 0),
(174, 1, '2015-03-25', 'IN', 0),
(174, 1, '2015-03-26', 'DI', 0),
(174, 1, '2015-03-27', 'DG', 0),
(174, 1, '2015-03-28', 'DG', 0),
(174, 1, '2015-03-29', 'DG', 0),
(174, 1, '2015-03-30', 'TR', 0),
(174, 2, '2015-03-01', 'IN', 0),
(174, 2, '2015-03-02', 'IN', 0),
(174, 2, '2015-03-03', 'TR', 0),
(174, 2, '2015-03-04', 'DG', 0),
(174, 2, '2015-03-05', 'DI', 0),
(174, 2, '2015-03-06', 'IN', 0),
(174, 2, '2015-03-07', 'IN', 0),
(174, 2, '2015-03-08', 'IN', 0),
(174, 2, '2015-03-09', 'DI', 0),
(174, 2, '2015-03-10', 'TR', 0),
(174, 2, '2015-03-11', 'DI', 0),
(174, 2, '2015-03-12', 'IN', 0),
(174, 2, '2015-03-13', 'IN', 0),
(174, 2, '2015-03-14', 'TR', 0),
(174, 2, '2015-03-15', 'DI', 0),
(174, 2, '2015-03-16', 'TR', 0),
(174, 2, '2015-03-17', 'DG', 0),
(174, 2, '2015-03-18', 'TR', 0),
(174, 2, '2015-03-19', 'TR', 0),
(174, 2, '2015-03-20', 'DI', 0),
(174, 2, '2015-03-21', 'DI', 0),
(174, 2, '2015-03-22', 'IN', 0),
(174, 2, '2015-03-23', 'IN', 0),
(174, 2, '2015-03-24', 'TR', 0),
(174, 2, '2015-03-25', 'DG', 0),
(174, 2, '2015-03-26', 'DG', 0),
(174, 2, '2015-03-27', 'DI', 0),
(174, 2, '2015-03-28', 'DG', 0),
(174, 2, '2015-03-29', 'DG', 0),
(174, 2, '2015-03-30', 'IN', 0),
(174, 3, '2015-03-01', 'TR', 0),
(174, 3, '2015-03-02', 'TR', 0),
(174, 3, '2015-03-03', 'DG', 0),
(174, 3, '2015-03-04', 'DI', 0),
(174, 3, '2015-03-05', 'TR', 0),
(174, 3, '2015-03-06', 'IN', 0),
(174, 3, '2015-03-07', 'IN', 0),
(174, 3, '2015-03-08', 'IN', 0),
(174, 3, '2015-03-09', 'DI', 0),
(174, 3, '2015-03-10', 'DG', 0),
(174, 3, '2015-03-11', 'TR', 0),
(174, 3, '2015-03-12', 'IN', 0),
(174, 3, '2015-03-13', 'DG', 0),
(174, 3, '2015-03-14', 'TR', 0),
(174, 3, '2015-03-15', 'DG', 0),
(174, 3, '2015-03-16', 'IN', 0),
(174, 3, '2015-03-17', 'IN', 0),
(174, 3, '2015-03-18', 'DG', 0),
(174, 3, '2015-03-19', 'IN', 0),
(174, 3, '2015-03-20', 'TR', 0),
(174, 3, '2015-03-21', 'DI', 0),
(174, 3, '2015-03-22', 'TR', 0),
(174, 3, '2015-03-23', 'TR', 0),
(174, 3, '2015-03-24', 'TR', 0),
(174, 3, '2015-03-25', 'TR', 0),
(174, 3, '2015-03-26', 'DG', 0),
(174, 3, '2015-03-27', 'TR', 0),
(174, 3, '2015-03-28', 'DI', 0),
(174, 3, '2015-03-29', 'DG', 0),
(174, 3, '2015-03-30', 'DG', 0),
(174, 4, '2015-03-01', 'DG', 0),
(174, 4, '2015-03-02', 'DI', 0),
(174, 4, '2015-03-03', 'DG', 0),
(174, 4, '2015-03-04', 'IN', 0),
(174, 4, '2015-03-05', 'DI', 0),
(174, 4, '2015-03-06', 'IN', 0),
(174, 4, '2015-03-07', 'TR', 0),
(174, 4, '2015-03-08', 'TR', 0),
(174, 4, '2015-03-09', 'TR', 0),
(174, 4, '2015-03-10', 'DI', 0),
(174, 4, '2015-03-11', 'TR', 0),
(174, 4, '2015-03-12', 'TR', 0),
(174, 4, '2015-03-13', 'DI', 0),
(174, 4, '2015-03-14', 'DG', 0),
(174, 4, '2015-03-15', 'IN', 0),
(174, 4, '2015-03-16', 'DI', 0),
(174, 4, '2015-03-17', 'DG', 0),
(174, 4, '2015-03-18', 'IN', 0),
(174, 4, '2015-03-19', 'DI', 0),
(174, 4, '2015-03-20', 'DG', 0),
(174, 4, '2015-03-21', 'IN', 0),
(174, 4, '2015-03-22', 'DI', 0),
(174, 4, '2015-03-23', 'DI', 0),
(174, 4, '2015-03-24', 'IN', 0),
(174, 4, '2015-03-25', 'DG', 0),
(174, 4, '2015-03-26', 'IN', 0),
(174, 4, '2015-03-27', 'DI', 0),
(174, 4, '2015-03-28', 'DG', 0),
(174, 4, '2015-03-29', 'DI', 0),
(174, 4, '2015-03-30', 'DI', 0),
(174, 5, '2015-03-01', 'DG', 0),
(174, 5, '2015-03-02', 'TR', 0),
(174, 5, '2015-03-03', 'DI', 0),
(174, 5, '2015-03-04', 'DI', 0),
(174, 5, '2015-03-05', 'DI', 0),
(174, 5, '2015-03-06', 'DI', 0),
(174, 5, '2015-03-07', 'TR', 0),
(174, 5, '2015-03-08', 'DI', 0),
(174, 5, '2015-03-09', 'DG', 0),
(174, 5, '2015-03-10', 'DG', 0),
(174, 5, '2015-03-11', 'DG', 0),
(174, 5, '2015-03-12', 'IN', 0),
(174, 5, '2015-03-13', 'IN', 0),
(174, 5, '2015-03-14', 'DG', 0),
(174, 5, '2015-03-15', 'DG', 0),
(174, 5, '2015-03-16', 'DI', 0),
(174, 5, '2015-03-17', 'DI', 0),
(174, 5, '2015-03-18', 'TR', 0),
(174, 5, '2015-03-19', 'IN', 0),
(174, 5, '2015-03-20', 'DI', 0),
(174, 5, '2015-03-21', 'DG', 0),
(174, 5, '2015-03-22', 'IN', 0),
(174, 5, '2015-03-23', 'DI', 0),
(174, 5, '2015-03-24', 'IN', 0),
(174, 5, '2015-03-25', 'DI', 0),
(174, 5, '2015-03-26', 'IN', 0),
(174, 5, '2015-03-27', 'DG', 0),
(174, 5, '2015-03-28', 'DI', 0),
(174, 5, '2015-03-29', 'DI', 0),
(174, 5, '2015-03-30', 'DI', 0),
(174, 6, '2015-03-01', 'TR', 0),
(174, 6, '2015-03-02', 'DG', 0),
(174, 6, '2015-03-03', 'IN', 0),
(174, 6, '2015-03-04', 'DI', 0),
(174, 6, '2015-03-05', 'DI', 0),
(174, 6, '2015-03-06', 'DI', 0),
(174, 6, '2015-03-07', 'DG', 0),
(174, 6, '2015-03-08', 'IN', 0),
(174, 6, '2015-03-09', 'DG', 0),
(174, 6, '2015-03-10', 'TR', 0),
(174, 6, '2015-03-11', 'DG', 0),
(174, 6, '2015-03-12', 'IN', 0),
(174, 6, '2015-03-13', 'DG', 0),
(174, 6, '2015-03-14', 'DI', 0),
(174, 6, '2015-03-15', 'DI', 0),
(174, 6, '2015-03-16', 'TR', 0),
(174, 6, '2015-03-17', 'DI', 0),
(174, 6, '2015-03-18', 'DG', 0),
(174, 6, '2015-03-19', 'DG', 0),
(174, 6, '2015-03-20', 'IN', 0),
(174, 6, '2015-03-21', 'DI', 0),
(174, 6, '2015-03-22', 'IN', 0),
(174, 6, '2015-03-23', 'DG', 0),
(174, 6, '2015-03-24', 'DG', 0),
(174, 6, '2015-03-25', 'TR', 0),
(174, 6, '2015-03-26', 'DI', 0),
(174, 6, '2015-03-27', 'IN', 0),
(174, 6, '2015-03-28', 'DI', 0),
(174, 6, '2015-03-29', 'IN', 0),
(174, 6, '2015-03-30', 'DI', 0),
(175, 1, '2015-03-01', 'IN', 0),
(175, 1, '2015-03-02', 'IN', 0),
(175, 1, '2015-03-03', 'TR', 0),
(175, 1, '2015-03-04', 'DG', 0),
(175, 1, '2015-03-05', 'TR', 0),
(175, 1, '2015-03-06', 'DI', 0),
(175, 1, '2015-03-07', 'DI', 0),
(175, 1, '2015-03-08', 'DI', 0),
(175, 1, '2015-03-09', 'DI', 0),
(175, 1, '2015-03-10', 'TR', 0),
(175, 1, '2015-03-11', 'IN', 0),
(175, 1, '2015-03-12', 'DI', 0),
(175, 1, '2015-03-13', 'DI', 0);
INSERT INTO `planning_vol` (`id_volontaire`, `id_tranche`, `id_date`, `id_etat`, `garde`) VALUES
(175, 1, '2015-03-14', 'DG', 0),
(175, 1, '2015-03-15', 'DG', 0),
(175, 1, '2015-03-16', 'IN', 0),
(175, 1, '2015-03-17', 'DI', 0),
(175, 1, '2015-03-18', 'TR', 0),
(175, 1, '2015-03-19', 'DG', 0),
(175, 1, '2015-03-20', 'DI', 0),
(175, 1, '2015-03-21', 'TR', 0),
(175, 1, '2015-03-22', 'DG', 0),
(175, 1, '2015-03-23', 'DI', 0),
(175, 1, '2015-03-24', 'TR', 0),
(175, 1, '2015-03-25', 'IN', 0),
(175, 1, '2015-03-26', 'DI', 0),
(175, 1, '2015-03-27', 'IN', 0),
(175, 1, '2015-03-28', 'TR', 0),
(175, 1, '2015-03-29', 'DI', 0),
(175, 1, '2015-03-30', 'DI', 0),
(175, 2, '2015-03-01', 'TR', 0),
(175, 2, '2015-03-02', 'DG', 0),
(175, 2, '2015-03-03', 'TR', 0),
(175, 2, '2015-03-04', 'IN', 0),
(175, 2, '2015-03-05', 'DG', 0),
(175, 2, '2015-03-06', 'TR', 0),
(175, 2, '2015-03-07', 'DI', 0),
(175, 2, '2015-03-08', 'DI', 0),
(175, 2, '2015-03-09', 'DG', 0),
(175, 2, '2015-03-10', 'TR', 0),
(175, 2, '2015-03-11', 'DG', 0),
(175, 2, '2015-03-12', 'DI', 0),
(175, 2, '2015-03-13', 'DG', 0),
(175, 2, '2015-03-14', 'IN', 0),
(175, 2, '2015-03-15', 'TR', 0),
(175, 2, '2015-03-16', 'DG', 0),
(175, 2, '2015-03-17', 'DG', 0),
(175, 2, '2015-03-18', 'DI', 0),
(175, 2, '2015-03-19', 'DI', 0),
(175, 2, '2015-03-20', 'TR', 0),
(175, 2, '2015-03-21', 'DG', 0),
(175, 2, '2015-03-22', 'IN', 0),
(175, 2, '2015-03-23', 'TR', 0),
(175, 2, '2015-03-24', 'DI', 0),
(175, 2, '2015-03-25', 'IN', 0),
(175, 2, '2015-03-26', 'DI', 0),
(175, 2, '2015-03-27', 'IN', 0),
(175, 2, '2015-03-28', 'DI', 0),
(175, 2, '2015-03-29', 'DI', 0),
(175, 2, '2015-03-30', 'IN', 0),
(175, 3, '2015-03-01', 'DI', 0),
(175, 3, '2015-03-02', 'DG', 0),
(175, 3, '2015-03-03', 'TR', 0),
(175, 3, '2015-03-04', 'DI', 0),
(175, 3, '2015-03-05', 'DI', 0),
(175, 3, '2015-03-06', 'DI', 0),
(175, 3, '2015-03-07', 'TR', 0),
(175, 3, '2015-03-08', 'DI', 0),
(175, 3, '2015-03-09', 'IN', 0),
(175, 3, '2015-03-10', 'DI', 0),
(175, 3, '2015-03-11', 'DG', 0),
(175, 3, '2015-03-12', 'TR', 0),
(175, 3, '2015-03-13', 'DG', 0),
(175, 3, '2015-03-14', 'DG', 0),
(175, 3, '2015-03-15', 'IN', 0),
(175, 3, '2015-03-16', 'IN', 0),
(175, 3, '2015-03-17', 'DG', 0),
(175, 3, '2015-03-18', 'DI', 0),
(175, 3, '2015-03-19', 'DI', 0),
(175, 3, '2015-03-20', 'TR', 0),
(175, 3, '2015-03-21', 'DI', 0),
(175, 3, '2015-03-22', 'IN', 0),
(175, 3, '2015-03-23', 'DG', 0),
(175, 3, '2015-03-24', 'DG', 0),
(175, 3, '2015-03-25', 'DI', 0),
(175, 3, '2015-03-26', 'IN', 0),
(175, 3, '2015-03-27', 'DG', 0),
(175, 3, '2015-03-28', 'TR', 0),
(175, 3, '2015-03-29', 'DI', 0),
(175, 3, '2015-03-30', 'TR', 0),
(175, 4, '2015-03-01', 'DG', 0),
(175, 4, '2015-03-02', 'DI', 0),
(175, 4, '2015-03-03', 'DI', 0),
(175, 4, '2015-03-04', 'TR', 0),
(175, 4, '2015-03-05', 'DG', 0),
(175, 4, '2015-03-06', 'DG', 0),
(175, 4, '2015-03-07', 'TR', 0),
(175, 4, '2015-03-08', 'DG', 0),
(175, 4, '2015-03-09', 'IN', 0),
(175, 4, '2015-03-10', 'IN', 0),
(175, 4, '2015-03-11', 'DG', 0),
(175, 4, '2015-03-12', 'TR', 0),
(175, 4, '2015-03-13', 'DI', 0),
(175, 4, '2015-03-14', 'DI', 0),
(175, 4, '2015-03-15', 'IN', 0),
(175, 4, '2015-03-16', 'IN', 0),
(175, 4, '2015-03-17', 'IN', 0),
(175, 4, '2015-03-18', 'DI', 0),
(175, 4, '2015-03-19', 'DG', 0),
(175, 4, '2015-03-20', 'DI', 0),
(175, 4, '2015-03-21', 'IN', 0),
(175, 4, '2015-03-22', 'DG', 0),
(175, 4, '2015-03-23', 'IN', 0),
(175, 4, '2015-03-24', 'DI', 0),
(175, 4, '2015-03-25', 'DI', 0),
(175, 4, '2015-03-26', 'DI', 0),
(175, 4, '2015-03-27', 'IN', 0),
(175, 4, '2015-03-28', 'TR', 0),
(175, 4, '2015-03-29', 'TR', 0),
(175, 4, '2015-03-30', 'DI', 0),
(175, 5, '2015-03-01', 'DG', 0),
(175, 5, '2015-03-02', 'IN', 0),
(175, 5, '2015-03-03', 'IN', 0),
(175, 5, '2015-03-04', 'DI', 0),
(175, 5, '2015-03-05', 'TR', 0),
(175, 5, '2015-03-06', 'DI', 0),
(175, 5, '2015-03-07', 'IN', 0),
(175, 5, '2015-03-08', 'DI', 0),
(175, 5, '2015-03-09', 'DG', 0),
(175, 5, '2015-03-10', 'DI', 0),
(175, 5, '2015-03-11', 'IN', 0),
(175, 5, '2015-03-12', 'IN', 0),
(175, 5, '2015-03-13', 'IN', 0),
(175, 5, '2015-03-14', 'IN', 0),
(175, 5, '2015-03-15', 'IN', 0),
(175, 5, '2015-03-16', 'DG', 0),
(175, 5, '2015-03-17', 'DG', 0),
(175, 5, '2015-03-18', 'IN', 0),
(175, 5, '2015-03-19', 'DG', 0),
(175, 5, '2015-03-20', 'TR', 0),
(175, 5, '2015-03-21', 'IN', 0),
(175, 5, '2015-03-22', 'DG', 0),
(175, 5, '2015-03-23', 'DI', 0),
(175, 5, '2015-03-24', 'IN', 0),
(175, 5, '2015-03-25', 'DI', 0),
(175, 5, '2015-03-26', 'DG', 0),
(175, 5, '2015-03-27', 'DI', 0),
(175, 5, '2015-03-28', 'DG', 0),
(175, 5, '2015-03-29', 'DI', 0),
(175, 5, '2015-03-30', 'IN', 0),
(175, 6, '2015-03-01', 'DI', 0),
(175, 6, '2015-03-02', 'DG', 0),
(175, 6, '2015-03-03', 'TR', 0),
(175, 6, '2015-03-04', 'DI', 0),
(175, 6, '2015-03-05', 'DI', 0),
(175, 6, '2015-03-06', 'DI', 0),
(175, 6, '2015-03-07', 'DG', 0),
(175, 6, '2015-03-08', 'DG', 0),
(175, 6, '2015-03-09', 'IN', 0),
(175, 6, '2015-03-10', 'DI', 0),
(175, 6, '2015-03-11', 'DI', 0),
(175, 6, '2015-03-12', 'TR', 0),
(175, 6, '2015-03-13', 'DI', 0),
(175, 6, '2015-03-14', 'DI', 0),
(175, 6, '2015-03-15', 'TR', 0),
(175, 6, '2015-03-16', 'DI', 0),
(175, 6, '2015-03-17', 'DI', 0),
(175, 6, '2015-03-18', 'IN', 0),
(175, 6, '2015-03-19', 'DG', 0),
(175, 6, '2015-03-20', 'TR', 0),
(175, 6, '2015-03-21', 'DI', 0),
(175, 6, '2015-03-22', 'IN', 0),
(175, 6, '2015-03-23', 'IN', 0),
(175, 6, '2015-03-24', 'DI', 0),
(175, 6, '2015-03-25', 'DG', 0),
(175, 6, '2015-03-26', 'DG', 0),
(175, 6, '2015-03-27', 'TR', 0),
(175, 6, '2015-03-28', 'TR', 0),
(175, 6, '2015-03-29', 'IN', 0),
(175, 6, '2015-03-30', 'DI', 0),
(176, 1, '2015-03-01', 'DG', 0),
(176, 1, '2015-03-02', 'DI', 0),
(176, 1, '2015-03-03', 'DI', 0),
(176, 1, '2015-03-04', 'TR', 0),
(176, 1, '2015-03-05', 'DI', 0),
(176, 1, '2015-03-06', 'DG', 0),
(176, 1, '2015-03-07', 'DI', 0),
(176, 1, '2015-03-08', 'TR', 0),
(176, 1, '2015-03-09', 'TR', 0),
(176, 1, '2015-03-10', 'DG', 0),
(176, 1, '2015-03-11', 'IN', 0),
(176, 1, '2015-03-12', 'DI', 0),
(176, 1, '2015-03-13', 'DG', 0),
(176, 1, '2015-03-14', 'IN', 0),
(176, 1, '2015-03-15', 'TR', 0),
(176, 1, '2015-03-16', 'TR', 0),
(176, 1, '2015-03-17', 'IN', 0),
(176, 1, '2015-03-18', 'IN', 0),
(176, 1, '2015-03-19', 'TR', 0),
(176, 1, '2015-03-20', 'DG', 0),
(176, 1, '2015-03-21', 'DI', 0),
(176, 1, '2015-03-22', 'IN', 0),
(176, 1, '2015-03-23', 'TR', 0),
(176, 1, '2015-03-24', 'DG', 0),
(176, 1, '2015-03-25', 'DI', 0),
(176, 1, '2015-03-26', 'IN', 0),
(176, 1, '2015-03-27', 'DI', 0),
(176, 1, '2015-03-28', 'DI', 0),
(176, 1, '2015-03-29', 'DI', 0),
(176, 1, '2015-03-30', 'TR', 0),
(176, 2, '2015-03-01', 'DG', 0),
(176, 2, '2015-03-02', 'DI', 0),
(176, 2, '2015-03-03', 'TR', 0),
(176, 2, '2015-03-04', 'DI', 0),
(176, 2, '2015-03-05', 'TR', 0),
(176, 2, '2015-03-06', 'DG', 0),
(176, 2, '2015-03-07', 'DI', 0),
(176, 2, '2015-03-08', 'TR', 0),
(176, 2, '2015-03-09', 'DG', 0),
(176, 2, '2015-03-10', 'TR', 0),
(176, 2, '2015-03-11', 'DG', 0),
(176, 2, '2015-03-12', 'IN', 0),
(176, 2, '2015-03-13', 'DI', 0),
(176, 2, '2015-03-14', 'DI', 0),
(176, 2, '2015-03-15', 'DI', 0),
(176, 2, '2015-03-16', 'DG', 0),
(176, 2, '2015-03-17', 'DI', 0),
(176, 2, '2015-03-18', 'IN', 0),
(176, 2, '2015-03-19', 'DG', 0),
(176, 2, '2015-03-20', 'DI', 0),
(176, 2, '2015-03-21', 'TR', 0),
(176, 2, '2015-03-22', 'IN', 0),
(176, 2, '2015-03-23', 'DG', 0),
(176, 2, '2015-03-24', 'IN', 0),
(176, 2, '2015-03-25', 'DI', 0),
(176, 2, '2015-03-26', 'TR', 0),
(176, 2, '2015-03-27', 'DG', 0),
(176, 2, '2015-03-28', 'IN', 0),
(176, 2, '2015-03-29', 'DI', 0),
(176, 2, '2015-03-30', 'DI', 0),
(176, 3, '2015-03-01', 'IN', 0),
(176, 3, '2015-03-02', 'DG', 0),
(176, 3, '2015-03-03', 'DG', 0),
(176, 3, '2015-03-04', 'DI', 0),
(176, 3, '2015-03-05', 'IN', 0),
(176, 3, '2015-03-06', 'DG', 0),
(176, 3, '2015-03-07', 'TR', 0),
(176, 3, '2015-03-08', 'DI', 0),
(176, 3, '2015-03-09', 'TR', 0),
(176, 3, '2015-03-10', 'DI', 0),
(176, 3, '2015-03-11', 'DI', 0),
(176, 3, '2015-03-12', 'DI', 0),
(176, 3, '2015-03-13', 'IN', 0),
(176, 3, '2015-03-14', 'DI', 0),
(176, 3, '2015-03-15', 'DI', 0),
(176, 3, '2015-03-16', 'DG', 0),
(176, 3, '2015-03-17', 'TR', 0),
(176, 3, '2015-03-18', 'IN', 0),
(176, 3, '2015-03-19', 'DG', 0),
(176, 3, '2015-03-20', 'DG', 0),
(176, 3, '2015-03-21', 'DI', 0),
(176, 3, '2015-03-22', 'DG', 0),
(176, 3, '2015-03-23', 'DI', 0),
(176, 3, '2015-03-24', 'DI', 0),
(176, 3, '2015-03-25', 'DI', 0),
(176, 3, '2015-03-26', 'IN', 0),
(176, 3, '2015-03-27', 'TR', 0),
(176, 3, '2015-03-28', 'IN', 0),
(176, 3, '2015-03-29', 'DG', 0),
(176, 3, '2015-03-30', 'IN', 0),
(176, 4, '2015-03-01', 'TR', 0),
(176, 4, '2015-03-02', 'DI', 0),
(176, 4, '2015-03-03', 'IN', 0),
(176, 4, '2015-03-04', 'DI', 0),
(176, 4, '2015-03-05', 'IN', 0),
(176, 4, '2015-03-06', 'TR', 0),
(176, 4, '2015-03-07', 'TR', 0),
(176, 4, '2015-03-08', 'TR', 0),
(176, 4, '2015-03-09', 'TR', 0),
(176, 4, '2015-03-10', 'TR', 0),
(176, 4, '2015-03-11', 'TR', 0),
(176, 4, '2015-03-12', 'DI', 0),
(176, 4, '2015-03-13', 'DG', 0),
(176, 4, '2015-03-14', 'IN', 0),
(176, 4, '2015-03-15', 'IN', 0),
(176, 4, '2015-03-16', 'TR', 0),
(176, 4, '2015-03-17', 'IN', 0),
(176, 4, '2015-03-18', 'TR', 0),
(176, 4, '2015-03-19', 'DG', 0),
(176, 4, '2015-03-20', 'DG', 0),
(176, 4, '2015-03-21', 'DI', 0),
(176, 4, '2015-03-22', 'IN', 0),
(176, 4, '2015-03-23', 'DI', 0),
(176, 4, '2015-03-24', 'IN', 0),
(176, 4, '2015-03-25', 'TR', 0),
(176, 4, '2015-03-26', 'TR', 0),
(176, 4, '2015-03-27', 'TR', 0),
(176, 4, '2015-03-28', 'DG', 0),
(176, 4, '2015-03-29', 'TR', 0),
(176, 4, '2015-03-30', 'DG', 0),
(176, 5, '2015-03-01', 'DI', 0),
(176, 5, '2015-03-02', 'TR', 0),
(176, 5, '2015-03-03', 'IN', 0),
(176, 5, '2015-03-04', 'DI', 0),
(176, 5, '2015-03-05', 'TR', 0),
(176, 5, '2015-03-06', 'DI', 0),
(176, 5, '2015-03-07', 'DG', 0),
(176, 5, '2015-03-08', 'DI', 0),
(176, 5, '2015-03-09', 'TR', 0),
(176, 5, '2015-03-10', 'TR', 0),
(176, 5, '2015-03-11', 'TR', 0),
(176, 5, '2015-03-12', 'DG', 0),
(176, 5, '2015-03-13', 'DI', 0),
(176, 5, '2015-03-14', 'DG', 0),
(176, 5, '2015-03-15', 'TR', 0),
(176, 5, '2015-03-16', 'TR', 0),
(176, 5, '2015-03-17', 'DI', 0),
(176, 5, '2015-03-18', 'DG', 0),
(176, 5, '2015-03-19', 'IN', 0),
(176, 5, '2015-03-20', 'DI', 0),
(176, 5, '2015-03-21', 'DG', 0),
(176, 5, '2015-03-22', 'DG', 0),
(176, 5, '2015-03-23', 'TR', 0),
(176, 5, '2015-03-24', 'DI', 0),
(176, 5, '2015-03-25', 'DG', 0),
(176, 5, '2015-03-26', 'TR', 0),
(176, 5, '2015-03-27', 'IN', 0),
(176, 5, '2015-03-28', 'DG', 0),
(176, 5, '2015-03-29', 'DI', 0),
(176, 5, '2015-03-30', 'DI', 0),
(176, 6, '2015-03-01', 'TR', 0),
(176, 6, '2015-03-02', 'DG', 0),
(176, 6, '2015-03-03', 'IN', 0),
(176, 6, '2015-03-04', 'DG', 0),
(176, 6, '2015-03-05', 'DI', 0),
(176, 6, '2015-03-06', 'DI', 0),
(176, 6, '2015-03-07', 'TR', 0),
(176, 6, '2015-03-08', 'DI', 0),
(176, 6, '2015-03-09', 'DI', 0),
(176, 6, '2015-03-10', 'DG', 0),
(176, 6, '2015-03-11', 'DI', 0),
(176, 6, '2015-03-12', 'TR', 0),
(176, 6, '2015-03-13', 'IN', 0),
(176, 6, '2015-03-14', 'DG', 0),
(176, 6, '2015-03-15', 'DI', 0),
(176, 6, '2015-03-16', 'DI', 0),
(176, 6, '2015-03-17', 'DI', 0),
(176, 6, '2015-03-18', 'TR', 0),
(176, 6, '2015-03-19', 'DI', 0),
(176, 6, '2015-03-20', 'DI', 0),
(176, 6, '2015-03-21', 'TR', 0),
(176, 6, '2015-03-22', 'TR', 0),
(176, 6, '2015-03-23', 'DI', 0),
(176, 6, '2015-03-24', 'DG', 0),
(176, 6, '2015-03-25', 'DI', 0),
(176, 6, '2015-03-26', 'DG', 0),
(176, 6, '2015-03-27', 'DG', 0),
(176, 6, '2015-03-28', 'DI', 0),
(176, 6, '2015-03-29', 'DG', 0),
(176, 6, '2015-03-30', 'DG', 0),
(177, 1, '2015-03-01', 'TR', 0),
(177, 1, '2015-03-02', 'TR', 0),
(177, 1, '2015-03-03', 'IN', 0),
(177, 1, '2015-03-04', 'TR', 0),
(177, 1, '2015-03-05', 'DI', 0),
(177, 1, '2015-03-06', 'IN', 0),
(177, 1, '2015-03-07', 'TR', 0),
(177, 1, '2015-03-08', 'TR', 0),
(177, 1, '2015-03-09', 'TR', 0),
(177, 1, '2015-03-10', 'TR', 0),
(177, 1, '2015-03-11', 'DG', 0),
(177, 1, '2015-03-12', 'TR', 0),
(177, 1, '2015-03-13', 'IN', 0),
(177, 1, '2015-03-14', 'IN', 0),
(177, 1, '2015-03-15', 'DI', 0),
(177, 1, '2015-03-16', 'DG', 0),
(177, 1, '2015-03-17', 'DI', 0),
(177, 1, '2015-03-18', 'DG', 0),
(177, 2, '2015-03-01', 'DG', 0),
(177, 2, '2015-03-02', 'DI', 0),
(177, 2, '2015-03-03', 'IN', 0),
(177, 2, '2015-03-04', 'TR', 0),
(177, 2, '2015-03-05', 'DI', 0),
(177, 2, '2015-03-06', 'IN', 0),
(177, 2, '2015-03-07', 'TR', 0),
(177, 2, '2015-03-08', 'DI', 0),
(177, 2, '2015-03-09', 'DG', 0),
(177, 2, '2015-03-10', 'DI', 0),
(177, 2, '2015-03-11', 'DG', 0),
(177, 2, '2015-03-12', 'TR', 0),
(177, 2, '2015-03-13', 'TR', 0),
(177, 2, '2015-03-14', 'TR', 0),
(177, 2, '2015-03-15', 'DG', 0),
(177, 2, '2015-03-16', 'DI', 0),
(177, 2, '2015-03-17', 'DG', 0),
(177, 2, '2015-03-18', 'DI', 0),
(177, 3, '2015-03-01', 'TR', 0),
(177, 3, '2015-03-02', 'DI', 0),
(177, 3, '2015-03-03', 'DI', 0),
(177, 3, '2015-03-04', 'DI', 0),
(177, 3, '2015-03-05', 'TR', 0),
(177, 3, '2015-03-06', 'DI', 0),
(177, 3, '2015-03-07', 'DI', 0),
(177, 3, '2015-03-08', 'DG', 0),
(177, 3, '2015-03-09', 'DG', 0),
(177, 3, '2015-03-10', 'IN', 0),
(177, 3, '2015-03-11', 'IN', 0),
(177, 3, '2015-03-12', 'IN', 0),
(177, 3, '2015-03-13', 'DG', 0),
(177, 3, '2015-03-14', 'DI', 0),
(177, 3, '2015-03-15', 'IN', 0),
(177, 3, '2015-03-16', 'TR', 0),
(177, 3, '2015-03-17', 'IN', 0),
(177, 4, '2015-03-01', 'DG', 0),
(177, 4, '2015-03-02', 'DI', 0),
(177, 4, '2015-03-03', 'DI', 0),
(177, 4, '2015-03-04', 'DI', 0),
(177, 4, '2015-03-05', 'DG', 0),
(177, 4, '2015-03-06', 'DI', 0),
(177, 4, '2015-03-07', 'DI', 0),
(177, 4, '2015-03-08', 'DG', 0),
(177, 4, '2015-03-09', 'IN', 0),
(177, 4, '2015-03-10', 'DI', 0),
(177, 4, '2015-03-11', 'DI', 0),
(177, 4, '2015-03-12', 'IN', 0),
(177, 4, '2015-03-13', 'DI', 0),
(177, 4, '2015-03-14', 'IN', 0),
(177, 4, '2015-03-15', 'TR', 0),
(177, 4, '2015-03-16', 'TR', 0),
(177, 4, '2015-03-17', 'TR', 0),
(177, 4, '2015-03-18', 'DI', 0),
(177, 5, '2015-03-01', 'IN', 0),
(177, 5, '2015-03-02', 'DI', 0),
(177, 5, '2015-03-03', 'IN', 0),
(177, 5, '2015-03-04', 'DI', 0),
(177, 5, '2015-03-05', 'DI', 0),
(177, 5, '2015-03-06', 'DI', 0),
(177, 5, '2015-03-07', 'IN', 0),
(177, 5, '2015-03-08', 'IN', 0),
(177, 5, '2015-03-09', 'TR', 0),
(177, 5, '2015-03-10', 'TR', 0),
(177, 5, '2015-03-11', 'IN', 0),
(177, 5, '2015-03-12', 'DI', 0),
(177, 5, '2015-03-13', 'TR', 0),
(177, 5, '2015-03-14', 'TR', 0),
(177, 5, '2015-03-15', 'TR', 0),
(177, 5, '2015-03-16', 'IN', 0),
(177, 5, '2015-03-17', 'DG', 0),
(177, 5, '2015-03-18', 'DG', 0),
(177, 6, '2015-03-01', 'DI', 0),
(177, 6, '2015-03-02', 'IN', 0),
(177, 6, '2015-03-03', 'TR', 0),
(177, 6, '2015-03-04', 'TR', 0),
(177, 6, '2015-03-05', 'TR', 0),
(177, 6, '2015-03-06', 'IN', 0),
(177, 6, '2015-03-07', 'DI', 0),
(177, 6, '2015-03-08', 'TR', 0),
(177, 6, '2015-03-09', 'DI', 0),
(177, 6, '2015-03-10', 'IN', 0),
(177, 6, '2015-03-11', 'TR', 0),
(177, 6, '2015-03-12', 'DI', 0),
(177, 6, '2015-03-13', 'DG', 0),
(177, 6, '2015-03-14', 'DI', 0),
(177, 6, '2015-03-15', 'IN', 0),
(177, 6, '2015-03-16', 'IN', 0),
(177, 6, '2015-03-17', 'DG', 0);

-- --------------------------------------------------------

--
-- Structure de la table `pompier`
--

CREATE TABLE `pompier` (
  `id_pompier` int(11) NOT NULL,
  `nom_pompier` varchar(30) NOT NULL,
  `prenom_pompier` varchar(30) NOT NULL,
  `date_naiss_pompier` date NOT NULL,
  `tel_pompier` varchar(10) NOT NULL,
  `mail_pompier` varchar(50) NOT NULL,
  `adresse_pompier` varchar(150) NOT NULL,
  `date_entree_pompier` date NOT NULL,
  `caserne_id` int(11) NOT NULL
) ENGINE=InnoDB DEFAULT CHARSET=utf8;

--
-- Contenu de la table `pompier`
--

INSERT INTO `pompier` (`id_pompier`, `nom_pompier`, `prenom_pompier`, `date_naiss_pompier`, `tel_pompier`, `mail_pompier`, `adresse_pompier`, `date_entree_pompier`, `caserne_id`) VALUES
(1, 'BLANCSEC', 'Adèle', '1960-06-08', '0615215351', 'bsadele@free.fr', '12 rue des alouettes 37000 Tours', '1981-01-16', 140),
(2, 'JOURDAN', 'Gil', '1978-05-02', '0654897569', 'jourdanG@free.fr', '25 rue des mouettes 37000 Tours', '2008-09-23', 140),
(3, 'BLUEBERRY', 'Mike steve', '1966-04-05', '0645251845', 'blueberMike@free.fr', '15 bv des Anglais 37000 Tours', '1999-07-27', 140),
(4, 'BRADEFER', 'Luc', '1965-12-01', '0612131015', 'bradLuce@free.fr', '12 impasse des Lilas 37000 Tours', '1988-07-30', 140),
(5, 'BLANDY', 'Jessica', '1975-10-25', '0652548978', 'blanJess@free.fr', '65 rue des Chênes 37000 Tours', '1997-10-04', 140),
(6, 'BRISEFER', 'Benoit', '1964-12-25', '0645544844', 'benoitBri37@free.fr', '59 allée des Marronnier 37000 Tours', '1997-04-25', 142),
(7, 'BERLINGOT', 'Suzette', '1978-08-04', '0685412358', 'suzette3756@free.fr', '3 impasse des Jonquilles 37000 Tours', '2008-04-09', 140),
(8, 'BRIOCHÉ', 'Eusèbe zéphyrin', '1958-11-15', '0632152545', 'eusèbeZeph@free.fr', '8 impasse des Tulipes 37000 Tours', '1988-09-08', 140),
(9, 'DUGENOU', 'Melchior', '1985-05-15', '0632596487', 'melchiorounet@free.fr', '1 r Horizon Vert 37176 Chambray lès Tours', '2006-02-04', 141),
(10, 'DANNY', 'Buck', '1985-12-12', '0612198512', 'buckbuck37@free.fr', '3 r Commerce 37000 Tours', '2006-10-23', 140),
(11, 'LAMORDACHE', 'Max', '1985-10-28', '0612151215', 'maxouLamo@free.fr', '1 r Philippe de Commines 37500 Chinon', '2011-01-24', 139),
(12, 'VERTIGNASSE', 'Antoine', '1975-06-23', '0615487595', 'verti37antoine@free.fr', '18 r Joseph Cugnot 37300 JOUE LES TOURS', '2000-08-19', 141),
(13, 'TALON', 'Achille', '1960-02-09', '0658962146', 'talon346@free.fr', '8 allée Jules Ferry 37000 Tours', '1994-10-22', 140),
(14, 'LAGAFFE', 'Gaston', '1970-10-12', '0658956847', 'gaston98@free.fr', '9 rue des Ancres 37530 Pocé sur Cisse', '2003-06-11', 140),
(15, 'LACRYMO ', 'Eugène ', '1970-06-08', '0615654585', 'furymax@free.fr', '42 allée Voltaire 37000 Tours', '1991-04-03', 140),
(16, 'DELTOIDE', 'Martial', '1974-05-06', '0635987456', 'deltoidemar@free.fr', '2 rue des Marronniers 37000 Tours', '1997-03-16', 140),
(17, 'HOCHET', 'Rick', '1975-12-26', '0645985623', 'rick37@free.fr', '3 impasse des Lilas 37000 Tours', '1997-04-27', 140),
(20, 'LANDOUYE ', 'Basile ', '1975-04-15', '0654326251', 'basileLa37@free.fr', '8 rue Albert Camus 37000 Tours', '1997-06-08', 140),
(21, 'KRAMPON', 'Eugène ', '1981-12-20', '0612111211', 'krampon689@free.fr', '56 allée Jules Vernes 37300 Joué les Tours', '2003-09-11', 140),
(22, 'LACAPELLE ', 'Aimé ', '1978-08-25', '0645548899', 'arsene37@free.fr', '8 bis rue Edmond Rostand 37530 Pocé sur Cisse', '2001-01-04', 142),
(23, 'GOREIRO', 'Manuel ', '1975-06-15', '0695874595', 'manuh69@free.fr', '2 allée de la fontaine 37000 Tours', '2004-05-27', 140),
(24, 'DUPILON', 'Célestin', '1962-09-27', '0656987458', 'dupilo.cle@free.fr', '9 rue des Fripouilles 37300 Joué les Tours', '1992-09-23', 140),
(25, 'FUTU', 'Cyprien', '1980-04-29', '0632154584', 'futu-cyprien@free.fr', '5 rue Arsène Lupin 37000 Tours', '2011-06-12', 140),
(27, 'COTTINE', 'Giovanni', '1964-08-26', '0632123545', 'cottine37@free.fr', '99 bvd Pierre Perret 37176 Chambray lès Tours', '1996-05-01', 140),
(28, 'DE MESMAEKER', 'Aimé', '1964-12-04', '0632623568', 'demesaime@free.fr', '4 rue Picasso 37000 Tours', '1990-12-22', 140),
(29, 'CHIFFRE', 'Claudia', '1980-06-25', '0632587415', 'claudiaC3756@free.fr', '6 bvd Jean Monnet 37300 Joué les Tours', '2012-10-13', 142),
(31, 'PONCHELOT', 'Nicolas', '1966-05-12', '0635269854', 'NicoPonch@free.fr', '8 rue nationale 37000 Tours', '1997-05-14', 140),
(32, 'PADDLE', 'Kid', '1966-04-09', '0612154578', 'kidpad39@free.fr', '9 allée Jules Petit 37000 Tours', '1999-08-01', 140),
(33, 'CHOUKROUNE', 'Alphonse', '1972-04-16', '0653229987', 'alphChou@free.fr', '65 rue Jean Jaurès 37000 Tours', '1995-03-22', 140),
(34, 'MAURANE', 'Bob', '1980-02-28', '0656958797', 'boby87bob@free.fr', '5 rue Albert Einstein 37300 Joué les Tours', '2007-04-22', 140),
(37, 'TOUGOURÉ', 'Tuté', '1974-12-25', '0696258514', 'tutu89@free.fr', '9 rue Franquin 37530 Pocé sur Cisse', '2006-08-27', 140),
(38, 'PALMER', 'Jack', '1979-12-29', '0656987458', 'jackjack@free.fr', '57 bvd Dupuis 37000 Tours', '2002-12-13', 140),
(40, 'BECQUET ', 'Horace ', '1984-02-25', '0648954587', 'horace99@free.fr', '9 impasse Palissy 37300 Joué les Tours', '2005-09-05', 139),
(41, 'DE BONATE', 'Bricard', '1965-03-24', '0633265478', 'bricardBonate@free.fr', '3 rue Jules Renard 37000 Tours', '1996-01-31', 140),
(42, 'CALOT ', 'Léontine', '1961-11-05', '0635216984', 'LeontineCalot@free.fr   ', '9 allée Françoise Sagan 37000 Tours', '1998-06-17', 140),
(43, 'LAMPION', 'Séraphin', '1966-11-09', '0635689462', 'Seraphin369@free.fr', '12 rue des Violettes bleues 37176 Chambray lès Tours', '1995-05-10', 139),
(44, 'CORTIZONE', 'Vito', '1963-04-29', '0633264895', 'vitoladeveine@free.fr', '24 rue des la Fontaine 37530 Pocé sur Cisse', '1995-07-24', 140),
(50, 'DELASTRE', 'Caroline', '1962-05-16', '0633569848', 'carolineDelastreh@free.fr', '9 bvd Eustache 37400 Amboise', '1990-05-11', 140),
(51, 'TOUPOIL', 'Gustave', '1981-04-19', '0632698567', 'gusGusToupoil@free.fr', '6 rue Francis Perrin 37000 Tours', '2003-06-24', 139),
(52, 'PINÇON', 'Hortense', '1964-09-26', '0622998564', 'Hortense37Pincon@free.fr', '15 allée Pilain 37000 Tours', '1986-10-12', 141),
(53, 'HELENA', 'John', '1969-07-14', '0659874652', 'JohnJohn358@free.fr', '21 rue Edouard Vaillant 37000 Tours', '2000-11-20', 140),
(54, 'CAN', 'Jerry', '1982-05-14', '0632548795', 'JeeryetTom@free.fr', '46 bvddes Belges 37000 Tours', '2006-03-05', 140),
(55, 'NASTIC', 'Jim', '1978-09-15', '0652416396', 'JimTheBest@free.fr', '5 allée des Marshmalow 37000 Tours', '2008-07-13', 141),
(56, 'STAHL', 'Kassandra', '1964-12-09', '0612548796', 'KassanStahl@free.fr', '56 bvd Descartes 37400 Amboise', '1995-01-31', 140),
(57, 'PRUNELLE', 'Léon', '1962-02-18', '0623569874', 'LeonleBourdon37@free.fr', '4 impasse Victor Hugo 37000 Tours', '1985-09-18', 140),
(58, 'VOLÈNE', 'Marcelle', '1960-03-30', '0632659874', 'MarcelLaBelle@free.fr', 'rue Georges Sand 37000 Tours', '1988-07-27', 142),
(60, 'LEJET', 'Octave', '1970-06-08', '0632958475', 'OctovaeLejet@free.fr', '8 rue des Américains 37530 Pocé sur Cisse', '2004-05-31', 141),
(61, 'HADDOCK', 'Archibald', '1967-07-08', '0652655632', 'ArchibaldestDeRetour@free.fr', '8 impasse des Violettes 37000 Tours', '2006-04-17', 140),
(65, 'BLAKE ', 'Francis', '1958-07-09', '0635214879', 'Francis37blake@free.fr', '8 impasse des Tulipes 37000 Tours', '1980-05-23', 140),
(71, 'DE CHAMPIGNAC', 'Pacôme hégésippe', '1961-01-01', '0636623515', 'pacomeHegesippe@free.fr', '16 r Bernard Palissy 37000 Tours', '2000-02-07', 143),
(72, 'MOLLET', 'Valentine', '1962-02-09', '0635759515', 'mollet.valentine@free.fr', '52 rue de la Joconde 37300 Joué les Tours', '1986-08-29', 140),
(73, 'DUPUIS', 'Antoine', '1999-06-08', '0615215351', 'toto37@free.fr', '12 rue des Saules Pleureurs 37000 Tours', '2004-02-21', 140),
(74, 'DUPOND', 'Quentin', '1999-05-02', '0654897569', 'dupondQ@free.fr', '25 rue des Marsouins 37000 Tours', '2004-05-06', 140),
(75, 'BERNARDEAU', 'Matthieu', '2000-04-05', '0645251845', 'mathBer@free.fr', '18 bv des Bleuets 37000 Tours', '2011-12-19', 140),
(76, 'MOREAU', 'Luc', '1999-12-01', '0612131015', 'moreauLuc37@free.fr', '12 impasse des Lilas 37000 Tours', '2010-01-14', 140),
(77, 'BAUDOIN', 'Clément', '2000-10-25', '0652548978', 'baudouin3756@free.fr', '65 rue des Lilas 37000 Tours', '2011-11-23', 140),
(78, 'MORINO', 'Benoit', '2000-12-25', '0645544844', 'benoit37Morino@free.fr', '59 rue des Marronnier 37000 Tours', '2010-01-18', 142),
(79, 'RENAUD', 'Lucie', '1999-08-04', '0685412358', 'lucie.Renaud37@free.fr', '3 impasse des Jonquilles 37000 Tours', '2010-08-28', 140),
(80, 'PROUTAU', 'Louise', '1998-11-15', '0632152545', 'Louise.prouteau25@free.fr', '8 impasse des Tulipes 37000 Tours', '2009-11-22', 140),
(81, 'PANNIER', 'Julie', '2001-05-15', '0632596487', 'pannierJulier369@free.fr', '1 allée Horizon Rouge 37300 Joué Les Tours', '2012-05-16', 141),
(82, 'DELBARD', 'Nathan', '2001-12-12', '0612200112', 'natnat987@free.fr', '3 allée des frênes 37000 Tours', '2012-05-29', 140),
(83, 'LALOU', 'Titouan', '2001-10-28', '0612151215', 'titi3965@free.fr', '1 r Philippe de Levallois 37500 Chinon', '2012-10-10', 139),
(84, 'PERROUD', 'Thibaut', '2000-06-23', '0615487595', 'thibaut987@free.fr', '18 r Joseph Curie 37300 JOUE LES TOURS', '2011-05-10', 141),
(85, 'BRUAND', 'Lucas', '1999-02-09', '0658962146', 'BruandLucas378@free.fr', '8 rue Jules Renard 37000 Tours', '2010-07-11', 140),
(86, 'LACMAN', 'Thomas', '2001-10-12', '0658956847', 'Lamcan32587@free.fr', '9 rue des Villages bretons 37530 Pocé sur Cisse', '2013-06-08', 140),
(87, 'MAMY ', 'Héliot ', '2001-06-08', '0615654585', 'dragon468@free.fr', '42 rue Voltaire 37000 Tours', '2012-02-03', 140),
(88, 'MAQUET', 'Rémi', '2002-05-06', '0635987456', 'sanfamille96@free.fr', '2 rue des Chêns 37000 Tours', '2014-06-30', 140),
(89, 'VERDI', 'Julien', '2000-12-26', '0645985623', 'Verdi.Julien36@free.fr', '3 impasse des Abesses 37000 Tours', '2011-08-30', 140),
(90, 'WIARD ', 'Fabien ', '2000-04-15', '0654326251', 'wiard-juju@free.fr', '8 rue Albert Camus 37000 Tours', '2011-06-22', 140),
(91, 'VERDIER', 'Frederic ', '1998-12-20', '0612111211', 'furax99@free.fr', '56 rue Jules Ferry 37260 Monts', '2010-03-17', 140),
(92, 'VERDIN ', 'Stéfan ', '1999-08-25', '0645548899', 'stefthbest98@free.fr', '8 bis rue Edmond Rostand 37530 Pocé sur Cisse', '2010-12-01', 142),
(93, 'LOUAYER', 'Simon ', '2000-06-15', '0695874595', 'simonLouayer@free.fr', '2 rue de la fontaine 37000 Tours', '2011-07-31', 140),
(94, 'VASET', 'Rémi', '1998-09-27', '0656987458', 'vaset.Remi@free.fr', '9 rue des Alouettes 37260 Monts', '2009-06-02', 140),
(95, 'VALE', 'Cyprien', '1999-04-29', '0632154584', 'Vale37Cyprien98@free.fr', '5 rue Arsène Lupin 37000 Tours', '2009-09-21', 140),
(96, 'MAHEAUT', 'Léo', '2000-08-26', '0632123545', 'LeoBipBip@free.fr', '99 impasse Pierre De La Fontaine 37300 Joué Les Tours', '2011-02-06', 140),
(97, 'PARMENTIER', 'Lilou', '2000-12-04', '0632623568', 'LilouPar34@free.fr', '4 rue Picasso 37000 Tours', '2011-01-22', 140),
(98, 'MAGNIER', 'Maxence', '1999-06-25', '0632587415', 'MaxMagnier@free.fr', '6 impasse Jean Marais 37260 Monts', '2009-06-23', 142),
(99, 'HERVÉ', 'Léa', '2000-05-12', '0635269854', 'HerveLeaLeon@free.fr', '8 rue des Pensées 37000 Tours', '2011-06-30', 140),
(100, 'COL', 'Charlotte', '2000-04-09', '0612154578', 'Chacha37@free.fr', '9 rue Jules et Jim 37000 Tours', '2011-09-21', 140),
(101, 'SUIRE', 'Lucas', '1999-04-16', '0653229987', 'Suire.lucas@free.fr', '65 rue Jean Jaurès 37000 Tours', '2010-09-02', 140),
(102, 'RAVAILLEAU', 'Célia', '1999-02-28', '0656958797', 'Celia.ravailleau@free.fr', '5 rue Albert de Monaco 37260 Monts', '2010-03-23', 140),
(103, 'GRANGE', 'Paul', '2002-12-25', '0696258514', 'Paul.Grange@free.fr', '9 rue Franquin 37530 Pocé sur Cisse', '2014-11-24', 140),
(104, 'LEROY', 'Marie', '1999-12-29', '0656987458', 'Marie698Leroy@free.fr', '57 impasse Dupuis 37000 Tours', '2010-11-07', 140),
(105, 'BABIN ', 'Baptiste ', '1999-02-25', '0648954587', 'BabainTitou@free.fr', '9 impasse Dubreuil 37260 Monts', '2011-03-08', 139),
(107, 'BONDY', 'Amélie', '1985-06-09', '0671753349', 'amélie.bondy@free.fr', '78 rue Parquet 37000 Tours', '2010-03-07', 179),
(108, 'BOUCLET', 'Paul', '1965-12-11', '0621807116', 'bouclet-paul@orange.fr', '52 rue Poterie 37260 Monts', '1989-09-23', 186),
(109, 'BOUTIN', 'Olivier', '1975-06-17', '0662695841', 'boutin802@numericable.fr', '80 chemin Joli 37400 Amboise', '2014-07-27', 174),
(110, 'BONNO', 'Corinne', '1990-02-02', '0651951551', 'blodem37@hotmail.com', '135 place Barbier 37510 BallanMiré', '2013-02-07', 155),
(111, 'BLONDEAU', 'Alain', '1968-04-04', '0677875595', 'alain.blondeau@free.fr', '99 rue René Cassin 37150 Bléré', '2000-02-01', 200),
(112, 'DEMOUSSY', 'Dominique', '1967-01-25', '0652362399', 'denedem2@free.fr', '129 impasse nationale 37170 Chambray lès Tours', '1990-07-23', 148),
(113, 'DENEUX', 'Joelle', '1978-02-16', '0690616110', 'joelle.deneux@free.fr', '2 place Naudières 37500 Chinon', '2000-12-19', 190),
(114, 'GILOT', 'Robert', '1973-10-30', '0653706740', 'gilot-robert@orange.fr', '123 bvd Grands Champs 37300 Joué lès Tours', '1996-06-07', 142),
(115, 'GIBEAUD', 'David', '1972-05-01', '0626699994', 'gibeaud1489@numericable.fr', '14 chemin Cange 37420 Huismes', '2008-10-31', 206),
(116, 'FROGER', 'Nathalie', '1974-04-25', '0626078865', 'cosbey37@hotmail.com', '53 route La Tour 37700 La Ville aux Dames', '2004-11-11', 160),
(117, 'COSTA', 'Diane', '1987-11-10', '0616183338', 'diane.costa@free.fr', '7 bvd Belles Maisons 37520 La Riche', '2008-08-16', 145),
(118, 'BEYNAT', 'Théo', '1969-10-28', '0628369481', 'chaubey89@free.fr', '57 chemin Villandry 37600 Loches', '1998-12-22', 196),
(119, 'CHAUVIGNE', 'Laurence', '1974-04-08', '0617516078', 'laurence.chauvigne@free.fr', '89 route la Tréchandière 37270 Montlouis sur Loire', '1999-07-06', 169),
(120, 'GUESSON', 'Guy', '1961-08-23', '0658615227', 'guesson-guy@orange.fr', '104 rue du Château d\'eau 37250 MontBazon', '1989-10-19', 154),
(121, 'FOUCAULT', 'Pierre', '1988-03-01', '0684319661', 'foucault104101@numericable.fr', '104 impasse de Chinon 37000 Tours', '2011-04-10', 170),
(122, 'ESTRADE', 'Georges', '1969-07-24', '0678319202', 'durdou37@hotmail.com', '95 place du Ruisseau 37400 Amboise', '2003-03-20', 201),
(123, 'DURAND', 'Françoise', '1974-05-23', '0641966394', 'françoise.durand@free.fr', '11 bvd Villeneuve 37150 Bléré', '2012-01-06', 199),
(124, 'DOUCET', 'Christiane', '1972-02-26', '0645195341', 'bodidou101@free.fr', '60 chemin du Haut Belay 37170 Chambray lès Tours', '2011-12-12', 172),
(125, 'BODIN', 'Caroline', '1980-11-26', '0663223413', 'caroline.bodin@free.fr', '101 rue Aristide Briand 37300 Joué lès Tours', '2007-04-21', 146),
(126, 'BOIRON', 'Jacques', '1979-10-16', '0624656106', 'boiron-jacques@orange.fr', '73 route du Plat d\'Etain 37000 Tours', '2005-01-05', 158),
(127, 'BOISTARD', 'Béatrice', '1979-12-27', '0670672730', 'boistard59109@numericable.fr', '59 impasse Sabine de la Panouse 37150 Bléré', '2004-07-18', 187),
(128, 'LAVAIN', 'Lionel', '1968-12-27', '0674967107', 'lejleh37@hotmail.com', '144 rue Fresne 37170 Chambray lès Tours', '1992-11-22', 197),
(129, 'LEJEUNE', 'Jacqueline', '1983-02-19', '0618564690', 'jacqueline.lejeune@free.fr', '88 rue Fontenay 37000 Tours', '2010-10-17', 191),
(130, 'LEHOUX', 'Sophie', '1967-12-24', '0699517015', 'suteleh109@free.fr', '44 chemin des Mesanges 37000 Tours', '2002-07-17', 173),
(131, 'SUTEAU', 'André', '1961-04-10', '0637455970', 'andré.suteau@free.fr', '109 place Gérard Phillipe 37700 La Ville aux Dames', '1985-10-16', 205),
(132, 'SIMON', 'Gilles', '1985-03-22', '0618681773', 'simon-gilles@orange.fr', '147 rue André Anguille 37520 La Riche', '2010-08-20', 152),
(133, 'SELLIER', 'Denis', '1974-01-31', '0679359715', 'sellier10795@numericable.fr', '107 impasse Joseph Bara 37600 Loches', '2011-09-18', 177),
(134, 'PICHARD', 'Claude', '1969-11-13', '0698016638', 'presut37@hotmail.com', '83 place Aubrière 37270 Montlouis sur Loire', '2000-02-25', 188),
(135, 'PREVOST', 'Marc', '1985-02-01', '0675367143', 'marc.prevost@free.fr', '134 bvd Jean Jaurès 37000 Tours', '2010-06-04', 200),
(136, 'SUTEAU', 'Jules', '1975-07-11', '0678380958', 'fovesut95@free.fr', '122 chemin des Ateliers 37000 Tours', '1999-01-16', 185),
(137, 'FOVELLE', 'Louis', '1984-05-04', '0615028272', 'louis.fovelle@free.fr', '95 route Fransisco Ferrer 37000 Tours', '2009-04-13', 145),
(138, 'LEMOINE', 'Nathan', '1974-07-13', '0654696679', 'lemoine-nathan@orange.fr', '107 bvd Stalingrad 37000 Tours', '1994-10-02', 165),
(139, 'LEHOUX', 'Lucien', '1974-09-13', '0651443034', 'lehoux239@numericable.fr', '2 chemin Gabrile Peri 37260 Monts', '2003-02-28', 151),
(140, 'VEZIN', 'Jean', '1973-10-26', '0633838188', 'vermey37@hotmail.com', '126 route Carroi Marin 37400 Amboise', '2009-12-04', 190),
(141, 'VERRIER', 'Romain', '1972-02-13', '0675552428', 'romain.verrier@free.fr', '24 rue desRoches 37510 BallanMiré', '1998-01-24', 171),
(142, 'MEYER', 'Auréien', '1974-07-18', '0661432252', 'meunmey39@free.fr', '105 impasse Clos Girard 37150 Bléré', '2006-02-18', 164),
(143, 'MEUNIER', 'Sévreine', '1976-08-24', '0657024992', 'sévreine.meunier@free.fr', '39 place Bourgs Joli 37170 Chambray lès Tours', '1997-11-02', 173),
(144, 'METIVIR', 'Jean-pierre', '1965-07-09', '0636801595', 'metivir-jean-pierre@orange.fr', '62 bvd Anatole France 37500 Chinon', '2005-02-03', 198),
(145, 'MENOUR', 'Jean-claude', '1988-09-17', '0617820767', 'menour584@numericable.fr', '58 chemin Boisdenier 37300 Joué lès Tours', '2011-09-07', 175),
(146, 'MENS', 'Patrick', '1966-11-03', '0608823329', 'melmed37@hotmail.com', '18 rue des Hirondelles 37420 Huismes', '1991-05-13', 163),
(147, 'MELIN', 'Patrice', '1973-08-18', '0628366121', 'patrice.melin@free.fr', '128 route Paul Langevin 37700 La Ville aux Dames', '2002-05-29', 180),
(148, 'MEDINA', 'William', '1978-05-18', '0677687259', 'mignmed4@free.fr', '30 impasse Pierre bossolette 37520 La Riche', '2007-04-06', 165),
(149, 'MIGNOT', 'Philippe', '1976-02-08', '0651580265', 'philippe.mignot@free.fr', '4 rue André Marteau 37600 Loches', '2011-05-15', 206),
(150, 'MIGUENS', 'Coralie', '1961-05-09', '0653091045', 'miguens-coralie@orange.fr', '129 rue Honoré de Balzac 37270 Montlouis sur Loire', '1999-12-18', 197),
(151, 'METAYER', 'Bernard', '1965-10-31', '0605795046', 'metayer14915@numericable.fr', '149 chemin Marcel Lonquet 37250 MontBazon', '1994-01-13', 185),
(152, 'PASQUIER', 'Franck', '1970-09-08', '0653499839', 'parpar37@hotmail.com', '88 place Aubrière 37000 Tours', '1992-08-31', 167),
(153, 'PARENT', 'Fabrice', '1973-06-19', '0655200420', 'fabrice.parent@free.fr', '134 rue Gambetta 37400 Amboise', '2004-09-19', 164),
(154, 'PARZY', 'Raymond', '1983-05-03', '0667477644', 'ossapar15@free.fr', '11 impasse des Rosiers 37150 Bléré', '2008-08-24', 162),
(155, 'OSSANT', 'John', '1976-06-03', '0645705043', 'john.ossant@free.fr', '15 place des Noisetiers 37170 Chambray lès Tours', '2005-05-16', 202),
(156, 'OTTONE', 'Daniel', '1975-09-27', '0670219745', 'ottone-daniel@orange.fr', '142 bvd Pierre Choisme 37300 Joué lès Tours', '2014-11-03', 194),
(157, 'PAILLAIRD', 'Michel', '1972-09-14', '0670291930', 'paillaird15070@numericable.fr', '150 chemin Paul Louis Courrier 37000 Tours', '1996-11-01', 145),
(158, 'PAIN', 'Benoit', '1980-05-23', '0652395213', 'paipal37@hotmail.com', '46 route Grand Cour 37150 Bléré', '2014-04-15', 181),
(159, 'PAISANT', 'Michelle', '1976-07-21', '0698421466', 'michelle.paisant@free.fr', '104 bvd Eridence 37170 Chambray lès Tours', '2008-08-12', 196),
(160, 'PALADE', 'Virginie', '1981-10-25', '0624025603', 'pancpal70@free.fr', '29 chemin de la Fraternité 37000 Tours', '2006-12-07', 191),
(161, 'PANCHOUT', 'Chantl', '1985-10-13', '0621193902', 'chantl.panchout@free.fr', '70 route des Moulins à Vent 37000 Tours', '2009-03-06', 173),
(162, 'PANDRARD', 'Arnaud', '1971-12-21', '0648940553', 'pandrard-arnaud@orange.fr', '91 rue Nicoleas Lemercier 37700 La Ville aux Dames', '2000-03-05', 181),
(163, 'PAPAULT', 'Damien', '1978-10-02', '0623571253', 'papault74111@numericable.fr', '74 impasse Vaux 37520 La Riche', '2009-08-09', 146),
(164, 'PAPILLON', 'Grégoire', '1967-09-10', '0657180291', 'olipot37@hotmail.com', '1 place du Bois d\'Ajonc 37600 Loches', '1999-11-03', 204),
(165, 'OLIVA', 'Florent', '1965-02-19', '0649031483', 'florent.oliva@free.fr', '110 bvd de la Grande Arche 37270 Montlouis sur Loire', '1996-10-01', 189),
(166, 'POTEVIN', 'Gérard', '1987-12-19', '0657521284', 'pellpot111@free.fr', '124 chemin Remise des Cailles 37000 Tours', '2011-11-22', 189),
(167, 'PELLEN', 'Antony', '1986-10-29', '0676302937', 'antony.pellen@free.fr', '111 rue Gauthier 37000 Tours', '2007-10-13', 166),
(168, 'PRIEUR', 'Émile', '1977-06-23', '0677503938', 'prieur-émile@orange.fr', '139 route des Puits Roches 37000 Tours', '2004-12-31', 139),
(169, 'RULLIER', 'Jonathan', '1965-01-15', '0697556479', 'rullier11362@numericable.fr', '113 impasse du Marché Fleuri 37000 Tours', '1992-03-05', 193),
(170, 'RUOT', 'Antoine', '1967-11-02', '0624579592', 'roysan37@hotmail.com', '86 rue de l\'Académie 37260 Monts', '1991-09-18', 185),
(171, 'ROY', 'Ghislain', '1981-08-06', '0671844674', 'ghislain.roy@free.fr', '82 rue du Collège 37400 Amboise', '2003-09-16', 153),
(172, 'SANCHEZ', 'Manuel', '1982-06-18', '0695304070', 'salvsan62@free.fr', '92 rue de Loudun 37510 BallanMiré', '2002-11-14', 160),
(173, 'SALVAN', 'Edouard', '1968-06-25', '0630063582', 'edouard.salvan@free.fr', '62 chemin de la Maréchaussée 37150 Bléré', '1988-12-13', 188),
(174, 'SAMADA', 'Christophe', '1975-12-01', '0610522035', 'samada-christophe@orange.fr', '125 place des Capucines 37170 Chambray lès Tours', '2002-03-01', 146),
(175, 'SALLIET', 'Cyril', '1989-05-28', '0677633177', 'salliet7882@numericable.fr', '78 rue Coupure du Parc 37500 Chinon', '2012-01-31', 161),
(176, 'SANOUILLET', 'Thomas', '1963-02-17', '0600192365', 'saosar37@hotmail.com', '116 impasse Menuet 37300 Joué lès Tours', '2002-12-29', 143),
(177, 'SAO', 'Lucas', '1964-10-28', '0639884035', 'lucas.sao@free.fr', '49 place du Haut Qinçay 37420 Huismes', '2003-09-15', 178),
(178, 'SARCE', 'Marylène', '1964-08-27', '0605436766', 'sasssar82@free.fr', '129 bvd de la Puce 37700 La Ville aux Dames', '2003-08-18', 187),
(179, 'SASSI', 'Marco', '1981-03-08', '0611649229', 'marco.sassi@free.fr', '82 chemin de la Ramonerie 37520 La Riche', '2002-05-10', 164),
(180, 'RAMEAU', 'Franciane', '1979-07-25', '0656190393', 'rameau-franciane@orange.fr', '64 route de la Barre 37600 Loches', '2009-12-17', 142),
(181, 'RAIGNAUD', 'Jérôme', '1965-09-12', '0614786895', 'raignaud58149@numericable.fr', '58 bvd du Commerce 37270 Montlouis sur Loire', '1998-11-16', 155),
(182, 'RANGER', 'Bernard', '1984-09-30', '0664776457', 'rabren37@hotmail.com', '122 chemin du Vieux Château 37250 MontBazon', '2010-08-06', 173),
(183, 'RABOUIN', 'Sandra', '1989-08-24', '0692256362', 'sandra.rabouin@free.fr', '40 route de la Loire 37000 Tours', '2012-08-21', 148),
(184, 'RENARD', 'Nicolas', '1987-07-21', '0656861902', 'remaren149@free.fr', '120 rue du Docteur Leblied 37400 Amboise', '2006-07-08', 187),
(185, 'REMAUD', 'Stéphane', '1983-12-15', '0613409230', 'stéphane.remaud@free.fr', '149 impasse des Hautes Pelus 37150 Bléré', '2005-06-28', 190),
(186, 'RIDOUARD', 'Harold', '1981-03-26', '0620233061', 'ridouard-harold@orange.fr', '77 place du Château 37170 Chambray lès Tours', '2008-11-25', 167),
(187, 'RICQUIER', 'François', '1967-05-27', '0629623689', 'ricquier70144@numericable.fr', '70 bvd des Marais 37300 Joué lès Tours', '1993-01-13', 204),
(188, 'RINSANT', 'Frédéric', '1962-03-24', '0660861277', 'rivriv37@hotmail.com', '82 chemin de la Morandière 37000 Tours', '1995-09-22', 185),
(189, 'RIVAL', 'Jacques', '1971-07-11', '0693901454', 'jacques.rival@free.fr', '147 rue de la Croix Marie 37150 Bléré', '1997-08-15', 176),
(190, 'RIVERY', 'Jean', '1977-08-31', '0681948079', 'sabariv144@free.fr', '116 route Bois Rivière 37170 Chambray lès Tours', '2004-12-14', 143),
(191, 'SABATIER', 'Pascal', '1969-06-15', '0641911314', 'pascal.sabatier@free.fr', '144 impasse de Richelieu 37000 Tours', '2008-12-13', 197),
(192, 'ROZET', 'Ludovic', '1965-11-01', '0645880325', 'rozet-ludovic@orange.fr', '114 rue des Caves 37000 Tours', '2000-09-09', 175),
(193, 'QUESNEY', 'Gabriel', '1962-06-01', '0660735920', 'quesney104125@numericable.fr', '104 rue des Ecoles 37700 La Ville aux Dames', '2000-02-09', 179),
(194, 'TESSIER', 'Bastien', '1961-05-29', '0696746910', 'texseg37@hotmail.com', '129 chemin de la Glacière 37520 La Riche', '1995-06-06', 197),
(195, 'TEXIER', 'Loïc', '1969-10-24', '0694376800', 'loïc.texier@free.fr', '116 place des Basses Rivières 37600 Loches', '1990-02-27', 165),
(196, 'SEGUINET', 'Gérald', '1972-01-27', '0662188773', 'wagnseg125@free.fr', '137 rue Basse Livornière 37270 Montlouis sur Loire', '1996-04-14', 144),
(197, 'WAGNER', 'Florian', '1984-06-27', '0611364943', 'florian.wagner@free.fr', '125 impasse de la Volière 37000 Tours', '2006-09-19', 170),
(198, 'WEBER', 'Christiane', '1973-11-01', '0697299646', 'weber-christiane@orange.fr', '36 place du Grand Boulay 37000 Tours', '2011-01-17', 185),
(199, 'WOLF', 'Gaëlle', '1962-08-19', '0665092292', 'wolf9834@numericable.fr', '98 bvd de Rochefort 37000 Tours', '1982-09-28', 197),
(200, 'ZOUGHAR', 'Martine', '1989-11-19', '0614439896', 'zenaka37@hotmail.com', '19 chemin des Jonquilles 37000 Tours', '2013-10-20', 189),
(201, 'ZENNIR', 'Anne-lise', '1961-01-30', '0697764238', 'anne-lise.zennir@free.fr', '10 route du Sénateur Belle 37000 Tours', '1986-01-22', 142),
(202, 'AKA', 'Samuel', '1985-12-18', '0606530719', 'voisaka34@free.fr', '66 bvd Auguste Renoir 37000 Tours', '2008-10-18', 165),
(203, 'VOISIN', 'Guillaume', '1981-04-21', '0608904481', 'guillaume.voisin@free.fr', '34 chemin Jules Romain 37000 Tours', '2009-01-07', 147),
(204, 'VIOUX', 'Brigitte', '1985-07-21', '0639765443', 'vioux-brigitte@orange.fr', '78 route de Verdun 37000 Tours', '2008-04-03', 164),
(205, 'BUCHET', 'Armel', '1982-11-29', '0697100818', 'Buchet145@numericable.fr', '145 rue NelsonMandela 37000 Tours', '2004-09-09', 185);

-- --------------------------------------------------------

--
-- Structure de la table `posseder_niveau`
--

CREATE TABLE `posseder_niveau` (
  `prof_id` int(11) NOT NULL,
  `niveau_code` varchar(10) NOT NULL,
  `date_obtention` date NOT NULL,
  `specialite_code` varchar(4) NOT NULL
) ENGINE=InnoDB DEFAULT CHARSET=utf8;

--
-- Contenu de la table `posseder_niveau`
--

INSERT INTO `posseder_niveau` (`prof_id`, `niveau_code`, `date_obtention`, `specialite_code`) VALUES
(1, '1', '1982-04-20', 'CAN'),
(1, '1', '1982-10-17', 'SDE'),
(1, '2', '1983-11-08', 'SDE'),
(1, '3', '1985-02-06', 'SDE'),
(2, '1', '2009-12-26', 'CYN'),
(2, '1', '2012-02-25', 'SAV'),
(2, '2', '2011-01-09', 'CYN'),
(3, '1', '2000-10-28', 'IMP'),
(3, '1', '2001-12-01', 'RAD'),
(5, '1', '2010-05-15', 'IMP'),
(5, '1', '1999-01-06', 'RCH'),
(5, '2', '2000-04-08', 'RCH'),
(5, '3', '2002-02-24', 'RCH'),
(5, '4', '2000-05-16', 'RCH'),
(7, '1', '2009-07-12', 'CYN'),
(7, '1', '2010-05-06', 'SAV'),
(8, '1', '1989-12-11', 'IMP'),
(8, '1', '1995-07-20', 'RAD'),
(8, '2', '1991-05-15', 'IMP'),
(8, '3', '1993-03-25', 'IMP'),
(10, '1', '2007-11-16', 'IMP'),
(10, '1', '2008-01-25', 'RCH'),
(11, '1', '2012-04-27', 'CAN'),
(11, '1', '2012-10-12', 'SDE'),
(13, '1', '1996-01-24', 'CYN'),
(13, '1', '1995-11-25', 'SAV'),
(13, '2', '1998-09-24', 'CYN'),
(13, '2', '1997-07-15', 'SAV'),
(13, '3', '1999-06-02', 'SAV'),
(21, '1', '2004-12-13', 'IMP'),
(21, '1', '2006-12-01', 'SAV'),
(23, '1', '2005-08-29', 'RAD'),
(23, '2', '2006-12-31', 'RAD'),
(24, '1', '1993-12-26', 'CAN'),
(24, '1', '1995-05-08', 'RCH'),
(38, '1', '2004-03-16', 'IMP'),
(38, '1', '2007-02-25', 'SDE'),
(38, '2', '2005-07-18', 'IMP'),
(38, '2', '2007-12-11', 'SDE'),
(42, '1', '1999-09-19', 'RCH'),
(42, '2', '2001-04-09', 'RCH'),
(43, '1', '1996-08-11', 'RAD'),
(43, '1', '1997-08-15', 'SDE'),
(44, '1', '1996-10-25', 'CYN'),
(44, '2', '1997-12-09', 'CYN'),
(50, '1', '1991-08-13', 'IMP'),
(50, '1', '1992-08-01', 'SDE'),
(51, '1', '2004-09-25', 'CAN'),
(51, '1', '2006-01-13', 'SAV'),
(53, '1', '2002-02-22', 'RCH'),
(53, '2', '2003-03-18', 'RCH'),
(55, '1', '2009-10-15', 'CYN'),
(55, '1', '2012-01-23', 'SAV'),
(55, '2', '2011-01-10', 'CYN'),
(55, '2', '2013-02-15', 'SAV'),
(55, '3', '2014-03-21', 'SAV');

-- --------------------------------------------------------

--
-- Structure de la table `postuler_niveau`
--

CREATE TABLE `postuler_niveau` (
  `prof_id` int(11) NOT NULL,
  `niveau_code` varchar(10) NOT NULL,
  `date_demande` date NOT NULL,
  `specialite_code` varchar(4) NOT NULL
) ENGINE=InnoDB DEFAULT CHARSET=utf8;

--
-- Contenu de la table `postuler_niveau`
--

INSERT INTO `postuler_niveau` (`prof_id`, `niveau_code`, `date_demande`, `specialite_code`) VALUES
(1, '1', '2014-11-28', 'CYN'),
(1, '1', '2014-10-10', 'RAD'),
(2, '2', '2014-09-02', 'SAV'),
(3, '2', '2014-08-04', 'IMP'),
(3, '2', '2015-02-11', 'RAD'),
(7, '1', '2014-10-14', 'RCH'),
(7, '2', '2014-11-18', 'CYN'),
(7, '2', '2015-01-25', 'SAV'),
(8, '1', '2014-08-06', 'CAN'),
(8, '2', '2014-07-23', 'RAD'),
(10, '1', '2015-02-17', 'RAD'),
(10, '2', '2015-01-08', 'IMP'),
(10, '2', '2014-08-05', 'RCH'),
(13, '1', '2014-07-11', 'IMP'),
(13, '1', '2015-02-04', 'RAD'),
(21, '2', '2014-07-19', 'IMP'),
(21, '2', '2014-08-17', 'SAV'),
(23, '1', '2014-08-14', 'SDE'),
(23, '2', '2014-10-25', 'RAD'),
(23, '3', '2014-07-29', 'RAD'),
(24, '1', '2014-09-04', 'RAD'),
(24, '1', '2015-01-15', 'SDE'),
(38, '1', '2014-10-13', 'RCH'),
(38, '3', '2015-02-20', 'IMP'),
(38, '3', '2015-01-07', 'SDE'),
(42, '2', '2014-07-11', 'RAD'),
(42, '2', '2014-12-15', 'SDE'),
(42, '3', '2015-02-24', 'RCH'),
(50, '1', '2014-08-05', 'RAD'),
(50, '2', '2015-01-18', 'IMP'),
(50, '2', '2014-09-08', 'SDE'),
(51, '1', '2015-02-08', 'SDE'),
(51, '2', '2014-08-16', 'SAV'),
(53, '1', '2014-11-02', 'CYN'),
(53, '1', '2015-01-22', 'SAV'),
(53, '3', '2014-09-23', 'RCH'),
(55, '1', '2014-09-04', 'SDE');

-- --------------------------------------------------------

--
-- Structure de la table `prevoir_sinistre_engin`
--

CREATE TABLE `prevoir_sinistre_engin` (
  `sinistre_code` varchar(30) NOT NULL,
  `engin_code` varchar(5) NOT NULL,
  `nb_prevu` int(11) NOT NULL
) ENGINE=InnoDB DEFAULT CHARSET=utf8;

--
-- Contenu de la table `prevoir_sinistre_engin`
--

INSERT INTO `prevoir_sinistre_engin` (`sinistre_code`, `engin_code`, `nb_prevu`) VALUES
('ACCIDENT 2 ROUES', 'VLCG', 1),
('ACCIDENT 2 ROUES', 'VSAV', 1),
('ACCIDENT 2 ROUES', 'VSR', 1),
('ACCIDENT AÉRIEN', 'EPA', 1),
('ACCIDENT AÉRIEN', 'FPT', 1),
('ACCIDENT AÉRIEN', 'VLCG', 1),
('ACCIDENT AÉRIEN', 'VSAV', 3),
('ACCIDENT AÉRIEN', 'VSR', 1),
('ALERTE BOMBE / COLIS SUSPECT', 'FPT', 1),
('ALERTE BOMBE / COLIS SUSPECT', 'VLCG', 1),
('ALERTE BOMBE / COLIS SUSPECT', 'VSAV', 1),
('ASCENSEUR BLOQUÉ', 'FS', 1),
('AUTRES PETITS FEUX', 'VPSI', 1),
('AVP', 'VLCG', 1),
('AVP', 'VSAV', 1),
('AVP', 'VSR', 1),
('AVP AVEC DÉSINCARCÉRATION', 'FPT', 1),
('AVP AVEC DÉSINCARCÉRATION', 'VLCG', 1),
('AVP AVEC DÉSINCARCÉRATION', 'VSAV', 1),
('AVP AVEC DÉSINCARCÉRATION', 'VSR', 1),
('AVP AVEC TMD', 'CCGC', 1),
('AVP AVEC TMD', 'FPT', 1),
('AVP AVEC TMD', 'VLCG', 1),
('AVP AVEC TMD', 'VSAV', 1),
('AVP AVEC TMD', 'VSR', 1),
('BÂCHAGE', 'FS', 1),
('BRANCARDAGE', 'FS', 1),
('CARENCE DE MOYENS PRIVÉS', 'VSAV', 1),
('DÉCLENCHEMENT ALARME INCENDIE', 'FPT', 1),
('DÉGAGEMENT / PROTECTION VP', 'FS', 1),
('DESTRUCTION NDG', 'FS', 1),
('ÉPUISEMENT DE LOCAUX', 'FS', 1),
('FEU BENNE / POUBELLE / DÉTRITU', 'VPSI', 1),
('FEU DANS ERP', 'EPA', 1),
('FEU DANS ERP', 'FPT', 1),
('FEU DANS ERP', 'VLCG', 1),
('FEU DANS ERP', 'VSAV', 1),
('FEU DANS HABITATION', 'EPA', 1),
('FEU DANS HABITATION', 'FPT', 1),
('FEU DANS HABITATION', 'VLCG', 1),
('FEU DE BROUSSAILLES / ARBRES', 'CCFL', 1),
('FEU DE CHEMINÉE / POELE A MAZO', 'VPSI', 1),
('FEU DE FORÊT', 'CCFM', 2),
('FEU DE FORÊT', 'VLHR', 1),
('FEU DE PAILLE / FOIN', 'CCFL', 1),
('FEU DE PL / ENGIN AGRICOLE', 'CCGC', 1),
('FEU DE PL / ENGIN AGRICOLE', 'FPT', 1),
('FEU ÉTABLISSEMENT INDUSTRIEL', 'EPA', 1),
('FEU ÉTABLISSEMENT INDUSTRIEL', 'FPT', 2),
('FEU ÉTABLISSEMENT INDUSTRIEL', 'VLCG', 1),
('FEU INSTALLATION ÉLECTRIQUE', 'FPT', 1),
('FEU INSTALLATION ÉLECTRIQUE', 'VLCG', 1),
('FEU PARKING SOUTERRAIN', 'EPA', 1),
('FEU PARKING SOUTERRAIN', 'FEV', 1),
('FEU PARKING SOUTERRAIN', 'FPT', 2),
('FEU PARKING SOUTERRAIN', 'VAR', 1),
('FEU PARKING SOUTERRAIN', 'VLCG', 1),
('FEU VL / 2 ROUES', 'VPSI', 1),
('FUITE D\'EAU', 'FS', 1),
('INTERVENTION RAD', 'VICR', 1),
('INTERVENTION RCH', 'CMIC', 1),
('INTERVENTION RCH', 'FPT', 1),
('INTERVENTION RCH', 'FPTGC', 1),
('INTERVENTION RCH', 'VLCG', 1),
('INTERVENTION RCH', 'VRCH', 1),
('OPÉRATION INC/ACR BATEAU', 'CSL', 1),
('OPÉRATION INC/ACR BATEAU', 'EPA', 1),
('OPÉRATION INC/ACR BATEAU', 'FPT', 1),
('OPÉRATION INC/ACR BATEAU', 'VLCG', 1),
('OPÉRATION INC/ACR BATEAU', 'VPL', 1),
('OPÉRATION INC/ACR BATEAU', 'VSAV', 1),
('OPÉRATION INC/ACR TRAIN/TRAM', 'FPT', 1),
('OPÉRATION INC/ACR TRAIN/TRAM', 'VLCG', 1),
('OPÉRATION INC/ACR TRAIN/TRAM', 'VSAV', 1),
('OPÉRATION INC/ACR TRAIN/TRAM', 'VSR', 1),
('PIÉTON RENVERSÉ', 'VLCG', 1),
('PIÉTON RENVERSÉ', 'VSAV', 1),
('PIÉTON RENVERSÉ', 'VSR', 1),
('POLLUTION HYDROCARBURES', 'FS', 1),
('POLLUTION HYDROCARBURES', 'VLCG', 1),
('PROCÉDURE GAZ CLASSIQUE', 'FPT', 1),
('PROCÉDURE GAZ CLASSIQUE', 'VLCG', 1),
('PROCÉDURE GAZ RENFORCÉE', 'FPT', 2),
('PROCÉDURE GAZ RENFORCÉE', 'PC', 1),
('PROCÉDURE GAZ RENFORCÉE', 'VLCG', 4),
('PROCÉDURE GAZ RENFORCÉE', 'VSAV', 1),
('RELEVAGE', 'VSAV', 1),
('SAP DOMICILE AVEC UV', 'VSAV', 1),
('SAP DOMICILE OUVERTURE DE PORT', 'FS', 1),
('SAP DOMICILE OUVERTURE DE PORT', 'VLCG', 1),
('SAP DOMICILE OUVERTURE DE PORT', 'VSAV', 1),
('SAP LIEU DE TRAVAIL AVEC UV', 'VSAV', 1),
('SAP LIEU DE TRAVAIL SANS UV', 'VSAV', 1),
('SAP MILIEU AQUATIQUE', 'CSL', 1),
('SAP MILIEU AQUATIQUE', 'VLCG', 1),
('SAP MILIEU AQUATIQUE', 'VPL', 1),
('SAP MILIEU AQUATIQUE', 'VSAV', 1),
('SAP SPORT AVEC UV', 'VSAV', 1),
('SAP SPORT SANS UV', 'VSAV', 1),
('SAP VP / LP AVEC UV', 'VSAV', 1),
('SAP VP / LP SANS UV', 'VSAV', 1),
('SECOURS / CAPTURE ANIMAL', 'FS', 1),
('SUSPICION INTOX CO', 'FPT', 1),
('SUSPICION INTOX CO', 'VLCG', 1),
('SUSPICION INTOX CO', 'VSAV', 1);

-- --------------------------------------------------------

--
-- Structure de la table `professionnel`
--

CREATE TABLE `professionnel` (
  `id_prof` int(11) NOT NULL,
  `indice_prof` int(5) NOT NULL,
  `grade_code` varchar(6) NOT NULL
) ENGINE=InnoDB DEFAULT CHARSET=utf8;

--
-- Contenu de la table `professionnel`
--

INSERT INTO `professionnel` (`id_prof`, `indice_prof`, `grade_code`) VALUES
(1, 500, 'PCAPIT'),
(2, 380, 'PCAPCH'),
(3, 480, 'PCAPCH'),
(5, 580, 'PCAPIT'),
(7, 440, 'PLIHCL'),
(8, 290, 'PSRGEN'),
(10, 322, 'PSAPPR'),
(11, 251, 'PSRGEN'),
(13, 410, 'PCAPCH'),
(21, 422, 'PSRGCH'),
(23, 520, 'PCAPCH'),
(24, 299, 'PSRGEN'),
(38, 440, 'PLIHCL'),
(42, 380, 'PSRGEN'),
(43, 480, 'PCAPCH'),
(44, 580, 'PCAPIT'),
(50, 469, 'PCAPIT'),
(51, 298, 'PSRGEN'),
(53, 625, 'PCOLON'),
(55, 689, 'PCOLON');

-- --------------------------------------------------------

--
-- Structure de la table `reclamer`
--

CREATE TABLE `reclamer` (
  `niveau_code` varchar(10) NOT NULL,
  `type_code` varchar(5) NOT NULL,
  `specialite_code` varchar(4) NOT NULL
) ENGINE=InnoDB DEFAULT CHARSET=utf8;

-- --------------------------------------------------------

--
-- Structure de la table `sinistre`
--

CREATE TABLE `sinistre` (
  `code_sinistre` varchar(30) NOT NULL,
  `libelle_sinistre` varchar(200) NOT NULL,
  `sinistre_type` varchar(5) NOT NULL
) ENGINE=InnoDB DEFAULT CHARSET=utf8;

--
-- Contenu de la table `sinistre`
--

INSERT INTO `sinistre` (`code_sinistre`, `libelle_sinistre`, `sinistre_type`) VALUES
('ACCIDENT 2 ROUES', 'Concerne les accidents impliquant un 2 roues,  même une chute seule que se soit en vélo ou en moto', 'ACCID'),
('ACCIDENT AÉRIEN', 'Concerne les chutes d\'avion,  d\'ULM,  etc… ', 'ACCID'),
('ALERTE BOMBE / COLIS SUSPECT', 'Concerne une alerte à la bombe', 'TECHN'),
('ASCENSEUR BLOQUÉ', 'Concerne les personnes qui sont bloquées dans un ascenseur sans crise ou malaise', 'OPDIV'),
('AUTRES PETITS FEUX', 'Concerne des petits feux', 'INCEN'),
('AVP', 'Concerne tous les accidents n\'impliquant pas de PL transportant des matières dangereuses,  de deux roues,  ou de personnes incarcérées', 'ACCID'),
('AVP AVEC DESINCARCERATION', 'Concerne tous les accidents avec au moins une victime incarcérée', 'ACCID'),
('AVP AVEC TMD', 'Concerne les accidents impliquant un véhicule qui transporte des matières dangereuses', 'ACCID'),
('BÂCHAGE', 'Concerne les interventions de bâchage du aux intempéries', 'OPDIV'),
('BRANCARDAGE', ' Ce code sinistre est à utiliser pour les aides au brancardage demandé par les ambulances privés qui sont sur places', 'SECPE'),
('CARENCE DE MOYENS PRIVÉS', ' Les interventions à domicile où il ni y a pas d\'urgence vitale ne font pas parties des missions sapeurs-pompiers', 'SECPE'),
('DÉCLENCHEMENT ALARME INCENDIE', 'Concerne les déclenchements d\'alarme incendie', 'INCEN'),
('DÉGAGEMENT / PROTECTION VP', 'Concerne les interventions posant un problème sur la voie publique', 'OPDIV'),
('DESTRUCTION NDG', 'Concerne la destruction de nid de guêpes et de frelons', 'OPDIV'),
('ÉPUISEMENT DE LOCAUX', 'Concerne les interventions de pompage d\'une cause naturelle', 'OPDIV'),
('FEU BENNE / POUBELLE / DÉTRITU', 'Concerne les feux de détritus et de poubelle à l\'extérieur', 'INCEN'),
('FEU DANS ERP', 'Concerne tous les débuts d\'incendies dans des Établissements Recevant du Public', 'INCEN'),
('FEU DANS HABITATION', 'Pour tout début de feux dans une habitation (maison ou immeuble)', 'INCEN'),
('FEU DE BROUSSAILLES / ARBRES', 'Concerne les feux de broussailles,  d\'arbres,  de buissons si pas de risque de propagation à un bâtiment', 'INCEN'),
('FEU DE CHEMINÉE / POELE A MAZO', 'Concerne les feux qui sont contenus dans le conduit de cheminée', 'INCEN'),
('FEU DE FORÊT', 'Concerne les feux de forêt', 'INCEN'),
('FEU DE PAILLE / FOIN', 'Concerne les feux de champ,  de paille ou foin à l\'extérieur', 'INCEN'),
('FEU DE PL / ENGIN AGRICOLE', 'Concerne les feux de poids lourds transportant des matières dangereuses ou non et des engins agricoles', 'INCEN'),
('FEU ÉTABLISSEMENT INDUSTRIEL', 'Concerne les incendies dans les usines', 'INCEN'),
('FEU INSTALLATION ÉLECTRIQUE', 'Concerne des feux de coffret électrique à l\'extérieur,  ou de câbles électriques,  ou de dégagement de fumée de panneau publicitaire électrique,  ou enseigne lumineuse,  etc', 'INCEN'),
('FEU PARKING SOUTERRAIN', 'Concerne tout début d\'incendie ou dégagement de fumée dans un parking souterrain', 'INCEN'),
('FEU VL / 2 ROUES', 'Concerne tous les feux de voitures et de 2 roues (Scooter,  moto,  etc…) qui sont en plein air sans risque de propagation à des bâtiments', 'INCEN'),
('FUITE D\'EAU', 'Concerne toutes les interventions non liées aux conditions météos', 'OPDIV'),
('INTERVENTION RAD', 'Concerne les interventions à caractère radiologiques', 'TECHN'),
('INTERVENTION RCH', 'Concerne les interventions à caractère chimiques ou technologiques', 'TECHN'),
('OPÉRATION INC/ACR BATEAU', 'Concerne les interventions pour accident ou feux de bateaux', 'ACCID'),
('OPÉRATION INC/ACR TRAIN/TRAM', 'Concerne les accidents impliquant un train ou un tram', 'ACCID'),
('PIÉTON RENVERSÉ', 'Concerne les interventions où une personne se fait renversée', 'ACCID'),
('POLLUTION HYDROCARBURES', 'Concerne les interventions de pollutions', 'TECHN'),
('PROCÉDURE GAZ CLASSIQUE', 'Concerne toutes les fuites de gaz sans sifflements ni projections', 'TECHN'),
('PROCÉDURE GAZ RENFORCÉE', 'Concerne les fuites de gaz avec sifflement,  projections,  forte odeur,  etc', 'TECHN'),
('RELEVAGE', ' Ce code sinistre est à utiliser pour les personnes allongées chez elles à domicile et qui n\'arrivent pas à se relever,  à la seule condition que l\'équipage du VSAV puisse entrer dans le logement par ', 'SECPE'),
('RÉQUISITION', 'Concerne une demande des autorités', 'OPDIV'),
('SAP DOMICILE AVEC UV', ' Il s\'agit de toutes les interventions qui se passent à domicile avec une urgence vitale', 'SECPE'),
('SAP DOMICILE OUVERTURE DE PORT', ' Ce code sinistre concerne tous les secours à personne nécessitant une ouverture de porte', 'SECPE'),
('SAP LIEU DE TRAVAIL AVEC UV', ' Il s\'agit de toutes interventions qui se situent sur un lieu de travail avec urgence vitale', 'SECPE'),
('SAP LIEU DE TRAVAIL SANS UV', ' Il s\'agit de toutes interventions qui se situent sur un lieu de travail sans urgence vitale', 'SECPE'),
('SAP MILIEU AQUATIQUE', ' Ce code sinistre est à utiliser uniquement quand des personnes sont en difficultés dans l\'eau', 'SECPE'),
('SAP SPORT AVEC UV', ' Comme son nom l\'indique,  il s\'agit des interventions où une personne se blesse lors de la pratique d\'un sport avec urgence vitale', 'SECPE'),
('SAP SPORT SANS UV', ' Comme son nom l\'indique,  il s\'agit des interventions où une personne se blesse lors de la pratique d\'un sport sans urgence vitale', 'SECPE'),
('SAP VP / LP AVEC UV', 'Il s\'agit des interventions sur la voie publique ou dans les lieux qui reçoivent du publics avec une urgence vitale', 'SECPE'),
('SAP VP / LP SANS UV', ' Il s\'agit des interventions sur la voie publique ou dans les lieux qui reçoivent du publics sans urgence vitale', 'SECPE'),
('SECOURS / CAPTURE ANIMAL', 'Concerne les interventions qui concernent les animaux en divagations ou blessés', 'OPDIV'),
('SUSPICION INTOX CO', ' Concerne les malaises de plusieurs personnes à domicile ou dans un lieu public', 'SECPE');

-- --------------------------------------------------------

--
-- Structure de la table `specialite`
--

CREATE TABLE `specialite` (
  `code_specialite` varchar(4) NOT NULL,
  `libelle_specialite` varchar(100) NOT NULL
) ENGINE=InnoDB DEFAULT CHARSET=utf8;

--
-- Contenu de la table `specialite`
--

INSERT INTO `specialite` (`code_specialite`, `libelle_specialite`) VALUES
('CAN', 'secours en canyon'),
('COD', 'conduite'),
('CYN', 'cynotechnie'),
('FDF', 'feux de forêt'),
('IMP', 'les interventions en milieu périlleux '),
('ISS', 'intervention en milieux souterrains'),
('PSE', 'Premiers secours en équipe'),
('RAD', 'risques radiologiques'),
('RCH', 'risques chimiques et biologiques'),
('SAV', 'sauvetage aquatique'),
('SDE', 'sauvetage déblaiement'),
('SMO', 'secours en montagne');

-- --------------------------------------------------------

--
-- Structure de la table `tranche`
--

CREATE TABLE `tranche` (
  `id_tranche` int(11) NOT NULL,
  `libelle_tranche` varchar(50) NOT NULL
) ENGINE=InnoDB DEFAULT CHARSET=utf8;

--
-- Contenu de la table `tranche`
--

INSERT INTO `tranche` (`id_tranche`, `libelle_tranche`) VALUES
(1, 'Nuit'),
(2, 'Matinée'),
(3, 'Après-midi'),
(4, 'Soirée'),
(5, 'Jours'),
(6, 'Nuits');

-- --------------------------------------------------------

--
-- Structure de la table `typecaserne`
--

CREATE TABLE `typecaserne` (
  `code_type_caserne` varchar(5) NOT NULL,
  `libelle_type_caserne` varchar(200) NOT NULL
) ENGINE=InnoDB DEFAULT CHARSET=utf8;

--
-- Contenu de la table `typecaserne`
--

INSERT INTO `typecaserne` (`code_type_caserne`, `libelle_type_caserne`) VALUES
('CPI', 'Centre de première intervention'),
('CS', 'Centre de secours'),
('CSP', 'Centre de secours principaux ');

-- --------------------------------------------------------

--
-- Structure de la table `typeengin`
--

CREATE TABLE `typeengin` (
  `code_type_engin` varchar(5) NOT NULL,
  `libelle_type_engin` varchar(100) NOT NULL
) ENGINE=InnoDB DEFAULT CHARSET=utf8;

--
-- Contenu de la table `typeengin`
--

INSERT INTO `typeengin` (`code_type_engin`, `libelle_type_engin`) VALUES
('AR', 'Ambulance de réanimation'),
('ASSU', 'Ambulance de soin et de secours d\'urgence'),
('BEA', 'Bras élévateur articulé'),
('CA', 'Camion d\'accompagnement'),
('CB', 'Camion benne'),
('CBL', 'Camion benne léger'),
('CCFL', 'Camion citerne feux de forêts léger'),
('CCFM', 'Camion citerne feux de forêts moyen'),
('CCFS', 'Camion citerne feux de forêts super'),
('CCGC', 'Camion citerne grande capacité'),
('CCI', 'Camion citerne incendie'),
('CCR', 'Camion citerne rural'),
('CD', 'Camion de désincarcération'),
('CDE', 'Camion de désincarcération et éclairage'),
('CDHR', 'Camion dévidoir hors route'),
('CECO', 'Camion école'),
('CEDV', 'Cellule d\'éclairage dénoyage ventilation'),
('CEL', 'Camion d\'éclairage lourd'),
('CESD', 'Camion d\'étaiement et de sauvetage déblaiement'),
('CG', 'Camion grue'),
('CIM', 'Camion d\'incendie en montagne'),
('CMH', 'Caisson mobile hyperbare'),
('CMIC', 'Cellule mobile d\'intervention chimique'),
('CPB', 'Camion porte-barrage'),
('CRAC', 'Camionnette de réserve d\'air comprimé'),
('CSL', 'Canot de sauvetage léger'),
('CSO', 'Camion de soutien opérationnel'),
('CSP', 'Camionnette soutien de plongée'),
('DEP', 'Dépanneuse'),
('EATT', 'Échelle automatique tout terrain'),
('ECOL', 'Véhicule école'),
('EPA', 'Échelle pivotante automatique'),
('EPAC', 'Échelle pivotante à action combinée'),
('EPAN', 'Échelle pivotante automatique à nacelle'),
('EPAS', 'Échelle pivotante automatique séquentielle'),
('EPSA', 'Échelle pivotante semi-automatique'),
('ESP', 'Échelle sur porteur'),
('FA', 'Fourgon d\'appui'),
('FE', 'Fourgon d\'évacuation'),
('FEV', 'Fourgon Electro-Ventilateur'),
('FM', 'Fourgon mixte'),
('FMoGP', 'Fourgon mousse grande puissance'),
('FP', 'Fourgon pompe'),
('FPRM', 'Fourgon producteur de mousse'),
('FPT', 'Fourgon pompe-tonne'),
('FPTGC', 'Fourgon pompe-tonne grande capacité'),
('FPTL', 'Fourgon pompe-tonne léger'),
('FS', 'Fourgon secours'),
('FST', 'Fourgon de secours technique'),
('GPD', 'Grande puissance dévidoir'),
('GREP', 'Véhicule des équipes GREP/GRIMP'),
('HBE', 'Hélicoptère bombardier d\'eau'),
('LMR', 'Lance à mousse remorquable'),
('MPR', 'Motopompe remorquable'),
('MPS', 'Moto de premiers secours'),
('PC', 'Véhicule poste de commandement'),
('PE', 'Porteur d\'échelle'),
('PEV', 'Fourgon de protection d\'éclairage et de ventilation'),
('PR', 'Fourgon de protection'),
('PRM', 'Producteur de mousse'),
('PS', 'Premier secours'),
('PSE', 'Premier secours évacuation'),
('PSM', 'Premier-secours mousse'),
('PSR', 'Premier secours relevage'),
('PST', 'Premier secours tonne'),
('SIS', 'Spécialiste intervention subaquatique'),
('SP', 'Véhicule de servitude'),
('SPCT', 'Camion de transport'),
('SPF', 'Fourgonnette'),
('SPM', 'Moto'),
('SPP', 'Véhicule personnalité'),
('SPT', 'Véhicule tracteur'),
('SPVL', 'Véhicule de liaison'),
('UMH', 'Unité mobile hospitalière'),
('VAG', 'Véhicule d\'appui GREP'),
('VAL', 'Véhicule d\'appui logistique'),
('VAR', 'Véhicule d\'assistance respiratoire'),
('VAS', 'Véhicule accompagnement santé'),
('VATI', 'Véhicule d\'appui télécommunications et informatique'),
('VEC', 'Véhicule des équipes cynotechniques'),
('VEII', 'Véhicule équipe d\'intervention image'),
('VES', 'Véhicule d\'évacuation sanitaire'),
('VG', 'Véhicule ange gardien'),
('VGRIM', 'Véhicule du groupe de reconnaissance et d\'intervention en milieu périlleux'),
('VICR', 'Véhicule d\'Intervention Chimique et Radiologique'),
('VID', 'Véhicule d\'interventions diverses'),
('VIGI', 'Véhicule intervention grande intempérie'),
('VIRT', 'Véhicule d\'intervention risques technologiques'),
('VIVP', 'Véhicule d\'intervention de voie publique'),
('VL', 'Véhicule léger'),
('VLCG', 'Véhicule de liaison chef de groupe'),
('VLHR', 'Véhicule de liaison hors route'),
('VLI', 'Véhicule de liaison'),
('VLIS', 'Véhicule léger d\'intervention et de secours'),
('VLOD', 'Véhicule léger d\'opérations diverses'),
('VLTT', 'Véhicule de liaison tout-terrain'),
('VM', 'Véhicule mousse'),
('VPB', 'Véhicule porte-berce'),
('VPC', 'Véhicule poste de commandement'),
('VPCC', 'Véhicule poste de commandement du chef de colonne'),
('VPCE', 'Véhicule porte-cellule'),
('VPI', 'Véhicule de première intervention'),
('VPIL', 'Véhicule de première intervention léger'),
('VPL', 'Véhicule plongeur'),
('VPS', 'Véhicule de premiers secours'),
('VPSC', 'Véhicule de protection et de sécurité'),
('VPSI', 'Véhicule premiers secours d\'incendie'),
('VRCH', 'Véhicule radiologique et chimique'),
('VRM', 'Véhicule radio-médicalisé'),
('VSAV', 'Véhicule de secours et d\'assistance aux victimes'),
('VSC', 'Véhicule de soutien cynotechnique'),
('VSH', 'Véhicule de soutien homme'),
('VSI', 'Véhicule de sécurité incendie'),
('VSR', 'Véhicule de secours routier'),
('VSR R', 'Véhicule de secours routier en ravin'),
('VTCOM', 'Véhicule technique commando'),
('VTP', 'Véhicule transport de personnel'),
('VTU', 'Véhicule tout usage');

-- --------------------------------------------------------

--
-- Structure de la table `typesinistre`
--

CREATE TABLE `typesinistre` (
  `code_type_sinistre` varchar(5) NOT NULL,
  `libelle_type_sinistre` varchar(100) NOT NULL
) ENGINE=InnoDB DEFAULT CHARSET=utf8;

--
-- Contenu de la table `typesinistre`
--

INSERT INTO `typesinistre` (`code_type_sinistre`, `libelle_type_sinistre`) VALUES
('ACCID', 'Accidents'),
('INCEN', 'Incendies'),
('OPDIV', 'Opérations diverses'),
('SECPE', 'Secours à la personne'),
('TECHN', 'Risques techno');

-- --------------------------------------------------------

--
-- Structure de la table `users`
--

CREATE TABLE `users` (
  `id_user` int(11) NOT NULL,
  `id_pompier` int(11) DEFAULT NULL,
  `mdp_user` varchar(256) NOT NULL,
  `type_user` varchar(1) NOT NULL
) ENGINE=InnoDB DEFAULT CHARSET=utf8;

--
-- Contenu de la table `users`
--

INSERT INTO `users` (`id_user`, `id_pompier`, `mdp_user`, `type_user`) VALUES
(1, 1, 'b7968c06bd00e46e6464e71eee783646ed359fcb9a97f6cf2084ce4c6da6c469', 'P'),
(2, 2, '6b7145ad1cd5ee283fd119bb9f7c73f8ef1dfff1f3a4c4ff76cf35d585a4f89c', 'P'),
(3, 3, '5994471abb01112afcc18159f6cc74b4f511b99806da59b3caf5a9c173cacfc5', 'P'),
(4, 4, '5994471abb01112afcc18159f6cc74b4f511b99806da59b3caf5a9c173cacfc5', 'V'),
(5, 5, '9f86d081884c7d659a2feaa0c55ad015a3bf4f1b2b0b822cd15d6c15b0f00a08', 'P'),
(6, 6, '5994471abb01112afcc18159f6cc74b4f511b99806da59b3caf5a9c173cacfc5', 'V'),
(7, 7, '5994471abb01112afcc18159f6cc74b4f511b99806da59b3caf5a9c173cacfc5', 'P'),
(8, 8, '5994471abb01112afcc18159f6cc74b4f511b99806da59b3caf5a9c173cacfc5', 'P'),
(9, 9, '5994471abb01112afcc18159f6cc74b4f511b99806da59b3caf5a9c173cacfc5', 'V'),
(10, 10, '5994471abb01112afcc18159f6cc74b4f511b99806da59b3caf5a9c173cacfc5', 'P'),
(11, 11, '1b4f0e9851971998e732078544c96b36c3d01cedf7caa332359d6f1d83567014', 'P'),
(12, 12, '5994471abb01112afcc18159f6cc74b4f511b99806da59b3caf5a9c173cacfc5', 'V'),
(13, 13, '9f86d081884c7d659a2feaa0c55ad015a3bf4f1b2b0b822cd15d6c15b0f00a08', 'P'),
(14, 14, '5994471abb01112afcc18159f6cc74b4f511b99806da59b3caf5a9c173cacfc5', ''),
(15, 15, '5994471abb01112afcc18159f6cc74b4f511b99806da59b3caf5a9c173cacfc5', ''),
(16, 16, '5994471abb01112afcc18159f6cc74b4f511b99806da59b3caf5a9c173cacfc5', 'V'),
(17, 17, '5994471abb01112afcc18159f6cc74b4f511b99806da59b3caf5a9c173cacfc5', ''),
(18, 20, '5994471abb01112afcc18159f6cc74b4f511b99806da59b3caf5a9c173cacfc5', 'V'),
(19, 21, '5994471abb01112afcc18159f6cc74b4f511b99806da59b3caf5a9c173cacfc5', 'P'),
(20, 22, '5994471abb01112afcc18159f6cc74b4f511b99806da59b3caf5a9c173cacfc5', 'V'),
(21, 23, '5994471abb01112afcc18159f6cc74b4f511b99806da59b3caf5a9c173cacfc5', 'P'),
(22, 24, '5994471abb01112afcc18159f6cc74b4f511b99806da59b3caf5a9c173cacfc5', 'P'),
(23, 25, '5994471abb01112afcc18159f6cc74b4f511b99806da59b3caf5a9c173cacfc5', ''),
(24, 27, '5994471abb01112afcc18159f6cc74b4f511b99806da59b3caf5a9c173cacfc5', 'V'),
(25, 28, '5994471abb01112afcc18159f6cc74b4f511b99806da59b3caf5a9c173cacfc5', ''),
(26, 29, '5994471abb01112afcc18159f6cc74b4f511b99806da59b3caf5a9c173cacfc5', ''),
(27, 31, '5994471abb01112afcc18159f6cc74b4f511b99806da59b3caf5a9c173cacfc5', ''),
(28, 32, '5994471abb01112afcc18159f6cc74b4f511b99806da59b3caf5a9c173cacfc5', ''),
(29, 33, '5994471abb01112afcc18159f6cc74b4f511b99806da59b3caf5a9c173cacfc5', 'V'),
(30, 34, '5994471abb01112afcc18159f6cc74b4f511b99806da59b3caf5a9c173cacfc5', ''),
(31, 37, '5994471abb01112afcc18159f6cc74b4f511b99806da59b3caf5a9c173cacfc5', ''),
(32, 38, '5994471abb01112afcc18159f6cc74b4f511b99806da59b3caf5a9c173cacfc5', 'P'),
(33, 40, '5994471abb01112afcc18159f6cc74b4f511b99806da59b3caf5a9c173cacfc5', ''),
(34, 41, '5994471abb01112afcc18159f6cc74b4f511b99806da59b3caf5a9c173cacfc5', 'V'),
(35, 42, '5994471abb01112afcc18159f6cc74b4f511b99806da59b3caf5a9c173cacfc5', 'P'),
(36, 43, '5994471abb01112afcc18159f6cc74b4f511b99806da59b3caf5a9c173cacfc5', 'P'),
(37, 44, '5994471abb01112afcc18159f6cc74b4f511b99806da59b3caf5a9c173cacfc5', 'P'),
(38, 50, '5994471abb01112afcc18159f6cc74b4f511b99806da59b3caf5a9c173cacfc5', 'P'),
(39, 51, '5994471abb01112afcc18159f6cc74b4f511b99806da59b3caf5a9c173cacfc5', 'P'),
(40, 52, '5994471abb01112afcc18159f6cc74b4f511b99806da59b3caf5a9c173cacfc5', ''),
(41, 53, '5994471abb01112afcc18159f6cc74b4f511b99806da59b3caf5a9c173cacfc5', 'P'),
(42, 54, '5994471abb01112afcc18159f6cc74b4f511b99806da59b3caf5a9c173cacfc5', ''),
(43, 55, '5994471abb01112afcc18159f6cc74b4f511b99806da59b3caf5a9c173cacfc5', 'P'),
(44, 56, '5994471abb01112afcc18159f6cc74b4f511b99806da59b3caf5a9c173cacfc5', ''),
(45, 57, '5994471abb01112afcc18159f6cc74b4f511b99806da59b3caf5a9c173cacfc5', 'V'),
(46, 58, '5994471abb01112afcc18159f6cc74b4f511b99806da59b3caf5a9c173cacfc5', ''),
(47, 60, '5994471abb01112afcc18159f6cc74b4f511b99806da59b3caf5a9c173cacfc5', ''),
(48, 61, '5994471abb01112afcc18159f6cc74b4f511b99806da59b3caf5a9c173cacfc5', ''),
(49, 65, '5994471abb01112afcc18159f6cc74b4f511b99806da59b3caf5a9c173cacfc5', ''),
(50, 71, '5994471abb01112afcc18159f6cc74b4f511b99806da59b3caf5a9c173cacfc5', 'V'),
(51, 72, '5994471abb01112afcc18159f6cc74b4f511b99806da59b3caf5a9c173cacfc5', ''),
(52, 73, '5994471abb01112afcc18159f6cc74b4f511b99806da59b3caf5a9c173cacfc5', 'J'),
(53, 74, '5994471abb01112afcc18159f6cc74b4f511b99806da59b3caf5a9c173cacfc5', 'J'),
(54, 75, '5994471abb01112afcc18159f6cc74b4f511b99806da59b3caf5a9c173cacfc5', 'J'),
(55, 76, '5994471abb01112afcc18159f6cc74b4f511b99806da59b3caf5a9c173cacfc5', 'J'),
(56, 77, '5994471abb01112afcc18159f6cc74b4f511b99806da59b3caf5a9c173cacfc5', 'J'),
(57, 78, '5994471abb01112afcc18159f6cc74b4f511b99806da59b3caf5a9c173cacfc5', 'J'),
(58, 79, '5994471abb01112afcc18159f6cc74b4f511b99806da59b3caf5a9c173cacfc5', 'J'),
(59, 80, '5994471abb01112afcc18159f6cc74b4f511b99806da59b3caf5a9c173cacfc5', 'J'),
(60, 81, '5994471abb01112afcc18159f6cc74b4f511b99806da59b3caf5a9c173cacfc5', 'J'),
(61, 82, '5994471abb01112afcc18159f6cc74b4f511b99806da59b3caf5a9c173cacfc5', 'J'),
(62, 83, '5994471abb01112afcc18159f6cc74b4f511b99806da59b3caf5a9c173cacfc5', 'J'),
(63, 84, '5994471abb01112afcc18159f6cc74b4f511b99806da59b3caf5a9c173cacfc5', 'J'),
(64, 85, '5994471abb01112afcc18159f6cc74b4f511b99806da59b3caf5a9c173cacfc5', 'J'),
(65, 86, '5994471abb01112afcc18159f6cc74b4f511b99806da59b3caf5a9c173cacfc5', 'J'),
(66, 87, '5994471abb01112afcc18159f6cc74b4f511b99806da59b3caf5a9c173cacfc5', 'J'),
(67, 88, '5994471abb01112afcc18159f6cc74b4f511b99806da59b3caf5a9c173cacfc5', 'J'),
(68, 89, '5994471abb01112afcc18159f6cc74b4f511b99806da59b3caf5a9c173cacfc5', 'J'),
(69, 90, '5994471abb01112afcc18159f6cc74b4f511b99806da59b3caf5a9c173cacfc5', 'J'),
(70, 91, '5994471abb01112afcc18159f6cc74b4f511b99806da59b3caf5a9c173cacfc5', 'J'),
(71, 92, '5994471abb01112afcc18159f6cc74b4f511b99806da59b3caf5a9c173cacfc5', 'J'),
(72, 93, '5994471abb01112afcc18159f6cc74b4f511b99806da59b3caf5a9c173cacfc5', 'J'),
(73, 94, '5994471abb01112afcc18159f6cc74b4f511b99806da59b3caf5a9c173cacfc5', 'J'),
(74, 95, '5994471abb01112afcc18159f6cc74b4f511b99806da59b3caf5a9c173cacfc5', 'J'),
(75, 96, '5994471abb01112afcc18159f6cc74b4f511b99806da59b3caf5a9c173cacfc5', 'J'),
(76, 97, '5994471abb01112afcc18159f6cc74b4f511b99806da59b3caf5a9c173cacfc5', 'J'),
(77, 98, '5994471abb01112afcc18159f6cc74b4f511b99806da59b3caf5a9c173cacfc5', 'J'),
(78, 99, '5994471abb01112afcc18159f6cc74b4f511b99806da59b3caf5a9c173cacfc5', 'J'),
(79, 100, '5994471abb01112afcc18159f6cc74b4f511b99806da59b3caf5a9c173cacfc5', 'J'),
(80, 101, '5994471abb01112afcc18159f6cc74b4f511b99806da59b3caf5a9c173cacfc5', 'J'),
(81, 102, '5994471abb01112afcc18159f6cc74b4f511b99806da59b3caf5a9c173cacfc5', 'J'),
(82, 103, '5994471abb01112afcc18159f6cc74b4f511b99806da59b3caf5a9c173cacfc5', 'J'),
(83, 104, '5994471abb01112afcc18159f6cc74b4f511b99806da59b3caf5a9c173cacfc5', 'J'),
(84, 105, '5994471abb01112afcc18159f6cc74b4f511b99806da59b3caf5a9c173cacfc5', 'J'),
(85, 107, '5994471abb01112afcc18159f6cc74b4f511b99806da59b3caf5a9c173cacfc5', ''),
(86, 108, '5994471abb01112afcc18159f6cc74b4f511b99806da59b3caf5a9c173cacfc5', ''),
(87, 109, '5994471abb01112afcc18159f6cc74b4f511b99806da59b3caf5a9c173cacfc5', ''),
(88, 110, '5994471abb01112afcc18159f6cc74b4f511b99806da59b3caf5a9c173cacfc5', ''),
(89, 111, '5994471abb01112afcc18159f6cc74b4f511b99806da59b3caf5a9c173cacfc5', ''),
(90, 112, '5994471abb01112afcc18159f6cc74b4f511b99806da59b3caf5a9c173cacfc5', ''),
(91, 113, '5994471abb01112afcc18159f6cc74b4f511b99806da59b3caf5a9c173cacfc5', ''),
(92, 114, '5994471abb01112afcc18159f6cc74b4f511b99806da59b3caf5a9c173cacfc5', ''),
(93, 115, '5994471abb01112afcc18159f6cc74b4f511b99806da59b3caf5a9c173cacfc5', ''),
(94, 116, '5994471abb01112afcc18159f6cc74b4f511b99806da59b3caf5a9c173cacfc5', ''),
(95, 117, '5994471abb01112afcc18159f6cc74b4f511b99806da59b3caf5a9c173cacfc5', ''),
(96, 118, '5994471abb01112afcc18159f6cc74b4f511b99806da59b3caf5a9c173cacfc5', ''),
(97, 119, '5994471abb01112afcc18159f6cc74b4f511b99806da59b3caf5a9c173cacfc5', ''),
(98, 120, '5994471abb01112afcc18159f6cc74b4f511b99806da59b3caf5a9c173cacfc5', ''),
(99, 121, '5994471abb01112afcc18159f6cc74b4f511b99806da59b3caf5a9c173cacfc5', ''),
(100, 122, '5994471abb01112afcc18159f6cc74b4f511b99806da59b3caf5a9c173cacfc5', ''),
(101, 123, '5994471abb01112afcc18159f6cc74b4f511b99806da59b3caf5a9c173cacfc5', ''),
(102, 124, '5994471abb01112afcc18159f6cc74b4f511b99806da59b3caf5a9c173cacfc5', ''),
(103, 125, '5994471abb01112afcc18159f6cc74b4f511b99806da59b3caf5a9c173cacfc5', ''),
(104, 126, '5994471abb01112afcc18159f6cc74b4f511b99806da59b3caf5a9c173cacfc5', ''),
(105, 127, '5994471abb01112afcc18159f6cc74b4f511b99806da59b3caf5a9c173cacfc5', ''),
(106, 128, '5994471abb01112afcc18159f6cc74b4f511b99806da59b3caf5a9c173cacfc5', ''),
(107, 129, '5994471abb01112afcc18159f6cc74b4f511b99806da59b3caf5a9c173cacfc5', ''),
(108, 130, '5994471abb01112afcc18159f6cc74b4f511b99806da59b3caf5a9c173cacfc5', ''),
(109, 131, '5994471abb01112afcc18159f6cc74b4f511b99806da59b3caf5a9c173cacfc5', ''),
(110, 132, '5994471abb01112afcc18159f6cc74b4f511b99806da59b3caf5a9c173cacfc5', ''),
(111, 133, '5994471abb01112afcc18159f6cc74b4f511b99806da59b3caf5a9c173cacfc5', ''),
(112, 134, '5994471abb01112afcc18159f6cc74b4f511b99806da59b3caf5a9c173cacfc5', ''),
(113, 135, '5994471abb01112afcc18159f6cc74b4f511b99806da59b3caf5a9c173cacfc5', ''),
(114, 136, '5994471abb01112afcc18159f6cc74b4f511b99806da59b3caf5a9c173cacfc5', ''),
(115, 137, '5994471abb01112afcc18159f6cc74b4f511b99806da59b3caf5a9c173cacfc5', ''),
(116, 138, '5994471abb01112afcc18159f6cc74b4f511b99806da59b3caf5a9c173cacfc5', ''),
(117, 139, '5994471abb01112afcc18159f6cc74b4f511b99806da59b3caf5a9c173cacfc5', ''),
(118, 140, '5994471abb01112afcc18159f6cc74b4f511b99806da59b3caf5a9c173cacfc5', ''),
(119, 141, '5994471abb01112afcc18159f6cc74b4f511b99806da59b3caf5a9c173cacfc5', ''),
(120, 142, '5994471abb01112afcc18159f6cc74b4f511b99806da59b3caf5a9c173cacfc5', ''),
(121, 143, '5994471abb01112afcc18159f6cc74b4f511b99806da59b3caf5a9c173cacfc5', ''),
(122, 144, '5994471abb01112afcc18159f6cc74b4f511b99806da59b3caf5a9c173cacfc5', ''),
(123, 145, '5994471abb01112afcc18159f6cc74b4f511b99806da59b3caf5a9c173cacfc5', ''),
(124, 146, '5994471abb01112afcc18159f6cc74b4f511b99806da59b3caf5a9c173cacfc5', ''),
(125, 147, '5994471abb01112afcc18159f6cc74b4f511b99806da59b3caf5a9c173cacfc5', ''),
(126, 148, '5994471abb01112afcc18159f6cc74b4f511b99806da59b3caf5a9c173cacfc5', ''),
(127, 149, '5994471abb01112afcc18159f6cc74b4f511b99806da59b3caf5a9c173cacfc5', ''),
(128, 150, '5994471abb01112afcc18159f6cc74b4f511b99806da59b3caf5a9c173cacfc5', 'V'),
(129, 151, '5994471abb01112afcc18159f6cc74b4f511b99806da59b3caf5a9c173cacfc5', 'V'),
(130, 152, '5994471abb01112afcc18159f6cc74b4f511b99806da59b3caf5a9c173cacfc5', 'V'),
(131, 153, '5994471abb01112afcc18159f6cc74b4f511b99806da59b3caf5a9c173cacfc5', 'V'),
(132, 154, '5994471abb01112afcc18159f6cc74b4f511b99806da59b3caf5a9c173cacfc5', 'V'),
(133, 155, '5994471abb01112afcc18159f6cc74b4f511b99806da59b3caf5a9c173cacfc5', 'V'),
(134, 156, '5994471abb01112afcc18159f6cc74b4f511b99806da59b3caf5a9c173cacfc5', 'V'),
(135, 157, '5994471abb01112afcc18159f6cc74b4f511b99806da59b3caf5a9c173cacfc5', 'V'),
(136, 158, '5994471abb01112afcc18159f6cc74b4f511b99806da59b3caf5a9c173cacfc5', 'V'),
(137, 159, '5994471abb01112afcc18159f6cc74b4f511b99806da59b3caf5a9c173cacfc5', 'V'),
(138, 160, '5994471abb01112afcc18159f6cc74b4f511b99806da59b3caf5a9c173cacfc5', 'V'),
(139, 161, '5994471abb01112afcc18159f6cc74b4f511b99806da59b3caf5a9c173cacfc5', 'V'),
(140, 162, '5994471abb01112afcc18159f6cc74b4f511b99806da59b3caf5a9c173cacfc5', 'V'),
(141, 163, '5994471abb01112afcc18159f6cc74b4f511b99806da59b3caf5a9c173cacfc5', 'V'),
(142, 164, '5994471abb01112afcc18159f6cc74b4f511b99806da59b3caf5a9c173cacfc5', 'V'),
(143, 165, '5994471abb01112afcc18159f6cc74b4f511b99806da59b3caf5a9c173cacfc5', 'V'),
(144, 166, '5994471abb01112afcc18159f6cc74b4f511b99806da59b3caf5a9c173cacfc5', 'V'),
(145, 167, '5994471abb01112afcc18159f6cc74b4f511b99806da59b3caf5a9c173cacfc5', 'V'),
(146, 168, '5994471abb01112afcc18159f6cc74b4f511b99806da59b3caf5a9c173cacfc5', 'V'),
(147, 169, '5994471abb01112afcc18159f6cc74b4f511b99806da59b3caf5a9c173cacfc5', 'V'),
(148, 170, '5994471abb01112afcc18159f6cc74b4f511b99806da59b3caf5a9c173cacfc5', 'V'),
(149, 171, '5994471abb01112afcc18159f6cc74b4f511b99806da59b3caf5a9c173cacfc5', 'V'),
(150, 172, '5994471abb01112afcc18159f6cc74b4f511b99806da59b3caf5a9c173cacfc5', 'V'),
(151, 173, '5994471abb01112afcc18159f6cc74b4f511b99806da59b3caf5a9c173cacfc5', 'V'),
(152, 174, '5994471abb01112afcc18159f6cc74b4f511b99806da59b3caf5a9c173cacfc5', 'V'),
(153, 175, '5994471abb01112afcc18159f6cc74b4f511b99806da59b3caf5a9c173cacfc5', 'V'),
(154, 176, '5994471abb01112afcc18159f6cc74b4f511b99806da59b3caf5a9c173cacfc5', 'V'),
(155, 177, '5994471abb01112afcc18159f6cc74b4f511b99806da59b3caf5a9c173cacfc5', 'V'),
(156, 178, '5994471abb01112afcc18159f6cc74b4f511b99806da59b3caf5a9c173cacfc5', 'V'),
(157, 179, '5994471abb01112afcc18159f6cc74b4f511b99806da59b3caf5a9c173cacfc5', 'V'),
(158, 180, '5994471abb01112afcc18159f6cc74b4f511b99806da59b3caf5a9c173cacfc5', 'V'),
(159, 181, '5994471abb01112afcc18159f6cc74b4f511b99806da59b3caf5a9c173cacfc5', 'V'),
(160, 182, '5994471abb01112afcc18159f6cc74b4f511b99806da59b3caf5a9c173cacfc5', 'V'),
(161, 183, '5994471abb01112afcc18159f6cc74b4f511b99806da59b3caf5a9c173cacfc5', 'V'),
(162, 184, '5994471abb01112afcc18159f6cc74b4f511b99806da59b3caf5a9c173cacfc5', 'V'),
(163, 185, '5994471abb01112afcc18159f6cc74b4f511b99806da59b3caf5a9c173cacfc5', 'V'),
(164, 186, '5994471abb01112afcc18159f6cc74b4f511b99806da59b3caf5a9c173cacfc5', 'V'),
(165, 187, '5994471abb01112afcc18159f6cc74b4f511b99806da59b3caf5a9c173cacfc5', 'V'),
(166, 188, '5994471abb01112afcc18159f6cc74b4f511b99806da59b3caf5a9c173cacfc5', 'V'),
(167, 189, '5994471abb01112afcc18159f6cc74b4f511b99806da59b3caf5a9c173cacfc5', 'V'),
(168, 190, '5994471abb01112afcc18159f6cc74b4f511b99806da59b3caf5a9c173cacfc5', 'V'),
(169, 191, '5994471abb01112afcc18159f6cc74b4f511b99806da59b3caf5a9c173cacfc5', 'V'),
(170, 192, '5994471abb01112afcc18159f6cc74b4f511b99806da59b3caf5a9c173cacfc5', 'V'),
(171, 193, '5994471abb01112afcc18159f6cc74b4f511b99806da59b3caf5a9c173cacfc5', 'V'),
(172, 194, '5994471abb01112afcc18159f6cc74b4f511b99806da59b3caf5a9c173cacfc5', 'V'),
(173, 195, '5994471abb01112afcc18159f6cc74b4f511b99806da59b3caf5a9c173cacfc5', 'V'),
(174, 196, '5994471abb01112afcc18159f6cc74b4f511b99806da59b3caf5a9c173cacfc5', 'V'),
(175, 197, '5994471abb01112afcc18159f6cc74b4f511b99806da59b3caf5a9c173cacfc5', 'V'),
(176, 198, '5994471abb01112afcc18159f6cc74b4f511b99806da59b3caf5a9c173cacfc5', 'V'),
(177, 199, '5994471abb01112afcc18159f6cc74b4f511b99806da59b3caf5a9c173cacfc5', 'V'),
(178, 200, '5994471abb01112afcc18159f6cc74b4f511b99806da59b3caf5a9c173cacfc5', 'V'),
(179, 201, '5994471abb01112afcc18159f6cc74b4f511b99806da59b3caf5a9c173cacfc5', 'V'),
(180, 202, '5994471abb01112afcc18159f6cc74b4f511b99806da59b3caf5a9c173cacfc5', 'V'),
(181, 203, '5994471abb01112afcc18159f6cc74b4f511b99806da59b3caf5a9c173cacfc5', 'V'),
(182, 204, '5994471abb01112afcc18159f6cc74b4f511b99806da59b3caf5a9c173cacfc5', 'V'),
(183, 205, '5994471abb01112afcc18159f6cc74b4f511b99806da59b3caf5a9c173cacfc5', 'V');

-- --------------------------------------------------------

--
-- Structure de la table `valider_formation_jsp`
--

CREATE TABLE `valider_formation_jsp` (
  `formation_id` varchar(5) NOT NULL,
  `jsp_id` int(11) NOT NULL,
  `date_validation` date NOT NULL
) ENGINE=InnoDB DEFAULT CHARSET=utf8;

--
-- Contenu de la table `valider_formation_jsp`
--

INSERT INTO `valider_formation_jsp` (`formation_id`, `jsp_id`, `date_validation`) VALUES
('JSP1', 73, '2005-06-25'),
('JSP2', 73, '2006-06-25'),
('JSP3', 73, '2007-06-25'),
('JSP4', 73, '2008-06-24'),
('JSP1', 74, '2005-06-25'),
('JSP2', 74, '2006-06-25'),
('JSP3', 74, '2007-06-25'),
('JSP4', 74, '2008-06-24'),
('JSP1', 75, '2012-06-27'),
('JSP2', 75, '2013-06-27'),
('JSP3', 75, '2014-06-27'),
('JSP1', 76, '2011-06-28'),
('JSP2', 76, '2012-06-27'),
('JSP3', 76, '2013-06-27'),
('JSP4', 76, '2014-06-27'),
('JSP1', 77, '2012-06-27'),
('JSP2', 77, '2013-06-27'),
('JSP3', 77, '2014-06-27'),
('JSP1', 78, '2011-06-28'),
('JSP2', 78, '2012-06-27'),
('JSP3', 78, '2013-06-27'),
('JSP4', 78, '2014-06-27'),
('JSP1', 79, '2011-06-28'),
('JSP2', 79, '2012-06-27'),
('JSP3', 79, '2013-06-27'),
('JSP4', 79, '2014-06-27'),
('JSP1', 80, '2010-06-28'),
('JSP2', 80, '2011-06-28'),
('JSP3', 80, '2012-06-27'),
('JSP4', 80, '2013-06-27'),
('JSP1', 81, '2013-06-28'),
('JSP2', 81, '2014-06-28'),
('JSP1', 82, '2013-06-28'),
('JSP2', 82, '2014-06-28'),
('JSP1', 83, '2013-06-28'),
('JSP2', 83, '2014-06-28'),
('JSP1', 84, '2012-06-27'),
('JSP2', 84, '2013-06-27'),
('JSP3', 84, '2014-06-27'),
('JSP1', 85, '2011-06-28'),
('JSP2', 85, '2012-06-27'),
('JSP3', 85, '2013-06-27'),
('JSP4', 85, '2014-06-27'),
('JSP1', 86, '2014-06-28'),
('JSP1', 87, '2013-06-28'),
('JSP2', 87, '2014-06-28'),
('JSP1', 89, '2012-06-27'),
('JSP2', 89, '2013-06-27'),
('JSP3', 89, '2014-06-27'),
('JSP1', 90, '2012-06-27'),
('JSP2', 90, '2013-06-27'),
('JSP3', 90, '2014-06-27'),
('JSP1', 91, '2011-06-28'),
('JSP2', 91, '2012-06-27'),
('JSP3', 91, '2013-06-27'),
('JSP4', 91, '2014-06-27'),
('JSP1', 92, '2011-06-28'),
('JSP2', 92, '2012-06-27'),
('JSP3', 92, '2013-06-27'),
('JSP4', 92, '2014-06-27'),
('JSP1', 93, '2012-06-27'),
('JSP2', 93, '2013-06-27'),
('JSP3', 93, '2014-06-27'),
('JSP1', 94, '2010-06-28'),
('JSP2', 94, '2011-06-28'),
('JSP3', 94, '2012-06-27'),
('JSP4', 94, '2013-06-27'),
('JSP1', 95, '2010-06-28'),
('JSP2', 95, '2011-06-28'),
('JSP3', 95, '2012-06-27'),
('JSP4', 95, '2013-06-27'),
('JSP1', 96, '2012-06-27'),
('JSP2', 96, '2013-06-27'),
('JSP3', 96, '2014-06-27'),
('JSP1', 97, '2012-06-27'),
('JSP2', 97, '2013-06-27'),
('JSP3', 97, '2014-06-27'),
('JSP1', 98, '2010-06-28'),
('JSP2', 98, '2011-06-28'),
('JSP3', 98, '2012-06-27'),
('JSP4', 98, '2013-06-27'),
('JSP1', 99, '2012-06-27'),
('JSP2', 99, '2013-06-27'),
('JSP3', 99, '2014-06-27'),
('JSP1', 100, '2012-06-27'),
('JSP2', 100, '2013-06-27'),
('JSP3', 100, '2014-06-27'),
('JSP1', 101, '2011-06-28'),
('JSP2', 101, '2012-06-27'),
('JSP3', 101, '2013-06-27'),
('JSP4', 101, '2014-06-27'),
('JSP1', 102, '2011-06-28'),
('JSP2', 102, '2012-06-27'),
('JSP3', 102, '2013-06-27'),
('JSP4', 102, '2014-06-27'),
('JSP1', 104, '2011-06-28'),
('JSP2', 104, '2012-06-27'),
('JSP3', 104, '2013-06-27'),
('JSP4', 104, '2014-06-27'),
('JSP1', 105, '2012-06-27'),
('JSP2', 105, '2013-06-27'),
('JSP3', 105, '2014-06-27');

-- --------------------------------------------------------

--
-- Structure de la table `valider_formation_vol`
--

CREATE TABLE `valider_formation_vol` (
  `volontaire_id` int(11) NOT NULL,
  `formation_id` varchar(5) NOT NULL,
  `date_validation` date NOT NULL
) ENGINE=InnoDB DEFAULT CHARSET=utf8;

--
-- Contenu de la table `valider_formation_vol`
--

INSERT INTO `valider_formation_vol` (`volontaire_id`, `formation_id`, `date_validation`) VALUES
(4, 'FEI1', '1990-05-05'),
(4, 'SR', '1991-05-29'),
(6, 'INIT', '2000-06-03'),
(6, 'SR', '1999-05-11'),
(9, 'INIT', '2007-04-16'),
(9, 'SAP', '2008-05-09'),
(12, 'FEI1', '2002-11-27'),
(12, 'SAP', '2001-11-03'),
(16, 'FEI1', '1999-01-17'),
(16, 'SAP', '2000-02-10'),
(20, 'INIT', '2001-04-27'),
(20, 'SAP', '2000-04-03'),
(22, 'FEI1', '2004-01-28'),
(22, 'SAP', '2003-01-04'),
(27, 'INIT', '1997-06-24'),
(33, 'FEI1', '1997-05-27'),
(41, 'INIT', '1998-06-29'),
(57, 'INIT', '1986-10-18'),
(71, 'SR', '2001-03-29');

-- --------------------------------------------------------

--
-- Structure de la table `volontaire`
--

CREATE TABLE `volontaire` (
  `id_volontaire` int(11) NOT NULL,
  `bip_volontaire` int(2) NOT NULL,
  `diplome_volontaire` varchar(50) NOT NULL,
  `employeur_id` int(11) NOT NULL,
  `grade_code` varchar(6) NOT NULL
) ENGINE=InnoDB DEFAULT CHARSET=utf8;

--
-- Contenu de la table `volontaire`
--

INSERT INTO `volontaire` (`id_volontaire`, `bip_volontaire`, `diplome_volontaire`, `employeur_id`, `grade_code`) VALUES
(4, 20, 'baccalauréat', 99, 'VADJCH'),
(6, 23, 'BEP ', 78, 'VADJCH'),
(9, 24, 'maitrise', 91, 'VCOLON'),
(12, 30, 'licence', 84, 'VCAPIT'),
(16, 28, 'baccalauréat', 76, 'VSRGEN'),
(20, 33, 'licence', 82, 'VLITIT'),
(22, 36, 'licence', 84, 'VCAPIT'),
(27, 35, 'Doctorat', 101, 'VCOLON'),
(33, 9, 'Licence', 100, 'VSAPPR'),
(41, 8, 'Licence Pro', 87, 'VSAPPR'),
(57, 54, 'baccalauréat', 89, 'VADJCH'),
(71, 24, 'Doctorat', 78, 'VLICOL'),
(150, 57, 'BEP', 81, 'VSRGEN'),
(151, 52, 'Doctorat', 82, 'VADJCH'),
(152, 58, 'CAP', 84, 'VCAPIT'),
(153, 26, 'Doctorat', 85, 'VCAPIT'),
(154, 5, 'CAP', 86, 'VCOMMD'),
(155, 6, 'BEPC', 87, 'VCOMMD'),
(156, 3, 'Doctorat', 89, 'VADJCH'),
(157, 29, 'Licence Pro', 92, 'VADJCH'),
(158, 73, 'Baccalauréat', 91, 'VCAPOR'),
(159, 78, 'BEPC', 93, 'VLITIT'),
(160, 21, 'Doctorat', 95, 'VSRGEN'),
(161, 1, 'Licence Pro', 94, 'VADJCH'),
(162, 61, 'CAP', 96, 'VSRGEN'),
(163, 7, 'Doctorat', 98, 'VADJCH'),
(164, 60, 'BEPC', 100, 'VCAPIT'),
(165, 67, 'CAP', 105, 'VSRGEN'),
(166, 56, 'Licence Pro', 101, 'VLIEUT'),
(167, 44, 'Doctorat', 106, 'VLITIT'),
(168, 63, 'Licence', 107, 'VADJCH'),
(169, 10, 'Licence Pro', 108, 'VMAJOR'),
(170, 70, 'Maitrise', 113, 'VLICOL'),
(171, 12, 'Licence', 109, 'VMAJOR'),
(172, 11, 'BEPC', 115, 'VLICOL'),
(173, 40, 'BEP', 110, 'VCAPIT'),
(174, 74, 'Baccalauréat', 112, 'VADJCH'),
(175, 31, 'CAP', 114, 'VLIEUT'),
(176, 38, 'Licence Pro', 116, 'VLIEUT'),
(177, 42, 'BEP', 117, 'VCOMMD'),
(178, 22, 'Maitrise', 120, 'VLICOL'),
(179, 19, 'Baccalauréat', 122, 'VSRGEN'),
(180, 62, 'Licence Pro', 125, 'VLITIT'),
(181, 77, 'Maitrise', 128, 'VMAJOR'),
(182, 32, 'Doctorat', 132, 'VCAPOR'),
(183, 16, 'Licence Pro', 123, 'VLIEUT'),
(184, 27, 'Licence Pro', 133, 'VSAPPR'),
(185, 45, 'Baccalauréat', 134, 'VSRGEN'),
(186, 39, 'BEP', 136, 'VMAJOR'),
(187, 13, 'Baccalauréat', 137, 'VADJCH'),
(188, 17, 'Licence Pro', 140, 'VMAJOR'),
(189, 30, 'Baccalauréat', 141, 'VADJCH'),
(190, 55, 'CAP', 144, 'VCAPOR'),
(191, 75, 'BEPC', 145, 'VSAPPR'),
(192, 43, 'Maitrise', 146, 'VLIEUT'),
(193, 37, 'BEP', 147, 'VMAJOR'),
(194, 59, 'CAP', 151, 'VADJCH'),
(195, 66, 'Doctorat', 153, 'VCOLON'),
(196, 34, 'Baccalauréat', 158, 'VADJCH'),
(197, 41, 'BEPC', 159, 'VCAPOR'),
(198, 25, 'BEP', 160, 'VMAJOR'),
(199, 51, 'Licence Pro', 163, 'VLITIT'),
(200, 14, 'Maitrise', 164, 'VLICOL'),
(201, 15, 'CAP', 143, 'VLICOL'),
(202, 2, 'Maitrise', 152, 'VCAPIT'),
(203, 4, 'Maitrise', 154, 'VADJCH'),
(204, 80, 'Licence', 157, 'VSRGEN'),
(205, 18, 'Licence Pro', 138, 'VLICOL');

--
-- Index pour les tables exportées
--

--
-- Index pour la table `avoir_grade_prof`
--
ALTER TABLE `avoir_grade_prof`
  ADD PRIMARY KEY (`prof_id`,`grade_code`),
  ADD KEY `fk_grade` (`grade_code`);

--
-- Index pour la table `avoir_grade_volontaire`
--
ALTER TABLE `avoir_grade_volontaire`
  ADD PRIMARY KEY (`volontaire_id`,`grade_code`),
  ADD KEY `fk_grade_avoir` (`grade_code`);

--
-- Index pour la table `caserne`
--
ALTER TABLE `caserne`
  ADD PRIMARY KEY (`id_caserne`),
  ADD KEY `type` (`type_caserne`);

--
-- Index pour la table `employeur`
--
ALTER TABLE `employeur`
  ADD PRIMARY KEY (`id_employeur`);

--
-- Index pour la table `engin`
--
ALTER TABLE `engin`
  ADD PRIMARY KEY (`code_engin`),
  ADD KEY `engin_ibfk_1` (`caserne_id`),
  ADD KEY `engin_ibfk_2` (`engin_type`);

--
-- Index pour la table `etablissement`
--
ALTER TABLE `etablissement`
  ADD PRIMARY KEY (`id_etablissement`);

--
-- Index pour la table `etat`
--
ALTER TABLE `etat`
  ADD PRIMARY KEY (`code_etat`);

--
-- Index pour la table `formation`
--
ALTER TABLE `formation`
  ADD PRIMARY KEY (`id_formation`);

--
-- Index pour la table `grade`
--
ALTER TABLE `grade`
  ADD PRIMARY KEY (`code_grade`);

--
-- Index pour la table `jsp`
--
ALTER TABLE `jsp`
  ADD PRIMARY KEY (`id_jsp`),
  ADD KEY `id_jsp` (`id_jsp`),
  ADD KEY `etab_id` (`etab_id`);

--
-- Index pour la table `niveau`
--
ALTER TABLE `niveau`
  ADD PRIMARY KEY (`code_niveau`,`specialite_code`),
  ADD KEY `specialite_code` (`specialite_code`);

--
-- Index pour la table `periodegarde`
--
ALTER TABLE `periodegarde`
  ADD PRIMARY KEY (`date_periode`,`tranche_id`),
  ADD KEY `id_tranche` (`tranche_id`);

--
-- Index pour la table `planning_prof`
--
ALTER TABLE `planning_prof`
  ADD PRIMARY KEY (`id_professionnel`,`id_etat`,`id_date`),
  ADD KEY `id_etat` (`id_etat`);

--
-- Index pour la table `planning_vol`
--
ALTER TABLE `planning_vol`
  ADD PRIMARY KEY (`id_volontaire`,`id_tranche`,`id_date`),
  ADD KEY `id_etat` (`id_etat`),
  ADD KEY `id_tranche` (`id_tranche`,`id_date`);

--
-- Index pour la table `pompier`
--
ALTER TABLE `pompier`
  ADD PRIMARY KEY (`id_pompier`),
  ADD KEY `caserne_id` (`caserne_id`);

--
-- Index pour la table `posseder_niveau`
--
ALTER TABLE `posseder_niveau`
  ADD PRIMARY KEY (`prof_id`,`niveau_code`,`specialite_code`),
  ADD KEY `prof_id` (`prof_id`),
  ADD KEY `niveau_code` (`niveau_code`),
  ADD KEY `niveau_code_2` (`niveau_code`,`specialite_code`);

--
-- Index pour la table `postuler_niveau`
--
ALTER TABLE `postuler_niveau`
  ADD PRIMARY KEY (`prof_id`,`niveau_code`,`specialite_code`),
  ADD KEY `prof_id` (`prof_id`),
  ADD KEY `niveau_code` (`niveau_code`),
  ADD KEY `niveau_code_2` (`niveau_code`,`specialite_code`);

--
-- Index pour la table `prevoir_sinistre_engin`
--
ALTER TABLE `prevoir_sinistre_engin`
  ADD PRIMARY KEY (`sinistre_code`,`engin_code`),
  ADD KEY `engin_code` (`engin_code`),
  ADD KEY `sinistre_code` (`sinistre_code`);

--
-- Index pour la table `professionnel`
--
ALTER TABLE `professionnel`
  ADD PRIMARY KEY (`id_prof`),
  ADD KEY `id_prof` (`id_prof`),
  ADD KEY `grade_code` (`grade_code`);

--
-- Index pour la table `reclamer`
--
ALTER TABLE `reclamer`
  ADD PRIMARY KEY (`niveau_code`,`type_code`,`specialite_code`),
  ADD KEY `type_code` (`type_code`,`specialite_code`),
  ADD KEY `niveau_code` (`niveau_code`,`specialite_code`);

--
-- Index pour la table `sinistre`
--
ALTER TABLE `sinistre`
  ADD PRIMARY KEY (`code_sinistre`),
  ADD KEY `type_sinistre` (`sinistre_type`),
  ADD KEY `sinistre_type` (`sinistre_type`);

--
-- Index pour la table `specialite`
--
ALTER TABLE `specialite`
  ADD PRIMARY KEY (`code_specialite`);

--
-- Index pour la table `tranche`
--
ALTER TABLE `tranche`
  ADD PRIMARY KEY (`id_tranche`);

--
-- Index pour la table `typecaserne`
--
ALTER TABLE `typecaserne`
  ADD PRIMARY KEY (`code_type_caserne`);

--
-- Index pour la table `typeengin`
--
ALTER TABLE `typeengin`
  ADD PRIMARY KEY (`code_type_engin`);

--
-- Index pour la table `typesinistre`
--
ALTER TABLE `typesinistre`
  ADD PRIMARY KEY (`code_type_sinistre`);

--
-- Index pour la table `users`
--
ALTER TABLE `users`
  ADD PRIMARY KEY (`id_user`),
  ADD KEY `id_pompier` (`id_pompier`);

--
-- Index pour la table `valider_formation_jsp`
--
ALTER TABLE `valider_formation_jsp`
  ADD PRIMARY KEY (`jsp_id`,`formation_id`),
  ADD KEY `formation_id` (`formation_id`);

--
-- Index pour la table `valider_formation_vol`
--
ALTER TABLE `valider_formation_vol`
  ADD PRIMARY KEY (`volontaire_id`,`formation_id`),
  ADD KEY `formation_id` (`formation_id`);

--
-- Index pour la table `volontaire`
--
ALTER TABLE `volontaire`
  ADD PRIMARY KEY (`id_volontaire`),
  ADD KEY `volontaire_ibfk_1` (`bip_volontaire`),
  ADD KEY `employeur_id` (`employeur_id`),
  ADD KEY `grade_code` (`grade_code`);

--
-- AUTO_INCREMENT pour les tables exportées
--

--
-- AUTO_INCREMENT pour la table `caserne`
--
ALTER TABLE `caserne`
  MODIFY `id_caserne` int(11) NOT NULL AUTO_INCREMENT, AUTO_INCREMENT=208;
--
-- AUTO_INCREMENT pour la table `employeur`
--
ALTER TABLE `employeur`
  MODIFY `id_employeur` int(11) NOT NULL AUTO_INCREMENT, AUTO_INCREMENT=166;
--
-- AUTO_INCREMENT pour la table `etablissement`
--
ALTER TABLE `etablissement`
  MODIFY `id_etablissement` int(11) NOT NULL AUTO_INCREMENT, AUTO_INCREMENT=25;
--
-- AUTO_INCREMENT pour la table `pompier`
--
ALTER TABLE `pompier`
  MODIFY `id_pompier` int(11) NOT NULL AUTO_INCREMENT, AUTO_INCREMENT=206;
--
-- AUTO_INCREMENT pour la table `users`
--
ALTER TABLE `users`
  MODIFY `id_user` int(11) NOT NULL AUTO_INCREMENT, AUTO_INCREMENT=184;
--
-- Contraintes pour les tables exportées
--

--
-- Contraintes pour la table `avoir_grade_prof`
--
ALTER TABLE `avoir_grade_prof`
  ADD CONSTRAINT `fk_grade` FOREIGN KEY (`grade_code`) REFERENCES `grade` (`code_grade`) ON DELETE CASCADE ON UPDATE CASCADE,
  ADD CONSTRAINT `fk_prof` FOREIGN KEY (`prof_id`) REFERENCES `professionnel` (`id_prof`) ON DELETE CASCADE ON UPDATE CASCADE;

--
-- Contraintes pour la table `avoir_grade_volontaire`
--
ALTER TABLE `avoir_grade_volontaire`
  ADD CONSTRAINT `fk_grade_avoir` FOREIGN KEY (`grade_code`) REFERENCES `grade` (`code_grade`) ON DELETE CASCADE ON UPDATE CASCADE,
  ADD CONSTRAINT `fk_volontaire_grade` FOREIGN KEY (`volontaire_id`) REFERENCES `volontaire` (`id_volontaire`) ON DELETE CASCADE ON UPDATE CASCADE;

--
-- Contraintes pour la table `caserne`
--
ALTER TABLE `caserne`
  ADD CONSTRAINT `caserne_ibfk_1` FOREIGN KEY (`type_caserne`) REFERENCES `typecaserne` (`code_type_caserne`) ON DELETE CASCADE ON UPDATE CASCADE;

--
-- Contraintes pour la table `engin`
--
ALTER TABLE `engin`
  ADD CONSTRAINT `engin_ibfk_1` FOREIGN KEY (`caserne_id`) REFERENCES `caserne` (`id_caserne`),
  ADD CONSTRAINT `fk_type_engin` FOREIGN KEY (`engin_type`) REFERENCES `typeengin` (`code_type_engin`) ON DELETE CASCADE ON UPDATE CASCADE;

--
-- Contraintes pour la table `jsp`
--
ALTER TABLE `jsp`
  ADD CONSTRAINT `fk_jsp_pompier` FOREIGN KEY (`id_jsp`) REFERENCES `pompier` (`id_pompier`) ON DELETE CASCADE ON UPDATE CASCADE,
  ADD CONSTRAINT `jsp_ibfk_1` FOREIGN KEY (`etab_id`) REFERENCES `etablissement` (`id_etablissement`) ON DELETE CASCADE ON UPDATE CASCADE;

--
-- Contraintes pour la table `niveau`
--
ALTER TABLE `niveau`
  ADD CONSTRAINT `niveau_ibfk_1` FOREIGN KEY (`specialite_code`) REFERENCES `specialite` (`code_specialite`);

--
-- Contraintes pour la table `periodegarde`
--
ALTER TABLE `periodegarde`
  ADD CONSTRAINT `periodegarde_ibfk_1` FOREIGN KEY (`tranche_id`) REFERENCES `tranche` (`id_tranche`) ON DELETE CASCADE ON UPDATE CASCADE;

--
-- Contraintes pour la table `planning_prof`
--
ALTER TABLE `planning_prof`
  ADD CONSTRAINT `planning_prof_ibfk_2` FOREIGN KEY (`id_etat`) REFERENCES `etat` (`code_etat`) ON DELETE CASCADE ON UPDATE CASCADE,
  ADD CONSTRAINT `planning_prof_ibfk_4` FOREIGN KEY (`id_professionnel`) REFERENCES `professionnel` (`id_prof`) ON DELETE CASCADE ON UPDATE CASCADE;

--
-- Contraintes pour la table `planning_vol`
--
ALTER TABLE `planning_vol`
  ADD CONSTRAINT `planning_vol_ibfk_2` FOREIGN KEY (`id_etat`) REFERENCES `etat` (`code_etat`) ON DELETE CASCADE ON UPDATE CASCADE,
  ADD CONSTRAINT `planning_vol_ibfk_3` FOREIGN KEY (`id_tranche`,`id_date`) REFERENCES `periodegarde` (`tranche_id`, `date_periode`) ON DELETE CASCADE ON UPDATE CASCADE,
  ADD CONSTRAINT `planning_vol_ibfk_4` FOREIGN KEY (`id_volontaire`) REFERENCES `volontaire` (`id_volontaire`) ON DELETE CASCADE ON UPDATE CASCADE;

--
-- Contraintes pour la table `pompier`
--
ALTER TABLE `pompier`
  ADD CONSTRAINT `pompier_ibfk_1` FOREIGN KEY (`caserne_id`) REFERENCES `caserne` (`id_caserne`) ON DELETE CASCADE ON UPDATE CASCADE;

--
-- Contraintes pour la table `posseder_niveau`
--
ALTER TABLE `posseder_niveau`
  ADD CONSTRAINT `fk_niveau_prof` FOREIGN KEY (`prof_id`) REFERENCES `professionnel` (`id_prof`) ON DELETE CASCADE ON UPDATE CASCADE,
  ADD CONSTRAINT `posseder_niveau_ibfk_1` FOREIGN KEY (`niveau_code`,`specialite_code`) REFERENCES `niveau` (`code_niveau`, `specialite_code`);

--
-- Contraintes pour la table `postuler_niveau`
--
ALTER TABLE `postuler_niveau`
  ADD CONSTRAINT `fk_postuler_prof` FOREIGN KEY (`prof_id`) REFERENCES `professionnel` (`id_prof`) ON DELETE CASCADE ON UPDATE CASCADE,
  ADD CONSTRAINT `postuler_niveau_ibfk_1` FOREIGN KEY (`niveau_code`,`specialite_code`) REFERENCES `niveau` (`code_niveau`, `specialite_code`);

--
-- Contraintes pour la table `prevoir_sinistre_engin`
--
ALTER TABLE `prevoir_sinistre_engin`
  ADD CONSTRAINT `fk_prevoir_engin` FOREIGN KEY (`engin_code`) REFERENCES `typeengin` (`code_type_engin`) ON DELETE CASCADE ON UPDATE CASCADE,
  ADD CONSTRAINT `fk_prevoir_sinitre` FOREIGN KEY (`sinistre_code`) REFERENCES `sinistre` (`code_sinistre`) ON DELETE CASCADE ON UPDATE CASCADE;

--
-- Contraintes pour la table `professionnel`
--
ALTER TABLE `professionnel`
  ADD CONSTRAINT `fk_prof_pompier` FOREIGN KEY (`id_prof`) REFERENCES `pompier` (`id_pompier`) ON DELETE CASCADE ON UPDATE CASCADE,
  ADD CONSTRAINT `professionnel_ibfk_1` FOREIGN KEY (`grade_code`) REFERENCES `grade` (`code_grade`);

--
-- Contraintes pour la table `reclamer`
--
ALTER TABLE `reclamer`
  ADD CONSTRAINT `reclamer_ibfk_2` FOREIGN KEY (`type_code`) REFERENCES `typeengin` (`code_type_engin`) ON DELETE CASCADE ON UPDATE CASCADE,
  ADD CONSTRAINT `reclamer_ibfk_3` FOREIGN KEY (`niveau_code`,`specialite_code`) REFERENCES `niveau` (`code_niveau`, `specialite_code`);

--
-- Contraintes pour la table `sinistre`
--
ALTER TABLE `sinistre`
  ADD CONSTRAINT `sinistre_ibfk_1` FOREIGN KEY (`sinistre_type`) REFERENCES `typesinistre` (`code_type_sinistre`) ON DELETE CASCADE ON UPDATE CASCADE;

--
-- Contraintes pour la table `users`
--
ALTER TABLE `users`
  ADD CONSTRAINT `users_ibfk_1` FOREIGN KEY (`id_pompier`) REFERENCES `pompier` (`id_pompier`);

--
-- Contraintes pour la table `valider_formation_jsp`
--
ALTER TABLE `valider_formation_jsp`
  ADD CONSTRAINT `valider_formation_jsp_ibfk_2` FOREIGN KEY (`jsp_id`) REFERENCES `jsp` (`id_jsp`) ON DELETE CASCADE ON UPDATE CASCADE,
  ADD CONSTRAINT `valider_formation_jsp_ibfk_3` FOREIGN KEY (`formation_id`) REFERENCES `formation` (`id_formation`) ON DELETE CASCADE ON UPDATE CASCADE;

--
-- Contraintes pour la table `valider_formation_vol`
--
ALTER TABLE `valider_formation_vol`
  ADD CONSTRAINT `valider_formation_vol_ibfk_1` FOREIGN KEY (`volontaire_id`) REFERENCES `volontaire` (`id_volontaire`) ON DELETE CASCADE ON UPDATE CASCADE,
  ADD CONSTRAINT `valider_formation_vol_ibfk_2` FOREIGN KEY (`formation_id`) REFERENCES `formation` (`id_formation`) ON DELETE CASCADE ON UPDATE CASCADE;

--
-- Contraintes pour la table `volontaire`
--
ALTER TABLE `volontaire`
  ADD CONSTRAINT `volontaire_ibfk_1` FOREIGN KEY (`employeur_id`) REFERENCES `employeur` (`id_employeur`) ON DELETE CASCADE ON UPDATE CASCADE,
  ADD CONSTRAINT `volontaire_ibfk_2` FOREIGN KEY (`grade_code`) REFERENCES `grade` (`code_grade`) ON DELETE CASCADE ON UPDATE CASCADE,
  ADD CONSTRAINT `volontaire_ibfk_3` FOREIGN KEY (`id_volontaire`) REFERENCES `pompier` (`id_pompier`) ON DELETE CASCADE ON UPDATE CASCADE;

/*!40101 SET CHARACTER_SET_CLIENT=@OLD_CHARACTER_SET_CLIENT */;
/*!40101 SET CHARACTER_SET_RESULTS=@OLD_CHARACTER_SET_RESULTS */;
/*!40101 SET COLLATION_CONNECTION=@OLD_COLLATION_CONNECTION */;
